a, an;indefinite, article;A1;أ
abandon;Verb;B2;تخلى
ability;Noun;A2;القدرة
able;Adjective;A2;قادر
about;prep. Adverb;A1;حول
above;prep. Adverb;A1;في الاعلى
abroad;Adverb;A2;خارج البلاد
absolute;Adjective;B2;مطلق
absolutely;Adverb;B1;إطلاقا
academic;adj, Noun;B1, B2;أكاديمي
accept;Verb;A2;قبول
acceptable;Adjective;B2;مقبول
access;Noun Verb;B1;التمكن من
accident;Noun;A2;حادث
accommodation;Noun;B1;الإقامة
accompany;Verb;B2;مرافقة
according to;prep.;A2;بالنسبة الى
account;Noun Verb;B1, B2;الحساب
accurate;Adjective;B2;دقيق
accuse;Verb;B2;اتهم
achieve;Verb;A2;التوصل
achievement;Noun;B1;إنجاز
acknowledge;Verb;B2;الإقرار
acquire;Verb;B2;يكتسب
across;prep. Adverb;A1;بجانب
act;Verb Noun;A2,B1;فعل
action;Noun;A1;عمل
active;Adjective;A2;نشيط
activity;Noun;A1;نشاط
actor;Noun;A1;الممثل
actress;Noun;A1;ممثلة
actual;Adjective;B2;فعلي
actually;Adverb;A2;فعلا
ad;Noun;B1;ميلادي
adapt;Verb;B2;تأقلم
add;Verb;A1;إضافة
addition;Noun;B1;إضافة
additional;Adjective;B2;إضافي
address;Noun Verb;A1,B2;عنوان
administration;Noun;B2;الادارة
admire;Verb;B1;معجب
admit;Verb;B1;يعترف
adopt;Verb;B2;تبنى
adult;Noun adj;A1,A2;بالغ
Advance;Noun Verb adj;B2;تقدم
Advanced;Adjective;B1;المتقدمة
Advantage;Noun;A2;مميزات
Adventure;Noun;A2;مغامرة
Advertise;Verb;A2;يعلن
Advertisement;Noun;A2;الإعلانات
Advertising;Noun;A2;إعلان
Advice;Noun Verb;A1, B1;النصيحة
affair;Noun;B2;قضية
affect;Verb;A2;تؤثر
afford;Verb;B1;تحمل
afraid;Adjective;A1;خائف
after;prep. conj. Adverb;A1,A2;بعد
afternoon;Noun;A1;بعد الظهر
afterwards;Adverb;B2;عقب ذلك مباشرة
again;Adverb;A1;مرة أخرى
against;prep;A2;ضد
age;Noun Verb;A1, B1;عمر
aged;Adjective;B1;مسن
agency;Noun;B2;وكالة
agenda;Noun;B2;جدول أعمال
agent;Noun;B1;وكيل
aggressive;Adjective;B2;العدواني
ago;Adverb;A1;منذ
agree;Verb;A1;يوافق على
agreement;Noun;B1;اتفاقية
ah;exclam.;A2;آه
ahead;Adverb;B1;امام
aid;Noun Verb;B2;مساعدة
aim;Verb Noun;B1;هدف
air;Noun;A1;هواء
aircraft;Noun;B2;الطائرات
airline;Noun;A2;شركة طيران
airport;Noun;A1;مطار
alarm;Noun Verb;B1, B2;إنذار
album;Noun;B1;الألبوم
alcohol;Noun;B1;كحول
alcoholic;Adjective;B1;سكير
alive;Adjective;A2;على قيد الحياة
all;det. pron, Adverb;A1, A2;الكل
all right;Adjective, Adverb exclam;A2;حسنا
allow;Verb;A2;السماح
almost;Adverb;A2;تقريبيا
alone;Adjective, Adverb;A2;وحده
along;prep. Adverb;A2;على طول
already;Adverb;A2;سابقا
also;Adverb;A1;أيضا
alter;Verb;B2;المذبح
alternative;Noun Adjective;A2, B1;لبديل
although;conj;A2;برغم من
always;Adverb;A1;دائما
amazed;Adjective;B1;مندهش
amazing;Adjective;A1;رائعة حقا
ambition;Noun;B1;طموح
ambitious;Adjective;B1;طموح
among;prep.;A2;من بين
amount;Noun Verb;A2, B2;كمية
analyse;Verb;B1;تحليل
analysis;Noun;B1;تحليل
ancient;Adjective;A2;عتيق
and;conj;A1;و
anger;Noun;B2;غضب
angle;Noun;B2;زاوية
angry;Adjective;A1;غاضب
animal;Noun;A1;حيوان
ankle;Noun;A2;الكاحل
anniversary;Noun;B2;ذكرى سنوية
announce;Verb;B1;أعلن
announcement;Noun;B1;إعلان
annoy;Verb;B1;تزعج
annoyed;Adjective;B1;منزعج
annoying;Adjective;B1;مزعج
annual;Adjective;B2;سنوي
another;det. proNoun;A1;آخر
answer;Noun Verb;A1;إجابة
anxious;Adjective;B2;قلق
any;det. proNoun, Adverb;A1, A2;أي
anybody;pron;A2;اي شخص
any more;Adverb;A2;أي أكثر من ذلك
anyone;pron;A1;أي واحد
anything;pron;A1;اى شى
anyway;Adverb;A2;على أي حال
anywhere;AdVerb proNoun;A2;في أى مكان
apart;Adverb;B1;بعيدا، بمعزل، على حد
apartment;Noun;A1;شقة
apologize;Verb;B1;يعتذر
app;Noun;A2;تطبيق
apparent;Adjective;B2;واضح
apparently;Adverb;B2;كما يبدو
appeal;Noun Verb;B2;مناشدة
appear;Verb;A2;يظهر
appearance;Noun;A2;مظهر خارجي
apple;Noun;A1;تفاحة
application;Noun;B1;تطبيق
apply;Verb;A2;تطبيق
appointment;Noun;B1;موعد
appreciate;Verb;B1;يقدر
approach;Noun Verb;B2;مقاربة
appropriate;Adjective;B2;مناسب
approval;Noun;B2;موافقة
approve;Verb;B2;يوافق
approximately;Adverb;B1;تقريبا
April;Noun;A1;أبريل
architect;Noun;A2;مهندس معماري
architecture;Noun;A2;هندسة معمارية
area;Noun;A1;منطقة
argue;Verb;A2;تجادل
argument;Noun;A2;جدال
arise;Verb;B2;تنشأ
arm;Noun;A1;ذراع
armed;Adjective;B2;مسلح
arms;Noun;B2;أسلحة
army;Noun;A2;جيش
around;prep. Adverb;A1;حول
arrange;Verb;A2;رتب
arrangement;Noun;A2;ترتيب
arrest;Verb Noun;B1;يقبض على
arrival;Noun;B1;وصول
arrive;Verb;A1;يصل
art;Noun;A1;فن
article;Noun;A1;مقالة - سلعة
artificial;Adjective;B2;مصطنع
artist;Noun;A1;فنان
artistic;Adjective;B2;فني
as;prep., Adverb conj.;A1, A2;مثل
ashamed;Adjective;B2;خجلان
asleep;Adjective;A2;نائم
ask;Verb;A1;يطلب
aspect;Noun;B2;جانب
assess;Verb;B2;تقييم
assessment;Noun;B2;تقدير
assignment;Noun;B1;مهمة
assist;Verb;B1;مساعدة
assistant;Noun Adjective;A2;مساعد
associate;Verb;B2;مساعد
associated;Adjective;B2;مرتبطة
association;Noun;B2;جمعية
assume;Verb;B2;افترض
at;prep.;A1;في
athlete;Noun;A2;رياضي
atmosphere;Noun;B1;الغلاف الجوي
attach;Verb;B1;يربط
attack;Noun Verb;A2;هجوم
attempt;Noun Verb;B2;محاولة
attend;Verb;A2;حضر
attention;Noun exclam.;A2;انتباه
attitude;Noun;B1;موقف سلوك
attract;Verb;B1;جذب
attraction;Noun;B1;جاذبية
attractive;Adjective;A2;ملفت للانتباه
audience;Noun;A2;جمهور
August;Noun;A1;أغسطس
aunt;Noun;A1;عمة
author;Noun;A2;مؤلف
authority;Noun;B1;السلطة
autumn;Noun;A1;الخريف
available;Adjective;A2;متاح
average;Adjective, Noun Verb;A2, B1;معدل
avoid;Verb;A2;تجنب
award;Noun Verb;A2, B1;جائزة
aware;Adjective;B1;واع
away;Adverb;A1;بعيدا
awful;Adjective;A2;سيى
baby;Noun;A1;طفل
back;Noun AdVerb Adjective, Verb;A1, A2, B2;عودة
background;Noun;A2;خلفية
backwards;Adverb;B1;الى الوراء
bacteria;Noun;B2;بكتيريا
bad;Adjective;A1;سيئة
badly;Adverb;A2;بشكل سيئ
bag;Noun;A1;كيس
bake;Verb;B1;خبز
balance;Noun Verb;B1;توازن
ball;Noun;A1;كرة
ban;Verb Noun;B1;المنع
banana;Noun;A1;موز
band;Noun;A1;فرقة
bank (money);Noun;A1;بنك (المال)
bank (river);Noun;B1;بنك (النهر)
bar;Noun Verb;A2, B2;شريط
barrier;Noun;B2;حاجز
base;Noun Verb;B1;يتمركز
baseball;Noun;A2;البيسبول
based;Adjective;A2;على أساس
basketball;Noun;A2;كرة سلة
basic;Adjective;B1;الأساسي
basically;Adverb;B2;في الأساس
basis;Noun;B1;أساس
bath;Noun;A1;حمام
bathroom;Noun;A1;دوره المياه
battery;Noun;B1;البطارية
battle;Noun Verb;B1, B2;معركة
be;Verb auxiliary Verb;A1;يكون
beach;Noun;A1;شاطئ بحر
bean;Noun;A2;فاصوليا
bear (deal with);Verb;B2;الدب (صفقة مع)
bear (animal);Noun;A2;الدب حيوان)
beat;Verb Noun;A2, B2;تغلب
beautiful;Adjective;A1;جميلة
beauty;Noun;B1;جمال
because;conj.;A1;لان
become;Verb;A1;يصبح
bed;Noun;A1;السرير
bedroom;Noun;A1;غرفة نوم
bee;Noun;B1;نحلة
beef;Noun;A2;لحم بقري
beer;Noun;A1;بيرة
before;prep., conj. Adverb;A1, A2;قبل
beg;Verb;B2;إفترض جدلا
begin;Verb;A1;ابدأ
beginning;Noun;A1;البداية
behave;Verb;A2;تصرف
behaviour;Noun;A2;سلوك
behind;prep. Adverb;A1;خلف
being;Noun;B2;يجرى
belief;Noun;B1;إيمان
believe;Verb;A1;يصدق
bell;Noun;B1;جرس
belong;Verb;A2;تنتمي
below;Adverb prep.;A1;أدناه
belt;Noun;A2;حزام
bend;Verb Noun;B1;انحناء
benefit;Verb NouNoun;A2, B1;فائدة
bent;Adjective;B2;انحنى
best;Adjective, AdVerb Noun;A1, A2;الأفضل
bet;Verb Noun;B2;رهان
better;Adjective , Adverb , Noun;A1, A2, B1;أفضل
between;prep., Adverb;A1, A2;ما بين
beyond;prep. Adverb;B2;وراء
bicycle;Noun;A1;دراجة
big;Adjective;A1;كبير
bike;Noun;A1;دراجة هوائية
bill;Noun Verb;A1, B2;مشروع قانون
billion number; ;A2;مليار العدد
bin;Noun;A2;سلة مهملات
biology;Noun;A2;مادة الاحياء
bird;Noun;A1;طائر
birth;Noun;A2;ولادة
birthday;Noun;A1;عيد الميلاد
biscuit;Noun;A2;بسكويت
bit;Noun;A2;قليلا
bite;Verb Noun;B1;عضة
bitter;Adjective;B2;مرارة - مر
black;Adjective, Noun;A1;أسود
blame;Verb Noun;B2;لوم
blank;Adjective, Noun;A2;فراغ
blind;Adjective;B2;بليند
block;Noun Verb;B1;منع
blog;Noun;A1;مدونة
blonde;Adjective;A1;شقراء
blood;Noun;A2;دم
blow;Verb;A2;نفخ
blue;Adjective, Noun;A1;أزرق
board;Noun Verb;A2, B1;مجلس
boat;Noun;A1;قارب
body;Noun;A1;الجسم
boil;Verb;A2;دمل
bomb;Noun Verb;B1;قنبلة
bond;Noun;B2;كفالة
bone;Noun;A2;عظم
book;Noun Verb;A1, A2;كتاب
boot;Noun;A1;حذاء طويل
border;Noun Verb;B1, B2;الحدود
bored;Adjective;A1;ضجر
boring;Adjective;A1;ممل
born;Verb;A1;مولود
borrow;Verb;A2;اقتراض
boss;Noun;A2;رئيس
both;det./proNoun;A1;على حد سواء
bother;Verb;B1;يزعج
bottle;Noun;A1;زجاجة
bottom;NouNoun Adjective;A2;الأسفل
bowl;Noun;A2;عاء
box;Noun;A1;صندوق
boy;Noun;A1;صبي
boyfriend;Noun;A1;حبيب
brain;Noun;A2;دماغ
branch;Noun;B1;فرع شجرة
brand;Noun Verb;B1;علامة تجارية
brave;Adjective;B1;شجاع
bread;Noun;A1;خبز
break;Verb Noun;A1;استراحة
breakfast;Noun;A1;وجبة افطار
breast;Noun;B2;ثدي
breath;Noun;B1;نفس
breathe;Verb;B1;نفس
breathing;Noun;B1;عمليه التنفس
bride;Noun;B1;عروس
bridge;Noun;A2;جسر
brief;Adjective;B2;نبذة
bright;Adjective;A2;مشرق
brilliant;Adjective;A2;متألق
bring;Verb;A1;احضر
broad;Adjective;B2;عريض
broadcast;Verb Noun;B2;بث
broken;Adjective;A2;كسر
brother;Noun;A1;شقيق
brown;Adjective, Noun;A1;بنى
brush;Verb Noun;A2;فرشاة
bubble;Noun;B1;فقاعة
budget;Noun;B2;ميزانية
build;Verb;A1;بناء
building;Noun;A1;بناء
bullet;Noun;B2;رصاصة
bunch;Noun;B2;باقة
burn;Verb Noun;A2, B2;حرق
bury;Verb;B1;دفن
bus;Noun;A1;حافلة
bush;Noun;B2;دفع
business;Noun;A1;اعمال
businessman;Noun;A2;رجل اعمال
busy;Adjective;A1;مشغول
but;conj. prep;A1, B2;لكن
butter;Noun;A1;زبدة
button;Noun;A2;زر
buy;Verb;A1;يشترى
by;prep. Adverb;A1, B1;بواسطة
bye;exclam;A1;وداعا
cable;Noun;B2;كابل
cafe;Noun;A1;كافيه
cake;Noun;A1;كيك
calculate;Verb;B2;حساب
call;Verb Noun;A1;مكالمة
calm;Adjective Verb Noun;B1;هدوء
camera;Noun;A1;الة تصوير
camp;Noun Verb;A2;معسكر
campaign;Noun Verb;B1;حملة
camping;Noun;A2;تخييم
campus;Noun;B1;الحرم الجامعي
can1;modal Verb;A1;CAN1
can2;Noun;A2;can2
cancel;Verb;B2;إلغاء
cancer;Noun;B2;سرطان
candidate;Noun;B1;مرشح
cannot;Verb;A1;لا تستطيع
cap;Noun;B1;قبعة
capable;Adjective;B2;قادر على
capacity;Noun;B2;سعة
capital;Noun Adjective;A1;عاصمة
captain;Noun;B1;قائد المنتخب
capture;Verb Noun;B2;إلتقاط
car;Noun;A1;سيارة
card;Noun;A1;بطاقة
care;Noun Verb;A2;رعاية
career;Noun;A1;مسار مهني مسار وظيفي
careful;Adjective;A2;حذر
carefully;Adverb;A2;بحرص
careless;Adjective;B1;غير مبالي
carpet;Noun;A2;سجادة
carrot;Noun;A1;جزرة
carry;Verb;A1;احمل
cartoon;Noun;A2;رسوم متحركة
case;Noun;A2;قضية
cash;Noun;A2;السيولة النقدية
cast;Noun Verb;B2;المصبوب
castle;Noun;A2;قلعة
cat;Noun;A1;قط
catch;Verb Noun;A2, B2;قبض على
category;Noun;B1;الفئة
cause;Noun Verb;A2;سبب
CD;Noun;A1;القرص المضغوط
ceiling;Noun;B1;سقف
celebrate;Verb;A2;احتفل
celebration;Noun;B1;احتفال
celebrity;Noun;A2;نجاح كبير
cell;Noun;B2;زنزانة
cent;Noun;A1;سنت
central;Adjective;B1;وسط
centre;Noun Verb;A1, B1;مركز
century;Noun;A1;مئة عام
ceremony;Noun;B1;مراسم
certain;Adjective;A2;المؤكد
certainly;Adverb;A2;من المؤكد
chain;Noun Verb;B1, B2;سلسلة
chair;Noun Verb;A1, B2;كرسي
chairman;Noun;B2;رئيس
challenge;Noun Verb;B1, B2;تحد
champion;Noun;B1;بطل
chance;Noun;A2;فرصة
change;Verb Noun;A1;يتغيرون
channel;Noun;B1;قناة
chapter;Noun;B1;الفصل
character;Noun;A2;حرف
characteristic;Noun Adjective;B2;صفة مميزة
charge;Noun Verb;B1;الشحنة
charity;Noun;A2;الاعمال الخيرية
chart;Noun Verb;A1, B2;خريطة
chat;Verb Noun;A2;دردشة
cheap;Adjective , Adverb;A1, B1;رخيص
cheat;Verb Noun;B1;غش
check;Verb Noun;A1, A2;التحقق من
chef;Noun;A2;طاه
cheerful;Adjective;B1;مرح
cheese;Noun;A1;جبنه
chemical;Adjective, Noun;B1;المواد الكيميائية
chemistry;Noun;A2;كيمياء
chest;Noun;B1;صدر
chicken;Noun;A1;دجاج
chief;Adjective, Noun;B2;رئيس
child;Noun;A1;طفل
childhood;Noun;B1;مرحلة الطفولة
chip;Noun;A2;رقاقة
chocolate;Noun;A1;شوكولاتة
choice;Noun;A2;خيار
choose;Verb;A1;أختر
church;Noun;A2;كنيسة
cigarette;Noun;A2;سيجارة
cinema;Noun;A1;سينما
circle;Noun Verb;A2;دائرة
circumstance;Noun;B2;ظرف
cite;Verb;B2;استشهد
citizen;Noun;B2;مواطن
city;Noun;A1;مدينة
civil;Adjective;B2;مدني
claim;Verb Noun;B1;يطالب
class;Noun;A1;صف دراسي
classic;Adjective, Noun;B2;كلاسيكي
classical;Adjective;A2;كلاسيكي
classroom;Noun;A1;قاعة الدراسة
clause;Noun;B1;بند
clean;Adjective, Verb;A1;نظيف
clear;Adjective, Verb;A2, B1;واضح
clearly;Adverb;A2;بوضوح
clever;Adjective;A2;ذكي
click;Verb Noun;B1;انقر
client;Noun;B1;عميل
climate;Noun;A2;مناخ
climb;Verb Noun;A1, B1;تسلق
clock;Noun;A1;ساعة حائط
close1;Verb Noun;A1, B2;close1
close2;Adjective , Adverb;A2, B1;close2
closed;Adjective;A2;مغلق
closely;Adverb;B2;بعناية
cloth;Noun;B1;قماش
clothes;Noun;A1;ملابس
clothing;Noun;A2;ملابس
cloud;Noun;A2;غيم
club;Noun;A1;النادي
clue;Noun;B1;دليل
coach;Noun Verb;A2, B1;مدرب
coal;Noun;B1;فحم
coast;Noun;A2;ساحل
coat;Noun;A1;معطف
code;Noun;A2;الشفرة
coffee;Noun;A1;قهوة
coin;Noun;B1;عملة
cold;Adjective Noun;A1;البرد
collapse;Verb Noun;B2;انهيار
colleague;Noun;A2;زميل
collect;Verb;A2;تجميع
collection;Noun;B1;مجموعة
college;Noun;A1;كلية
colour;Noun;A1;اللون
coloured;Adjective;B1;ملون
column;Noun;A2;عمود
combination;Noun;B2;مزيج
combine;Verb;B1;دمج
come;Verb;A1;تأتي
comedy;Noun;A2;كوميديا
comfort;Noun Verb;B2;راحة
comfortable;Adjective;A2;مريح
command;Noun Verb;B2;أمر
comment;Noun Verb;A2, B1;تعليق
commercial;Adjective Noun;B1;تجاري
commission;Noun Verb;B2;عمولة
commit;Verb;B1;ارتكب
commitment;Noun;B2;التزام
committee;Noun;B2;لجنة
common;Adjective Noun;A1;مشترك
commonly;Adverb;B2;عادة
communicate;Verb;A2;نقل
communication;Noun;B1;الاتصالات
community;Noun;A2;تواصل اجتماعي
company;Noun;A1;شركة
compare;Verb;A1;قارن
comparison;Noun;B1;مقارنة
compete;Verb;A2;تنافس
competition;Noun;A2;منافسة
competitor;Noun;B1;منافس
competitive;Adjective;B1;منافس
complain;Verb;A2;تذمر
complaint;Noun;B1;شكوى
complete;Adjective Verb;A1;اكتمال
completely;Adverb;A2;تماما
complex;Adjective, Noun;B1, B2;مركب
complicated;Adjective;B2;معقد
component;Noun;B2;مكون
computer;Noun;A1;الحاسوب
concentrate;Verb;B1;تركيز
concentration;Noun;B2;تركيز
concept;Noun;B2;مفهوم
concern;Noun Verb;B2;الاهتمام
concerned;Adjective;B2;المعنية
concert;Noun;A1;حفلة موسيقية
conclude;Verb;B1;نستنتج
conclusion;Noun;B1;استنتاج
condition;Noun;A2;حالة
conduct;Verb Noun;B2;سلوك
conference;Noun;A2;مؤتمر
confidence;Noun;B2;الثقة
confident;Adjective;B1;موثوق
confirm;Verb;B1;تؤكد
conflict;Noun Verb;B2;نزاع
confuse;Verb;B1;الخلط
confused;Adjective;B1;مشوش
confusing;Adjective;B2;مربك
connect;Verb;A2;الاتصال
connected;Adjective;A2;متصل
connection;Noun;B1;الإتصال
conscious;Adjective;B2;واع
consequence;Noun;B1;نتيجة
conservative;Adjective, Noun;B2;تحفظا
consider;Verb;A2;يعتبر
consideration;Noun;B2;الاعتبار
consist;Verb;B1;تتألف
consistent;Adjective;B2;ثابتة
constant;Adjective;B2;ثابت
constantly;Adverb;B2;باستمرار
construct;Verb;B2;بناء
construction;Noun;B2;اعمال بناء
consume;Verb;B1;تستهلك
consumer;Noun;B1;مستهلك
contact;Noun Verb;B1;اتصل
contain;Verb;A2;يحتوي
container;Noun;B1;حاوية
contemporary;Adjective;B2;معاصر
content;Noun;B1;المحتوى
contest;Noun Verb;B2;مسابقة
context;Noun;A2;سياق الكلام
continent;Noun;A2;قارة
continue;Verb;A2;استمر
continuous;Adjective;B1;مستمر
contract;Noun Verb;B2;عقد
contrast;Noun Verb;B1;التباين
contribute;Verb;B2;مساهمة
contribution;Noun;B2;إسهام
control;Noun Verb;A2;مراقبة
convenient;Adjective;B1;مناسب
conversation;Noun;A1;محادثة
convert;Verb;B2;تحويل
convince;Verb;B1;إقناع
convinced;Adjective;B2;قناعة
cook;Verb Noun;A1, A2;يطبخ
cooker;Noun;A2;فرن
cooking;Noun;A1;طبخ
cool;Adjective, Verb;A1, B1;بارد
copy;Noun Verb;A2;نسخ
core;Noun Adjective;B2;النواة
corner;Noun;A2;ركن
corporate;Adjective;B2;الشركات
correct;Adjective Verb;A1;صيح
correctly;Adverb;A2;بشكل صحيح
cost;Noun Verb;A1;كلفة
costume;Noun;B1;زي
cottage;Noun;B1;كوخ
cotton;Noun;B1;قطن
could;Verb;A1;استطاع
council;Noun;B2;مجلس
count;Verb Noun;A2, B1;عد
country;Noun;A1;بلد
countryside;Noun;B1;الجانب القطري
county;Noun;B2;مقاطعة
couple;Noun;A2;زوجان
courage;Noun;B2;شجاعة
course;Noun;A1;دورة
court;Noun;B1;محكمة
cousin;Noun;A1;ولد عم
cover;Verb Noun;A2, B1;التغطية
covered;Adjective;B1;مغطى
cow;Noun;A1;بقرة
crash;Noun Verb;B2;يصطدم
crazy;Adjective;A2;مجنون
cream;Noun Adjective;A1, B1;كريم
create;Verb;A1;خلق
creation;Noun;B2;خلق
creative;Adjective;A2;خلاق
creature;Noun;B2;مخلوق
credit;Noun Verb;A2, B2;ائتمان
crew;Noun;B2;طاقم
crime;Noun;A2;جريمة
criminal;Noun Adjective;A2, B1;مجرم
crisis;Noun;B2;أزمة
criterion;Noun;B2;معيار
critic;Noun;B2;الناقد
critical;Adjective;B2;حرج
criticism;Noun;B2;نقد
criticize;Verb;B2;ينتقد
crop;Noun;B2;ا & قتصاص
cross;Verb Noun;A2;تعبر
crowd;Noun;A2;يحشد
crowded;Adjective;A2;مزدحما
crucial;Adjective;B2;مهم
cruel;Adjective;B1;قاسي
cry;Verb Noun;A2, B2;يبكي
cultural;Adjective;B1;ثقافي
culture;Noun;A1;حضاره
cup;Noun;A1;كوب
cupboard;Noun;A2;مخزنة
cure;Verb Noun;B2;شفاء
curly;Adjective;A2;مجعد
currency;Noun;B1;عملة
current;Adjective, Noun;B1, B2;تيار
currently;Adverb;B1;حاليا
curtain;Noun;B1;ستارة
curve;Noun Verb;B2;منحنى
curved;Adjective;B2;منحن
custom;Noun;B1;مخصص
customer;Noun;A1;زبون
cut;Verb , Noun;A1, B1;يقطع
cycle;Noun Verb;A2, B1;دورة
dad;Noun;A1;بابا
daily;Adjective, Adverb;A2, B1;اليومي
damage;Noun Verb;B1;ضرر
dance;Noun Verb;A1;الرقص
dancer;Noun;A1;راقصة
dancing;Noun;A1;رقص
danger;Noun;A2;خطر
dangerous;Adjective;A1;خطير
dark;Adjective, Noun;A1, A2;داكن
data;Noun;A2;البيانات
date;Noun Verb;A1, B2;تاريخ
daughter;Noun;A1;ابنة
day;Noun;A1;يوم
dead;Adjective;A2;ميت
deal;Verb Noun;A2, B1;صفقة
dear;Adjective, exclam;A1, A2;العزيز
death;Noun;A2;الموت
debate;Noun Verb;B2;النقاش
debt;Noun;B2;دين
decade;Noun;B1;عقد
December;Noun;A1;ديسمبر
decent;Adjective;B2;لائق
decide;Verb;A1;قرر
decision;Noun;A2;قرار
declare;Verb;B2;تعلن
decline;Verb Noun;B2;انخفاض
decorate;Verb;B1;تزيين
decoration;Noun;B2;زخرفة
decrease;Verb Noun;B2;تخفيض
deep;Adjective, Adverb;A2, B1;عميق
deeply;Adverb;B2;بشدة
defeat;Verb Noun;B2;يهزم
defence;Noun;B2;دفاع
defend;Verb;B2;الدفاع
define;Verb;B1;حدد
definite;Adjective;B1;واضح
definitely;Adverb;A2;قطعا
definition;Noun;B1;تعريف
degree;Noun;A2;الدرجة العلمية
delay;Verb Noun;B2;تأخير
deliberate;Adjective;B2;متعمد
deliberately;Adverb;B2;عن عمد
delicious;Adjective;A1;لذيذ
delight;Verb Noun;B2;بهجة
delighted;Adjective;B2;في منتهى السعادة
deliver;Verb;B1;ايصال
delivery;Noun;B2;توصيل
demand;Noun Verb;B2;الطلب
demonstrate;Verb;B2;يتظاهر
dentist;Noun;A2;دكتورالاسنان
deny;Verb;B2;أنكر
department;Noun;A2;قسم
departure;Noun;B1;مغادرة
depend;Verb;A2;تعتمد
depressed;Adjective;B2;مكتئب
depressing;Adjective;B2;محزن
depth;Noun;B2;عمق
describe;Verb;A1;وصف
description;Noun;A1;وصف
desert;Noun Verb;A2, B2;صحراء
deserve;Verb;B2;استحق
design;Noun Verb;A1;التصميم
designer;Noun;A2;مصمم
desire;Noun Verb;B2;رغبة
desk;Noun;A1;مكتب
desperate;Adjective;B2;يائس
despite;prep;B1;على الرغم من
destination;Noun;B1;المكان المقصود
destroy;Verb;A2;هدم
detail;Noun Verb;A1, B2;التفاصيل
detailed;Adjective;B2;مفصلة
detect;Verb;B2;الكشف
detective;Noun;A2;المحقق
determine;Verb;B1;تحديد
determined;Adjective;B1;تحدد
develop;Verb;A2;طور
development;Noun;B1;تطوير
device;Noun;A2;جهاز
diagram;Noun;B1;رسم بياني
dialogue;Noun;A1;حوار
diamond;Noun;B1;الماس
diary;Noun;A2;مذكرات
dictionary;Noun;A1;قاموس
die;Verb;A1;موت
diet;Noun;A1;حمية
difference;Noun;A1;فرق
different;Adjective;A1;مختلف
differently;Adverb;A2;بشكل مختلف
difficult;Adjective;A1;صعب
difficulty;Noun;B1;صعوبة
dig;Verb;B2;حفر
digital;Adjective;A2;رقمي
dinner;Noun;A1;وجبة عشاء
direct;Adjective, Verb Adverb;A2, B1;مباشرة
direction;Noun;A2;اتجاه
directly;Adverb;B1;مباشرة
director;Noun;A2;مخرج
dirt;Noun;B1;التراب
dirty;Adjective;A1;قذر
Dis Adverbantage;Noun;B1;ديس Adverbantage
disagree;Verb;A2;تعارض
disappear;Verb;A2;اختفى
disappointed;Adjective;B1;خائب الامل
disappointing;Adjective;B1;مخيب للامال
disaster;Noun;A2;كارثة
disc;Noun;B2;القرص
discipline;Noun;B2;انضباط
discount;Noun Verb;B1, B2;خصم
discover;Verb;A2;اكتشف
discovery;Noun;A2;اكتشاف
discuss;Verb;A1;مناقشة
discussion;Noun;A2;نقاش
disease;Noun;A2;مرض
dish;Noun;A1;طبق
dishonest;Adjective;B2;غير أمين
dislike;Verb Noun;B1;لم يعجبنى
dismiss;Verb;B2;رفض
display;Verb Noun;B2;عرض
distance;Noun;A2;مسافة
distribute;Verb;B2;نشر
distribution;Noun;B2;توزيع
district;Noun;B2;منطقة
divide;Verb Noun;B1, B2;يقسم
division;Noun;B2;قطاع
divorced;Adjective;A2;مطلقة
do;Verb auxiliary verb;A1;فعل
doctor;Noun;A1;طبيب
document;Noun Verb;A2, B2;وثيقة
documentary;Noun;B1;وثائقي
dog;Noun;A1;الكلب
dollar;Noun;A1;دولار
domestic;Adjective;B2;المنزلي
dominate;Verb;B2;تسيطر
donate;Verb;B1;تبرع
door;Noun;A1;باب
double;Adjective det. proNoun Verb , Adverb;A2, B1;مزدوج
doubt;Noun Verb;B1;شك
down;Adverb Prep;A1;أسفل
download;Verb Noun;A2;تحميل
downstairs;Adverb , Adjective;A1, A2;الطابق الأسفل
downwards;Adverb;B2;إلى أسفل
dozen;Noun det;B2;دزينة
draft;Noun Verb;B2;مشروع
drag;Verb;B2;سحب
drama;Noun;A2;دراما
dramatic;Adjective;B2;دراماتيكي
draw;Verb;A1;رسم
drawing;Noun;A2;رسم
dream;Noun Verb;A2;حلم
dress;Noun Verb;A1;فستان
dressed;Adjective;B1;يرتدي
drink;Noun Verb;A1;يشرب
drive;Verb Noun;A1, A2;قيادة
driver;Noun;A1;سائق
driving;Noun;A2;القيادة
drop;Verb Noun;A2, B1;قطرة
drug;Noun;A2;دواء
drum;Noun;B1;طبل
drunk;Adjective;B1;سكران
dry;Adjective, Verb;A2;جاف
due;Adjective;B1;بسبب
during;prep;A1;أثناء
dust;Noun;B1;غبار
duty;Noun;B1;مهمة
DVD;Noun;A1;DVD
each;det./proNoun/Adverb;A1;كل
ear;Noun;A1;إذن
early;Adjective Adverb;A1;مبكرا
earn;Verb;A2;كسب
earth;Noun;A2;أرض
earthquake;Noun;B1;هزة أرضية
easily;Adverb;A2;بسهولة
east;Noun Adjective Adverb;A1;الشرق
eastern;Adjective;B1;الشرقية
easy;Adjective;A1;سهل
eat;Verb;A1;تأكل
economic;Adjective;B1;اقتصادي
economy;Noun;B1;اقتصاد
edge;Noun;B1;حافة
edit;Verb;B2;تعديل
edition;Noun;B2;الإصدار
editor;Noun;B1;محرر
educate;Verb;B1;تعليم
educated;Adjective;B1;متعلم
education;Noun;A2;التعليم
educational;Adjective;B1;تربوي
effect;Noun;A2;تأثير
effective;Adjective;B1;فعال
effectively;Adverb;B1;على نحو فعال
efficient;Adjective;B2;فعالة
effort;Noun;B1;مجهود
egg;Noun;A1;بيضة
eight;number;A1;ثمانية
eighteen;number;A1;الثامنة عشر
eighty;number;A1;ثمانون
either;det./proNoun Adverb;A2;إما
elderly;Adjective;B2;كبار السن
elect;Verb;B2;منتخب
election;Noun;B1;انتخاب
electric;Adjective;A2;كهربائي
electrical;Adjective;A2;الكهرباء
electricity;Noun;A2;كهرباء
electronic;Adjective;A2;إلكتروني
element;Noun;B1;جزء
elephant;Noun;A1;فيل
eleven;number;A1;أحد عشر
else;Adverb;A1;آخر
elsewhere;Adverb;B2;في مكان آخر
email;Noun Verb;A1;البريد الإلكتروني
embarrassed;Adjective;B1;أحرجت
embarrassing;Adjective;B1;محرج
emerge;Verb;B2;يظهر
emergency;Noun;B1;حالة طوارئ
emotion;Noun;B1;المشاعر
emotional;Adjective;B2;عاطفي
emphasis;Noun;B2;تشديد
emphasize;Verb;B2;التأكيد على
employ;Verb;A2;توظيف
employee;Noun;A2;موظف
employer;Noun;A2;صاحب العمل
employment;Noun;B1;توظيف
empty;Adjective, Verb;A2, B1;فارغة
enable;Verb;B2;ممكن
encounter;Verb Noun;B2;يواجه .. ينجز
encourage;Verb;B1;التشجيع
end;Noun Verb;A1;النهاية
ending;Noun;A2;إنهاء
enemy;Noun;B1;العدو
energy;Noun;A2;طاقة
engage;Verb;B2;يشترك - ينخرط
engaged;Adjective;B1;مخطوب \ مخطوبة
engine;Noun;A2;محرك
engineer;Noun;A2;مهندس
engineering;Noun;B1;هندسة
enhance;Verb;B2;تحسين
enjoy;Verb;A1;استمتع
enormous;Adjective;A2;ضخم
enough;det. proNoun Adverb;A1;كافية
enquiry;Noun;B2;تحقيق
ensure;Verb;B2;التأكد من
enter;Verb;A2;أدخل
entertain;Verb;B1;ترفيه
entertainment;Noun;B1;وسائل الترفيه
enthusiasm;Noun;B2;حماس
enthusiastic;Adjective;B2;متحمس
entire;Adjective;B2;كامل
entirely;Adverb;B2;تماما
entrance;Noun;B1;مدخل
entry;Noun;B1;دخول
environment;Noun;A2;بيئة
environmental;Adjective;B1;بيئي
episode;Noun;B1;حلقة
equal;Adjective, Verb Noun;B1, B2;مساو
equally;Adverb;B1;بالتساوي
equipment;Noun;A2;معدات
error;Noun;A2;خطأ
escape;Verb Noun;B1;هرب
especially;Adverb;A2;خصوصا
essay;Noun;A2;مقال
essential;Adjective;B1;أساسى
establish;Verb;B2;إنشاء
estate;Noun;B2;ملكية
estimate;Verb Noun;B2;تقدير
ethical;Adjective;B2;أخلاقي
euro;Noun;A1;اليورو
evaluate;Verb;B2;تقييم
even;AdVerb Adjective;A1, B2;حتى في
evening;Noun;A1;مساء
event;Noun;A1;حدث
eventually;Adverb;B1;في النهاية
ever;Adverb;A1;أبدا
every;det;A1;كل
everybody;proNoun;A1;الجميع
everyday;Adjective;A2;كل يوم
everyone;proNoun;A1;كل واحد
everything;proNoun;A1;كل شىء
everywhere;Adverb;A2;في كل مكان
evidence;Noun;A2;دليل
evil;Adjective, Noun;B2;شرير
exact;Adjective;A2;دقيق
exactly;Adverb;A2;بالضبط
exam;Noun;A1;امتحان
examination;Noun;B2;فحص
examine;Verb;B1;فحص
example;Noun;A1;مثال
excellent;Adjective;A2;ممتاز
except;prep, conj;A2, B1;إلا
exchange;Noun Verb;B1;تبادل
excited;Adjective;A1;فرح
excitement;Noun;B1;إثارة
exciting;Adjective;A1;مثير
excuse;Noun Verb;B2;عذر
executive;Noun Adjective;B2;تنفيذي
exercise;Noun Verb;A1;ممارسه الرياضه
exhibition;Noun;B1;معرض
exist;Verb;A2;يوجد
existence;Noun;B2;وجود
expand;Verb;B1;وسعت
expect;Verb;A2;توقع
expectation;Noun;B2;توقع
expected;Adjective;B1;متوقع
expedition;Noun;B1;البعثة
expense;Noun;B2;مصروف
expensive;Adjective;A1;مكلفة
experience;Noun Verb;A2, B1;تجربة
experienced;Adjective;B1;يختبر
experiment;Noun Verb;A2, B1;تجربة
expert;Noun Adjective;A2;خبير
explain;Verb;A1;يشرح
explanation;Noun;A2;تفسير
explode;Verb;B1;ينفجر
exploration;Noun;B2;استكشاف
explore;Verb;B1;يكتشف
explosion;Noun;B1;انفجار
export;Noun Verb;B1;تصدير
expose;Verb;B2;تعرض
express;Verb;A2;التعبير
expression;Noun;A2;التعبير
extend;Verb;B2;تمديد
extent;Noun;B2;مدى
external;Adjective;B2;خارجي
extra;Adjective, Noun Adverb;A1, B1;إضافي
extraordinary;Adjective;B2;استثنائي
extreme;Adjective, Noun;A2, B2;أقصى
extremely;Adverb;A2;الى ابعد حد
eye;Noun;A1;عين
face;Noun Verb;A1, B1;وجه
facility;Noun;B2;منشأة
fact;Noun;A1;حقيقة
factor;Noun;A2;عامل
factory;Noun;A2;مصنع
fail;Verb;A2;فشل
failure;Noun;B2;بالفشل
fair;Adjective;A2;معرض
fairly;Adverb;B1;تماما
faith;Noun;B2;إيمان
fall;Verb Noun;A1, A2;خريف
FALSE;Adjective;A1;خاطئة
familiar;Adjective;B1;مألوف
family;Noun Adjective;A1;أسرة
famous;Adjective;A1;مشهور
fan;Noun;A2;معجب
fancy;Verb Adjective;B1;مولع ب
fantastic;Adjective;A1;رائع
far;Adverb , Adjective;A1, B1;بعيدا
farm;Noun Verb;A1, A2;مزرعة
farmer;Noun;A1;مزارع
farming;Noun;A2;زراعة
fascinating;Adjective;B1;ساحر
fashion;Noun;A2;موضه
fashionable;Adjective;B1;الموضة
fast;Adjective, Adverb;A1;بسرعة
fasten;Verb;B1;ربط
fat;Adjective, Noun;A1, A2;سمين
father;Noun;A1;الآب
fault;Noun;B2;خطأ
favour;Noun Verb;B1, B2;محاباة
favourite;Adjective, Noun;A1;مفضل
fear;Noun Verb;A2, B1;خوف
feather;Noun;B2;ريشة
feature;Noun Verb;A2, B1;خاصية
February;Noun;A1;شهر فبراير
fee;Noun;B2;رسوم
feed;Verb Noun;A2, B2;تغذية
feedback;Noun;B2;ردود الفعل
feel;Verb Noun;A1, B2;يشعر
feeling;Noun;A1;شعور
fellow;Adjective;B2;زميل
female;Adjective, Noun;A2;أنثى
fence;Noun;B1;سور
festival;Noun;A1;مهرجان
few;det./Adjective, proNoun;A1;قليل
fiction;Noun;A2;خيال
field;Noun;A2;حقل
fifteen;number;A1;خمسة عشر
fifth;number;A1;خامس
fifty;number;A1;خمسون
fight;Verb Noun;A2;يقاتل
fighting;Noun;B1;قتال
figure;Noun Verb;A2, B2;الشكل
file;Noun Verb;B1, B2;ملف
fill;Verb;A1;ملء
film;Noun Verb;A1, A2;فيلم
final;Adjective, Noun;A1, A2;نهائي
finally;Adverb;A2;أخيرا
finance;Noun Verb;B2;المالية
financial;Adjective;B1;الأمور المالية
find;Verb;A1;تجد
finding;Noun;B2;العثور على
fine;Adjective;A1;غرامة
finger;Noun;A2;اصبع اليد
finish;Verb Noun;A1, A2;إنهاء
fire;Noun Verb;A1, B1;نار
firm;Noun;B2;حازم
first;det./number.AdVerb Noun;A1, A2;أول
firstly;Adverb;A2;أولا
fish;Noun Verb;A1, A2;سمك
fishing;Noun;A2;صيد السمك
fit;Verb Adjective;A2;لائق بدنيا
fitness;Noun;B1;اللياقه البدنيه
five;number;A1;خمسة
fix;Verb Noun;A2, B2;الإصلاح
fixed;Adjective;B1;ثابت
flag;Noun;B1;علم
flame;Noun;B2;لهب
flash;Noun Verb;B2;فلاش
flat;Noun Adjective;A1, A2;مسطحة
flexible;Adjective;B2;مرن
flight;Noun;A1;طيران
float;Verb;B2;تطفو
flood;Noun Verb;B1;فيضان
floor;Noun;A1;أرضية
flour;Noun;B1;طحين
flow;Verb Noun;B1;تدفق
flower;Noun;A1;زهرة
flu;Noun;A2;أنفلونزا
fly;Verb Noun;A1, A2;يطير
flying;Noun Adjective;A2;طيران
focus;Verb Noun;A2;التركيز
fold;Verb Noun;B1, B2;يطوى
folding;Adjective;B2;للطي
folk;Noun Adjective;B1;قوم
follow;Verb;A1;إتبع
following;Adjective, Noun prep;A2, B1, B2;التالية
food;Noun;A1;طعام
foot;Noun;A1;قدم
football;Noun;A1;كرة القدم
for;prep.;A1;إلى عن على
force;NounVerb;B1;فرض
foreign;Adjective;A2;أجنبي
forest;Noun;A2;غابة
forever;Adverb;B1;إلى الأبد
forget;Verb;A1;ننسى
forgive;Verb;B2;غفر
fork;Noun;A2;فرع
form;NounVerb;A1;شكل
formal;Adjective;A2;رسمي
former;Adjective;B2;سابق
fortunately;Adverb;A2;لحسن الحظ
fortune;Noun;B2;ثروة
forty;number;A1;أربعين
forward;AdVerb Adjective;A2, B2;إلى الأمام
found;Verb;B2;وجدت
four;number;A1;أربعة
fourteen;number;A1;أربعة عشرة
fourth;number;A1;رابع
frame;NounVerb;B1;الإطار
free;Adjective, AdVerb Verb;A1,A2,B2;مجانا
freedom;Noun;B2;حرية
freeze;Verb;B1;تجمد
frequency;Noun;B2;تكرر
frequently;Adverb;B1;في كثير من الأحيان
fresh;Adjective;A2;طازج
Friday;Noun;A1;يوم الجمعة
fridge;Noun;A2;ثلاجة
friend;Noun;A1;صديق
friendly;Adjective;A1;ودود
friendship;Noun;B1;صداقة
frighten;Verb;B1;أرعب
frightened;Adjective;B1;خائف
frightening;Adjective;B1;مخيف
frog;Noun;A2;ضفدع
from;prep;A1;من عند
front;Noun Adjective;A1;أمامي
frozen;Adjective;B1;مجمد
fruit;Noun;A1;فاكهة
fry;Verb;B1;يقلى
fuel;Noun Verb;B1, B2;وقود
full;Adjective;A1;ممتلئ
fully;Adverb;B2;تماما
fun;Noun Adjective;A1, A2;مرح
function;Noun Verb;B1, B2;وظيفة
fund;Noun Verb;B2;الأموال
fundamental;Adjective;B2;أساسي
funding;Noun;B2;التمويل
funny;Adjective;A1;مضحك
fur;Noun;B1;فرو
furniture;Noun;A2;أثاث المنزل
further;Adjective, Adverb;A2, B1;بالإضافة إلى ذلك
furthermore;Adverb;B2;علاوة على ذلك
future;Noun Adjective;A1, A2;مستقبل
gain;Verb Noun;B2;كسب
gallery;Noun;A2;صالة عرض
game;Noun;A1;لعبه
gang;Noun;B2;عصابة
gap;Noun;A2;الفارق
garage;Noun;B1;كراج
garden;Noun;A1;حديقة
gas;Noun;A2;غاز
gate;Noun;A2;بوابة
gather;Verb;B1;جمع
general;Adjective;A2;جنرال لواء
generally;Adverb;B1;عموما
generate;Verb;B2;انشاء
generation;Noun;B1;توليد
generous;Adjective;B1;كريم - سخي
genre;Noun;B2;نوع أدبي
gentle;Adjective;B1;لطيف
gentleman;Noun;B1;انسان محترم
geography;Noun;A1;جغرافية
get;Verb;A1;احصل على
ghost;Noun;B1;شبح
giant;Adjective, Noun;B1;عملاق
gift;Noun;A2;هدية مجانية
girl;Noun;A1;فتاة
girlfriend;Noun;A1;صديقة
give;Verb;A1;يعطى
glad;Adjective;B1;سعيد
glass;Noun;A1;زجاج
global;Adjective;B1;عالمي
glove;Noun;B1;قفاز
go;Verb Noun;A1, B1;اذهب
goal;Noun;A2;هدف
God;Noun;A2;الله
gold;Noun Adjective;A2;ذهب
golf;Noun;A2;جولف
good;Adjective, Noun;A1, A2;حسن
goodbye;exclam. Noun;A1;وداعا
goods;Noun;B1;بضائع
govern;Verb;B2;حكم
government;Noun;A2;حكومة
grab;Verb;B2;إختطاف
grade;Noun Verb;B1, B2;درجة
gradually;Adverb;B2;تدريجيا
graduate;Noun Verb;B1;تخرج
grain;Noun;B1;حبوب
grand;Adjective;B2;كبير
grandfather;Noun;A1;جد
grandmother;Noun;A1;جدة
grandparent;Noun;A1;جد
grant;Verb Noun;B2;منحة
grass;Noun;A2;نجيل
grateful;Adjective;B1;ممتن
great;Adjective;A1;عظيم
green;Adjective, Noun;A1;أخضر
greet;Verb;A2;تحية
grey;Adjective, Noun;A1;اللون الرمادي
ground;Noun;A2;أرض
group;Noun;A1;مجموعة
grow;Verb;A1;تنمو
growth;Noun;B1;نمو
guarantee;Verb Noun;B2;ضمان
guard;Noun Verb;B1;حارس
guess;Verb Noun;A1;خمن
guest;Noun;A2;زائر
guide;Noun Verb;A2;يرشد
guilty;Adjective;B1;مذنب
guitar;Noun;A1;غيتار
gun;Noun;A2;بندقية
guy;Noun;A2;شاب
gym;Noun;A1;نادي رياضي
habit;Noun;A2;عادة
hair;Noun;A1;شعر
half;Noundet.proNoun, Adverb;A1, A2;نصف
hall;Noun;A2;صالة
hand;Noun Verb;A1, B1;كف
handle;Verb Noun;B2;مقبض
hang;Verb;B1;علق
happen;Verb;A1;يحدث
happily;Adverb;A2;بسعادة
happiness;Noun;B1;سعادة
happy;Adjective;A1;سعيدة
hard;Adjective, Adverb;A1;الصعب
hardly;Adverb;B1;بالكاد
harm;Noun Verb;B2;ضرر
harmful;Adjective;B2;مضر
hat;Noun;A1;قبعة
hate;Verb Noun;A1, B1;اكرهه
have;Verb auxiliary Verb;A1, A2;يملك
have to modal;Verb;A1;يجب أن مشروط
he;proNoun;A1;هو
head;Noun Verb;A1, B1;رئيس
headache;Noun;A2;صداع الراس
headline;Noun;B1;عنوان رئيسي
health;Noun;A1;الصحة
healthy;Adjective;A1;صحي
hear;Verb;A1;سمع
hearing;Noun;B2;سمع
heart;Noun;A2;قلب
heat;Noun Verb;A2;الحرارة
heating;Noun;B1;تدفئة
heaven;Noun;B2;الجنة
heavily;Adverb;B1;بشكل كبير
heavy;Adjective;A2;ثقيل
heel;Noun;B2;كعب
height;Noun;A2;ارتفاع
helicopter;Noun;B1;هليكوبتر
hell;Noun;B2;الجحيم
hello;exclam./Noun;A1;مرحبا
help;Verb Noun;A1;مساعدة
helpful;Adjective;A2;معاون، مساعد، مفيد، فاعل خير
her;proNoundet;A1;لها
here;Adverb;A1;هنا
hero;Noun;A2;بطل
hers;proNoun;A2;لها
herself;proNoun;A2;نفسها
hesitate;Verb;B2;تردد
hey;exclam;A1;مهلا
hi;exclam;A1;مرحبا
hide;Verb;A2;إخفاء
high;Adjective, AdVerb Noun;A1, A2, B2;عالي
highlight;Verb Noun;B1;تسليط الضوء
highly;Adverb;B1;جدا
hill;Noun;A2;تل
him;proNoun;A1;له
himself;proNoun;A2;نفسه
hire;Verb Noun;B1, B2;توظيف
his;det. proNoun;A1, A2;له
historic;Adjective;B1;تاريخي
historical;Adjective;B1;تاريخي
history;Noun;A1;التاريخ
hit;Verb Noun;A2;نجاح
hobby;Noun;A1;هواية
hockey;Noun;A2;الهوكي
hold;Verb Noun;A2, B2;معلق
hole;Noun;A2;الفجوة
holiday;Noun;A1;يوم الاجازة
hollow;Adjective;B2;أجوف
holy;Adjective;B2;مقدس
home;Noun AdVerb Adjective;A1, A2;الصفحة الرئيسية
homework;Noun;A1;واجب منزلي
honest;Adjective;B1;صادق
honour;Noun Verb;B2;شرف
hope;Verb Noun;A1, A2;أمل
horrible;Adjective;B1;رهيب
horror;Noun;B1;رعب
horse;Noun;A1;حصان
hospital;Noun;A1;مستشفى
host;Noun Verb;B1, B2;مضيف
hot;Adjective;A1;الحار
hotel;Noun;A1;الفندق
hour;Noun;A1;ساعة
house;Noun Verb;A1, B2;منزل
household;Noun;B2;منزلي
housing;Noun;B2;إسكان
how;Adverb;A1;كيف
however;Adverb;A1;ومع ذلك
huge;Adjective;A2;ضخم
human;Adjective, Noun;A2;بشري
humorous;Adjective;B2;روح الدعابة
humour;Noun;B2;دعابة
hundred;number;A1;مائة
hungry;Adjective;A1;جوعان
hunt;Verb Noun;B1, B2;مطاردة
hunting;Noun;B2;الصيد
hurricane;Noun;B1;اعصار
hurry;Noun Verb;B1;عجل
hurt;Verb Adjective Noun;A2, B2;جرح
husband;Noun;A1;الزوج
I;proNoun;A1;أنا
ice;Noun;A1;جليد
ice cream;Noun;A1;بوظة
idea;Noun;A1;فكرة
ideal;Adjective , Noun;A2, B2;المثالي
identify;Verb;A2;تحديد
identity;Noun;B1;هوية
if;conj.;A1;إذا
ignore;Verb;B1;تجاهل
ill;Adjective;A2;سوف
illegal;Adjective;B1;غير شرعي
illness;Noun;A2;مرض
illustrate;Verb;B2;توضيح
illustration;Noun;B2;توضيح
image;Noun;A2;صورة
imaginary;Adjective;B1;خيالي
imagination;Noun;B2;خيال
imagine;Verb;A1;تخيل
immediate;Adjective;B1;فوري
immediately;Adverb;A2;فورا
immigrant;Noun;B1;المهاجر
impact;Noun Verb;B1;تأثير
impatient;Adjective;B2;نافذ الصبر
imply;Verb;B2;لمح
import;Noun Verb;B1;استيراد
importance;Noun;B1;أهمية
important;Adjective;A1;مهم
impose;Verb;B2;فرض
impossible;Adjective;A2;غير ممكن
impress;Verb;B2;اعجاب
impressed;Adjective;B2;تأثرت
impression;Noun;B1;الانطباع
impressive;Adjective;B1;محرج
improve;Verb;A1;تحسن
improvement;Noun;B1;تحسين
in;prep., Adverb;A1;في
inch;Noun;B2;بوصة
incident;Noun;B2;حادث
include;Verb;A1;تتضمن
included;Adjective;A2;شمل
including;prep.;A2;بما فيها
income;Noun;B2;الإيرادات
increase;Verb Noun;A2;زيادة
increasingly;Adverb;B2;على نحو متزايد
incredible;Adjective;A2;لا يصدق
incredibly;Adverb;B1;لا يصدق
indeed;Adverb;B1;في الواقع
independent;Adjective;A2;مستقل
indicate;Verb;B1;تشير
indirect;Adjective;B1;غير مباشر
individual;Noun, adj;A2;فرد
indoor;Adjective;B1;داخلي
indoors;Adverb;B1;في الداخل
industrial;Adjective;B2;صناعي
industry;Noun;A2;صناعة
infection;Noun;B2;عدوى
influence;NounVerb;B1;تأثير
inform;Verb;B2;إعلام
informal;Adjective;A2;غير رسمي
information;Noun;A1;معلومات
ingredient;Noun;B1;المكونات
initial;Adjective;B2;مبدئي
initially;Adverb;B2;في البداية
initiative;Noun;B2;مبادرة
injure;Verb;B1;تجرح
injured;Adjective;B1;مصاب
injury;Noun;A2;إصابة
inner;Adjective;B2;داخلي
innocent;Adjective;B1;البريء
insect;Noun;A2;حشرة
inside;prep.Adverb Noun Adjective;A2;في داخل
insight;Noun;B2;تبصر
insist;Verb;B2;يصر
inspire;Verb;B2;إلهام
install;Verb;B2;تثبيت
instance;Noun;B2;نموذج
instead;Adverb;A2;في حين أن
institute;Noun;B2;معهد
institution;Noun;B2;المعهد
instruction;Noun;A2;تعليمات
instructor;Noun;A2;مدرب
instrument;Noun;A2;أداة
insurance;Noun;B2;تأمين
intelligence;Noun;B1;الذكاء
intelligent;Adjective;A2;ذكي
intend;Verb;B1;اعتزم
intended;Adjective;B2;مقصود
intense;Adjective;B2;المكثف
intention;Noun;B1;الهدف
interest;Noun Verb;A1;فائدة
interested;Adjective;A1;مهتم
interesting;Adjective;A1;مثير للإعجاب
internal;Adjective;B2;داخلي
international;Adjective;A2;دولي
internet;Noun;A1;الإنترنت
interpret;Verb;B2;تفسر
interrupt;Verb;B2;المقاطعة
interview;Noun Verb;A1;مقابلة
into;prep.;A1;إلى
introduce;Verb;A1;تقديم
introduction;Noun;A2;المقدمة
invent;Verb;A2;اخترع
invention;Noun;A2;اختراع
invest;Verb;B1;استثمار
investigate;Verb;B1;التحقيق
investigation;Noun;B2;تحقيق
investment;Noun;B2;استثمار
invitation;Noun;A2;رسالة دعوة
invite;Verb;A2;يدعو
involve;Verb;A2;تنطوي
involved;Adjective;B1;متورط
iron;Noun Verb;B1;حديد
island;Noun;A1;جزيرة
issue;Noun, Verb;B1, B2;القضية
IT;Noun;B1;IT
it;proNoun;A1;هذا
item;Noun;A2;بند
its;det.;A1;انها
itself;proNoun;A2;بحد ذاتها
jacket;Noun;A1;السترة
jam;Noun;A2;مربى
January;Noun;A1;كانون الثاني
jazz;Noun;A2;موسيقى الجاز
jeans;Noun;A1;جينز
jewellery;Noun;A2;مجوهرات
job;Noun;A1;مهنة
join;Verb;A1;انضم
joke;Noun Verb;A2;نكتة
journal;Noun;B1;مجلة
journalist;Noun;A2;صحافي
journey;Noun;A1;رحلة
joy;Noun;B2;فرح
judge;Noun Verb;B1;قاضي
judgement;Noun;B2;حكم
juice;Noun;A1;عصير
July;Noun;A1;يوليو
jump;Verb Noun;A2;القفزة
June;Noun;A1;يونيو
junior;Adjective;B2;نجارة
just;Adverb;A1;مجرد
justice;Noun;B2;عدالة
justify;Verb;B2;برر
keen;Adjective;B1;متحمس
keep;Verb;A1;احتفظ
key;Noun, Adjective Verb;A1, B1;مفتاح
keyboard;Noun;B1;لوحة المفاتيح
kick;Verb Noun;B1;ركلة
kid;Noun;A2;طفل
kill;Verb;A2;قتل
killing;Noun;B1;قتل
kilometre;Noun;A1;كيلومتر
kind(type);Noun;A1;نوع لطيف)
kind(caring);Adjective;B1;الرعاية الكريمة)
king;Noun;A2;ملك
kiss;Verb Noun;B1;قبلة
kitchen;Noun;A1;مطبخ
knee;Noun;A2;ركبة
knife;Noun;A2;سكين
knock;Verb , Noun;A2, B1;طرق
know;Verb;A1;أعرف
knowledge;Noun;A2;المعرفه
lab;Noun;A2;مختبر
label;Noun Verb;B1;ضع الكلمة المناسبة
laboratory;Noun;B1;مختبر
labour;Noun;B2;العمل
lack;Noun Verb;B1;نقص
lady;Noun;A2;سيدة
lake;Noun;A2;بحيرة
lamp;Noun;A2;مصباح
land;Noun, Verb;A1, A2;أرض
landscape;Noun;B2;المناظر الطبيعيه
language;Noun;A1;لغة
laptop;Noun;A2;حاسوب محمول
large;Adjective;A1;كبير
largely;Adverb;B2;إلى حد كبير
last1 (final);det., Adverb n;A1, A2;last1 (النهائي)
last1 (taking time);Verb;A2;last1 (مع الوقت)
late;Adjective Adverb;A1;متأخر
later;Adverb , Adjective;A1, A2;في وقت لاحق
latest;Adjective , Noun;B1, B2;آخر
laugh;Verb Noun;A1;يضحك
laughter;Noun;A2;ضحك
launch;Verb Noun;B2;إطلاق
law;Noun;A2;القانون
lawyer;Noun;A2;محامي
lay;Verb;B1;بسط
layer;Noun;B1;طبقة
lazy;Adjective;A2;كسول
lead;Verb , Noun;A2, B1;قيادة
leader;Noun;A2;زعيم
leadership;Noun;B2;قيادة
leading;Adjective;B1;قيادة
leaf;Noun;B1;ورقة الشجر
league;Noun;B2;الدوري
lean;Verb;B2;الخالية من
learn;Verb;A1;تعلم
learning;Noun;A2;تعلم
least;det./proNoun Adverb;A2;الأقل
leather;Noun;B1;جلد
leave;Verb , Noun;A1, B2;غادر
lecture;Noun Verb;A2;محاضرة
left;Adjective Adverb Verb;A1;اليسار
leg;Noun;A1;رجل
legal;Adjective;B1;قانوني
leisure;Noun;B1;راحة
lemon;Noun;A2;ليمون
lend;Verb;A2;إقراض
length;Noun;B1;الطول
less;det./pro Noun Adverb;A2;أقل
lesson;Noun;A1;درس
let;Verb;A1;سمح
letter;Noun;A1;رسالة
level;Noun, Adjective , Verb;A2, B1, B2;مستوى
library;Noun;A1;مكتبة
licence;Noun;B2;رخصة
lie;Verb;A1;راحه
lie;Verb Noun;B2;راحه
life;Noun;A1;الحياة
lifestyle;Noun;A2;نمط الحياة
lift;Verb;Noun;مصعد
light (from the sun/a lamp);Noun Adverb , Verb;A1, A2;ضوء (من الشمس / مصباح)
light (not heavy);Adjective;A2;ضوء (ليس ثقيلا)
like (similar);prep.;A1;مثل (على غرار)
like (find sb/sth pleasant);Verb , n;A1, B1;مثل (تجد بينالي الشارقة / لك شيء طيب)
Noun;B1; ;نون
likely;Adjective;A2;المحتمل أن
limit;Noun Verb;B1;حد
limited;Adjective;B2;محدود
line;Noun, Verb;A1, B2;خط
link;Noun Verb;A2;حلقة الوصل
lion;Noun;A1;أسد
lip;Noun;B1;شفة
liquid;Noun Adjective;B1;سائل
list;Noun Verb;A1;قائمة
listen;Verb;A1;استمع
listener;Noun;A2;مستمع
literature;Noun;B1;المؤلفات
little;Adjective det./proNoun, Adverb;A1, A2;قليل
live1;Verb;A1;live1
live2;Adjective Adverb;B1;live2
lively;Adjective;B2;حي
living;Adjective Noun;B1;المعيشة
load;Noun Verb;B2;حمل
loan;Noun;B2;قرض
local;Adjective , Noun;A1, B1;محلي
locate;Verb;B1;حدد
located;Adjective;B1;تقع
location;Noun;B1;موقعك
lock;Verb Noun;A2;قفل
logical;Adjective;B2;منطقي
lonely;Adjective;B1;وحيد
long;Adjective Adverb;A1;طويل
long-term;Adjective Adverb;B2;طويل الأمد
look;Verb , Noun;A1, A2;نظرة
loose;Adjective;B2;واسع
lord;Noun;B2;رب
lorry;Noun;A2;شاحنة
lose;Verb;A1;تخسر
loss;Noun;B1;خسارة
lost;Adjective;A2;ضائع
lot;proNoun det. Adverb;A1;كثيرا
loud;Adjective Adverb;A2;بصوت عال
loudly;Adverb;A2;بصوت عالي
love;Noun Verb;A1;حب
lovely;Adjective;A2;محبوب
low;Adjective Adverb , n;A2, B2;منخفض
lower;Verb;B2;خفض
luck;Noun;A2;حظ
lucky;Adjective;A2;سعيد الحظ
lunch;Noun;A1;غداء
lung;Noun;B2;رئة
luxury;Noun;B1;فخم. ترف
machine;Noun;A1;آلة
mad;Adjective;B1;غاضب
magazine;Noun;A1;مجلة
magic;Noun Adjective;B1;سحر
mail;Noun Verb;A2;بريد
main;Adjective;A1;الأساسية
mainly;Adverb;B1;في الأساس
maintain;Verb;B2;الحفاظ
major;Adjective;A2;رائد
majority;Noun;B2;أغلبية
make;Verb , Noun;A1, B2;يصنع
male;Adjective Noun;A2;الذكر
mall;Noun;B1;مجمع تجاري
man;Noun;A1;رجل
manage;Verb;A2;يدير
management;Noun;B1;إدارة
manager;Noun;A2;مدير
manner;Noun;A2;أسلوب
many;det./proNoun;A1;كثير
map;Noun, Verb;A1, B2;خريطة
March;Noun;A1;مارس
mark;Verb Noun;A2;علامة
market;Noun, Verb;A1, B1;سوق
marketing;Noun;B1;تسويق
marriage;Noun;B1;زواج
married;Adjective;A1;متزوج
marry;Verb;A2;تزوج
mass;Noun Adjective;B2;كتلة
massive;Adjective;B2;كبير
master;Noun Verb;B2;رئيس
match (contest/correspond);Noun Verb;A1;مباراة (مسابقة / تتوافق)
matching;Adjective;B2;مطابقة
material;Noun, Adjective;A2, B2;مواد
mathematics;Noun;A2;الرياضيات
maths;Noun;A2;رياضيات
matter;Noun Verb;A2;شيء
maximum;Adjective Noun;B2;أقصى
May;Noun;A1;مايو
may modal;Verb;A2;قد مشروط
maybe;Adverb;A1;يمكن
me;proNoun;A1;أنا
meal;Noun;A1;وجبة
mean;Verb;A1;يعني
meaning;Noun;A1;المعنى
means;Noun;B2;يعني
meanwhile;Adverb;B1;وفى الوقت نفسه
measure;Verb Noun;B1;قياس
measurement;Noun;B2;قياس
meat;Noun;A1;لحم
media;Noun;A2;وسائل الإعلام
medical;Adjective;A2;طبي
medicine;Noun;A2;الدواء
medium;Adjective , Noun;B1, B2;متوسط
meet;Verb;A1;يجتمع
meeting;Noun;A1;لقاء
melt;Verb;B2;إنصهار
member;Noun;A1;عضو
memory;Noun;A2;ذاكرة
mental;Adjective;B1;عقلي
mention;Verb , Noun;A2, B1;أشير
menu;Noun;A1;قائمة طعام
mess;Noun Verb;B1;تعبث
message;Noun;A1;رسالة
metal;Noun;A2;معدن
method;Noun;A2;طريقة
metre;Noun;A1;متر
middle;Noun Adjective;A2;وسط
midnight;Noun;A1;منتصف الليل
might modal;Verb;A2;قد مشروط
mild;Adjective;B1;خفيف
mile;Noun;A1;ميل
military;Adjective Noun;B2;الجيش
milk;Noun;A1;حليب
million number; ;A1;مليون رقم
mind;Noun Verb;A2;عقل
mine (belongs to me);proNoun;A2;منجم (ملك لي)
mine (hole in the ground);Noun;B1;منجم (حفرة في الأرض)
mineral;Noun;B2;معدني
minimum;Adjective Noun;B2;الحد الأدنى
minister;Noun;B2;وزير
minor;Adjective;B2;تحت السن القانوني
minority;Noun;B2;أقلية
minute;Noun;A1;دقيقة
mirror;Noun;A2;مرآة
miss;Verb;A1;يغيب
missing;Adjective;A2;مفقود
mission;Noun;B2;مهمة
mistake;Noun, Verb;A1, B2;خطأ
mix;Verb Noun;B1;مزج
mixed;Adjective;B2;مختلط
mixture;Noun;B1;خليط
mobile;Adjective Noun;A2;التليفون المحمول
model;Noun, Verb;A1, B2;نموذج
modern;Adjective;A1;عصري
modify;Verb;B2;تعديل
moment;Noun;A1;لحظة
Monday;Noun;A1;الإثنين
money;Noun;A1;مال
monitor;Noun Verb;B2;مراقب
monkey;Noun;A2;قرد
month;Noun;A1;شهر
mood;Noun;B1;مزاج
moon;Noun;A2;القمر
moral;Adjective Noun;B2;أخلاقي
more;det./proNoun Adverb;A1;أكثر
morning;Noun;A1;صباح
most;det./proNoun Adverb;A1;معظم
mostly;Adverb;A2;خاصة
mother;Noun;A1;أم
motor;Noun Adjective;B2;محرك
motorcycle;Noun;A2;دراجة نارية
mount;Verb;B2;تتعدد
mountain;Noun;A1;جبل
mouse;Noun;A1;الفأر
mouth;Noun;A1;فم
move;Verb , Noun;A1, B1;نقل
movement;Noun;A2;حركة
movie;Noun;A1;فيلم
much;det./proNoun Adverb;A1;كثير
mud;Noun;B1;طين
multiple;Adjective;B2;مضاعف
multiply;Verb;B2;تتضاعف
mum;Noun;A1;ماما
murder;NounVerb;B1;قتل
muscle;Noun;B1;عضلة
museum;Noun;A1;متحف
music;Noun;A1;موسيقى
musical;Adjective , Noun;A2, B1;موسيقي
musician;Noun;A2;موسيقي او عازف
must modal;Verb;A1;يجب مشروط
my;det.;A1;لي
myself;proNoun;A2;نفسي
mysterious;Adjective;B2;غامض
mystery;Noun;B1;الغموض
nail;Noun;B1;مسمار
name;Noun Verb;A1;اسم
narrative;Noun Adjective;B1;سرد
narrow;Adjective , Verb;A2, B2;ضيق
nation;Noun;B1;الأمة
national;Adjective , Noun;A2, B2;الوطني
native;Adjective Noun;B1;محلي
natural;Adjective;A1;طبيعي >> صفة
naturally;Adverb;B1;بطبيعة الحال
nature;Noun;A2;طبيعة
near;prep. Adjective Adverb;A1;قريب
nearly;Adverb;A2;تقريبا
neat;Adjective;B2;أنيق
necessarily;Adverb;B1;بالضرورة
necessary;Adjective;A2;ضروري
neck;Noun;A2;رقبه
need;Verb , Noun, modal Verb;A1, A2, B1;بحاجة إلى
needle;Noun;B1;إبرة
negative;Adjective , Noun;A1, B2;سلبي
neighbour;Noun;A1;الجار
neighbourhood;Noun;B1;حي
neither;det./proNoun, Adverb;A2, B1;لا هذا ولا ذاك
nerve;Noun;B2;عصب
nervous;Adjective;A2;متوتر
net;Noun;B1;شبكة
network;Noun;A2;شبكة الاتصال
never;Adverb;A1;أبدا
nevertheless;Adverb;B2;ومع ذلك
new;Adjective;A1;جديد
news;Noun;A1;أخبار
newspaper;Noun;A1;جريدة
next;Adjective Adverb , Noun;A1, B1;التالى
next to;prep.;A1;بجوار
nice;Adjective;A1;لطيف
night;Noun;A1;ليل
nightmare;Noun;B2;كابوس
nine;number;A1;تسع
nineteen;number;A1;تسعة عشر
ninety;number;A1;تسعين
no;exclam. det.;A1;لا
no one;proNoun;A1;لا أحد
nobody;proNoun;A1;لا أحد
noise;Noun;A2;الضوضاء
noisy;Adjective;A2;مزعج
none;pro Noun;A2;لا شيء
nor;conj./Adverb;B1;ولا
normal;Adjective , Noun;A2, B1;عادي
normally;Adverb;A2;بشكل طبيعي
north;Noun Adjective Adverb;A1;شمال
northern;Adjective;B1;شمالي
nose;Noun;A1;أنف
not;Adverb;A1;ليس
note;Noun Verb;A1, B1;ملحوظة
nothing;proNoun;A1;لا شيئ
notice;Verb Noun;A2;تنويه
notion;Noun;B2;خيالى
novel;Noun;A2;رواية
November;Noun;A1;شهر نوفمبر
now;Adverb , conj.;A1, B1;الآن
nowhere;Adverb;A2;لا مكان
nuclear;Adjective;B1;نووي
number;Noun, Verb;A1, A2;رقم
numerous;Adjective;B2;كثير
nurse;Noun;A1;ممرضة
nut;Noun;A2;البندق
obey;Verb;B2;يطيع
object;Noun Verb;A1, B2;موضوع
objective;Noun Adjective;B2;هدف
obligation;Noun;B2;التزام
observation;Noun;B2;الملاحظة
observe;Verb;B2;رصد
obtain;Verb;B2;الحصول على
obvious;Adjective;B1;واضح
obviously;Adverb;B1;بوضوح
occasion;Noun;B1;مناسبات
occasionally;Adverb;B2;من حين اخر
occur;Verb;B1;تحدث
ocean;Noun;A2;محيط
o’clock;Adverb;A1;الساعة
October;Noun;A1;اكتوبر
odd;Adjective;B1;غريب
of;prep.;A1;من
off;Adverb prep.;A1;إيقاف
offence;Noun;B2;جريمة
offend;Verb;B2;الإساءة
offensive;Adjective;B2;هجومي
offer;Verb Noun;A2;عرض
office;Noun;A1;مكتب. مقر. مركز
officer;Noun;A2;ضابط
official;Adjective , Noun;B1, B2;الرسمية
often;Adverb;A1;غالبا
oh;exclam.;A1;يا
oil;Noun;A2;نفط
OK;exclam. Adjective /Adverb;A1;حسنا
old;Adjective;A1;قديم
old-fashioned;Adjective;B1;قديم الطراز
on;prep. Adverb;A1;على
once;Adverb , conj.;A1, B1;ذات مرة
one;number-det. proNoun;A1;واحد
onion;Noun;A1;بصلة
online;Adjective Adverb;A1;عبر الانترنت
only;Adjective Adverb;A1;فقط
onto;prep.;A2;على
open;Adjective Verb;A1;افتح
opening;Noun;B2;افتتاح
operate;Verb;B2;العمل
operation;Noun;B1;عملية
opinion;Noun;A1;رأي
opponent;Noun;B2;الخصم
opportunity;Noun;A2;فرصة
oppose;Verb;B2;عارض
opposed;Adjective;B2;معارضة
opposite;Adjective Adverb prep. Noun;A1;ضد
opposition;Noun;B2;معارضة
option;Noun;A2;اختيار
or;conj.;A1;أو
orange;Noun Adjective;A1;البرتقالي
order;Noun Verb;A1;طلب
ordinary;Adjective;A2;العادي
organ;Noun;B2;عضو
organization;Noun;A2;منظمة
organize;Verb;A2;تنظم
organized;Adjective;B1;منظم
organizer;Noun;B1;منظم
origin;Noun;B2;الأصل
original;Adjective , Noun;A2, B1;أصلي
originally;Adverb;B1;في الأصل
other;Adjective /proNoun;A1;آخر
otherwise;Adverb;B2;غير ذلك
ought;modal Verb;B1;يجب
our;det.;A1;لنا
ours;proNoun;B1;لنا
ourselves;proNoun;A2;أنفسنا
out;Adverb /prep.;A1;خارج
outcome;Noun;B2;نتيجة
outdoor;Adjective;B1;في الخارج
outdoors;Adverb;B1;في الهواء الطلق
outer;Adjective;B2;خارجي
outline;Noun Verb;B2;الخطوط العريضة
outside;Adverb , prep. nouNoun Adjective;A1, A2;في الخارج
oven;Noun;A2;فرن
over;prep. Adverb;A1;على
overall;Adjective Adverb;B2;شاملة
owe;Verb;B2;مدينون
own;Adjective /proNoun, Verb;A1, A2;خاصة
owner;Noun;A2;صاحب
pace;Noun, Verb;B2;سرعة
pack;Verb , Noun;A2, B1;رزمة
package;Noun, Verb;B1, B2;صفقة
page;Noun;A1;صفحة
pain;Noun;A2;ألم
painful;Adjective;B1;مؤلم
paint;Verb Noun;A1;رسم
painter;Noun;A2;دهان
painting;Noun;A1;لوحة
pair;Noun;A1;زوج
palace;Noun;A2;قصر
pale;Adjective;B1;باهت
pan;Noun;B1;مقلاة
panel;Noun;B2;لوجة
pants;Noun;A2;بنطال
paper;Noun;A1;ورقة
paragraph;Noun;A1;فقرة
parent;Noun;A1;الأبوين
park;Noun Verb;A1;منتزه
parking;Noun;A2;موقف سيارات
parliament;Noun;B2;برلمان
part;Noun;A1;جزء
participant;Noun;B2;مشارك
participate;Verb;B1;مشاركة
particular;Adjective;A2;معين
particularly;Adverb;B1;خصوصا
partly;Adverb;B2;جزئيا
partner;Noun;A1;شريك
party;Noun;A1;حفل
pass;Verb , Noun;A2, B1;البشري
passage;Noun;B2;الممر
passenger;Noun;A2;راكب
passion;Noun;B1;شغف
passport;Noun;A1;جواز سفر
past;Adjective Noun prep., Adverb;A1, A2;الماضي
path;Noun;B1;مسار
patient;Noun, Adjective;A2, B2;صبور
pattern;Noun;A2;نمط
pay;Verb , Noun;A1, A2;دفع
payment;Noun;B1;دفع
peace;Noun;A2;سلام
peaceful;Adjective;B1;امن
pen;Noun;A1;قلم جاف
pencil;Noun;A1;قلم
penny;Noun;A2;قرش
pension;Noun;B2;راتب تقاعد
people;Noun;A1;اشخاص
pepper;Noun;A1;فلفل
per;prep.;A2;لكل
per cent;Noun Adjective /Adverb;A2;نسبه مئويه
percentage;Noun;B1;النسبة المئوية
perfect;Adjective;A1;في احسن الاحوال
perfectly;Adverb;B1;تماما
perform;Verb;A2;نفذ
performance;Noun;B1;أداء
perhaps;Adverb;A2;ربما
period;Noun;A1;فترة
permanent;Adjective;B2;دائم
permission;Noun;A2;الإذن
permit;Verb Noun;B2;تصريح
person;Noun;A1;شخص
personal;Adjective;A1;شخصي
personality;Noun;A2;الشخصية
personally;Adverb;B1;شخصيا
perspective;Noun;B2;إنطباع
persuade;Verb;B1;اقناع
pet;Noun;A2;حيوان اليف
petrol;Noun;A2;بنزين
phase;Noun;B2;مرحلة
phenomenon;Noun;B2;ظاهرة
philosophy;Noun;B2;فلسفة
phone;Noun Verb;A1;هاتف
photo;Noun;A1;صورة فوتوغرافية
photograph;Noun, Verb;A1, A2;تصوير
photographer;Noun;B1;مصور فوتوغرافي
photography;Noun;B1;التصوير
phrase;Noun;A1;العبارة
physical;Adjective;A2;جسدي - بدني
physics;Noun;A2;الفيزياء
piano;Noun;A1;بيانو
pick;Verb , Noun;A2, B2;قطف او يقطف
picture;Noun, Verb;A1, B2;صورة
piece;Noun;A1;قطعة
pig;Noun;A1;خنزير
pile;Noun Verb;B2;كومة
pilot;Noun;A2;طيار
pin;Noun Verb;B1;دبوس
pink;Adjective Noun;A1;زهري
pipe;Noun;B1;يضخ
pitch;Noun;B2;ملعب كورة قدم
place;Noun Verb;A1, B1;مكان
plain;Adjective;B2;عادي
plan;Noun Verb;A1;خطة
plane;Noun;A1;طائرة
planet;Noun;A2;كوكب
planning;Noun;B1;تخطيط
plant;Noun Verb;A1, A2;نبات
plastic;Noun Adjective;A2;بلاستيك
plate;Noun;A2;طبق
platform;Noun;A2;منصة
play;Verb Noun;A1;لعب
player;Noun;A1;لاعب
pleasant;Adjective;B1;ممتع
please;exclam., Verb;A1, A2;رجاء
pleased;Adjective;A2;مسرور
pleasure;Noun;B1;بكل سرور
plenty;proNoun;B1;وفرة
plot;Noun, Verb;B1, B2;قطعة
plus;prep., Adjective conj., Noun;B1, B2;زائد
pocket;Noun;A2;جيب
poem;Noun;B1;قصيدة
poet;Noun;B1;شاعر
poetry;Noun;B1;الشعر
point;Noun, Verb;A1, B1;نقطة
pointed;Adjective;B2;يشير الى
poison;Noun Verb;B1;سم
poisonous;Adjective;B1;سام
police;Noun;A1;شرطة
policeman;Noun;A1;الشرطي
policy;Noun;B1;سياسات
polite;Adjective;A2;مؤدب
political;Adjective;B1;سياسي
politician;Noun;B1;سياسي
politics;Noun;B1;سياسة
pollution;Noun;A2;التلوث
pool;Noun;A1;حوض السباحة
poor;Adjective;A1;فقير
pop;Noun Adjective;A2;البوب
popular;Adjective;A1;جمع
popularity;Noun;B2;شعبية
population;Noun;A2;تعداد السكان
port;Noun;B1;ميناء
portrait;Noun;B1;صورة
pose;Verb;B2;يشير إلى
position;Noun, Verb;A2, B2;موضع
positive;Adjective , Noun;A1, B2;إيجابي
possess;Verb;B2;تملك
possession;Noun;A2;ملكية
possibility;Noun;A2;إمكانية
possible;Adjective;A1;ممكن
possibly;Adverb;B1;ربما
post;Noun Verb;A1;بريد
poster;Noun;A2;ملصق
pot;Noun;B1;وعاء
potato;Noun;A1;البطاطس
potential;Adjective Noun;B2;محتمل
pound;Noun;A1;جنيه
pour;Verb;B1;يصب
poverty;Noun;B1;فقر
powder;Noun;B1;مسحوق
power;Noun, Verb;A2, B2;قوة
powerful;Adjective;B1;قوي
practical;Adjective;B1;عملي
practice;Noun;A1;ممارسة
practise;Verb;A1;ممارسة
praise;Noun Verb;B2;مديح
pray;Verb;B1;صلى
prayer;Noun;B1;دعاء
predict;Verb;A2;تنبؤ
prediction;Noun;B1;تنبؤ
prefer;Verb;A1;تفضل
pregnant;Adjective;B2;حامل
preparation;Noun;B2;تجهيز
prepare;Verb;A1;إعداد
prepared;Adjective;B1;أعدت
presence;Noun;B2;حضور
present;Adjective Noun, Verb;A1, A2;حاضر
presentation;Noun;B1;عرض
preserve;Verb;B2;الحفاظ على
president;Noun;A2;رئيس
press;Verb Noun;B1;صحافة
pressure;Noun;B1;الضغط
pretend;Verb;B1;تظاهر
pretty;Adjective Adverb;A1;جميلة
prevent;Verb;A2;يحول دون
previous;Adjective;B1;السابق
previously;Adverb;B1;سابقا
price;Noun, Verb;A1, B2;السعر
priest;Noun;B1;كاهن
primary;Adjective;B1;ابتدائي
prime;Adjective;B2;أولي
prince;Noun;B1;أمير
princess;Noun;B1;أميرة
principle;Noun;B2;المبدأ
print;Verb , Noun;A2, B2;طباعة
printer;Noun;A2;طابعة
printing;Noun;B1;طبع
priority;Noun;B2;أفضلية
prison;Noun;A2;السجن
prisoner;Noun;B1;سجين
privacy;Noun;B2;خصوصية
private;Adjective;B1;نشر
prize;Noun;A2;جائزة
probably;Adverb;A1;المحتمل
problem;Noun;A1;مشكلة
procedure;Noun;B2;إجراء
process;Noun, Verb;A2, B2;معالجة
produce;Verb , Verb;A2, B2;ينتج
producer;Noun;B1;منتج
product;Noun;A1;المنتج
production;Noun;B1;إنتاج
profession;Noun;B1;مهنة
professional;Adjective , Noun;A2, B2;المحترفين
professor;Noun;A2;دكتور جامعى
profile;Noun;A2;الملف الشخصي
profit;Noun;B1;ربح
program;Noun, Verb;A2, B1;برنامج
programme;Noun;A1;برنامج
progress;Noun, Verb;A2, B2;تقدم
project;Noun, Verb;A1, B2;مشروع
promise;Verb Noun;A2;وعد
promote;Verb;B1;تروج \ يشجع \ يعزز \ ينمى \ يطور
pronounce;Verb;A2;نطق
proof;Noun;B2;دليل - إثبات
proper;Adjective;B1;لائق
properly;Adverb;B1;بصورة صحيحة
property;Noun;B1;خاصية
proposal;Noun;B2;اقتراح
propose;Verb;B2;اقترح
prospect;Noun;B2;احتمال
protect;Verb;A2;يحمي
protection;Noun;B2;الحماية
protest;Noun Verb;B1;وقفة احتجاجية
proud;Adjective;B1;فخور
prove;Verb;B1;إثبات
provide;Verb;A2;تزود
psychologist;Noun;B2;الطبيب النفسي
psychology;Noun;B2;علم النفس
pub;Noun;A2;حانة
public;Adjective Noun;A2;عامة
publication;Noun;B2;منشور
publish;Verb;A2;ينشر
pull;Verb , Noun;A2, B1;سحب. شد
punish;Verb;B1;يعاقب
punishment;Noun;B1;عقاب
pupil;Noun;B2;التلميذ
purchase;Noun Verb;B2;عملية الشراء
pure;Adjective;B2;نقي
purple;Adjective Noun;A1;أرجواني
purpose;Noun;A2;هدف
pursue;Verb;B2;لاحق
push;Verb , Noun;A2, B1;إدفع
put;Verb;A1;وضع
qualification;Noun;B1;المؤهل
qualified;Adjective;B1;تأهلت
qualify;Verb;B1;التأهل
quality;Noun;A2;جودة
quantity;Noun;A2;كمية
quarter;Noun;A1;ربع
queen;Noun;A2;ملكة
question;Noun, Verb;A1, A2;سؤال
queue;Noun Verb;B1;طابور
quick;Adjective;A1;بسرعة
quickly;Adverb;A1;بسرعة
quiet;Adjective;A1;هادئ
quietly;Adverb;A2;بهدوء
quit;Verb;B1;استقال
quite;Adverb;A1;الى حد كبير
quotation;Noun;B1;اقتباس
quote;Verb Noun;B1;اقتبس
race (competition);NounVerb;A2;سباق (المنافسة)
race (people);Noun;B1;سباق (الناس)
racing;Noun;B1;سباق
radio;Noun;A1;مذياع
railway;Noun;A2;سكة حديدية
rain;Noun Verb;A1;تمطر
raise;Verb;A2;رفع
range;Noun, Verb;B1, B2;نطاق
rank;Noun Verb;B2;مرتبة
rapid;Adjective;B2;سريعون
rapidly;Adverb;B2;بسرعة
rare;Adjective;B1;نادر
rarely;Adverb;B1;نادرا
rate;Noun, Verb;A2, B2;معدل
rather;Adverb;A2;بدلا
raw;Adjective;B2;الخام
reach;Verb , Noun;A2, B2;تصل
react;Verb;A2;تتفاعل
reaction;Noun;B1;رد فعل
read;Verb;A1;اقرأ
reader;Noun;A1;قارئ
reading;Noun;A1;قراءة
ready;Adjective;A1;جاهز
real;Adjective;A1;حقيقة
realistic;Adjective;B2;واقعي
reality;Noun;B1;واقع
realize;Verb;A2;تدرك
really;Adverb;A1;هل حقا
reason;Noun;A1;السبب
reasonable;Adjective;B2;معقول
recall;Verb;B2;اعد الاتصال
receipt;Noun;B1;إيصال
receive;Verb;A2;تسلم
recent;Adjective;A2;الأخيرة
recently;Adverb;A2;مؤخرا
reception;Noun;A2;استقبال
recipe;Noun;A2;وصفة
recognize;Verb;A2;تعرف
recommend;Verb;A2;نوصي
recommendation;Noun;B1;توصية
record;Noun Verb;A2;سجل
recording;Noun;A2;تسجيل
recover;Verb;B2;استعادة
recycle;Verb;A2;إعادة تدوير
red;Adjective Noun;A1;أحمر
reduce;Verb;A2;خفض
reduction;Noun;B2;تخفيض
refer;Verb;A2;أشير
reference;Noun;B1;مرجع
reflect;Verb;B1;تعكس
refuse;Verb;A2;رفض
regard;Verb Noun;B2;يتعلق
region;Noun;A2;منطقة
regional;Adjective;B2;إقليمي
register;Verb Noun;B2;تسجيل
regret;Verb Noun;B2;يندم
regular;Adjective;A2;منتظم
regularly;Adverb;B1;بشكل منتظم
regulation;Noun;B2;اللائحة
reject;Verb;B1;رفض
relate;Verb;B1;ترتبط
related;Adjective;B1;ذات صلة
relation;Noun;B1;علاقة
relationship;Noun;A2;صلة
relative;Adjective Noun;B1;نسبيا
relatively;Adverb;B2;نسبيا
relax;Verb;A1;الاسترخاء
relaxed;Adjective;B1;خففت
relaxing;Adjective;B1;الاسترخاء
release;Verb Noun;B1;إطلاق سراح
relevant;Adjective;B2;ذو صلة
reliable;Adjective;B1;موثوق
relief;Noun;B2;ارتياح
religion;Noun;B1;دين
religious;Adjective;B1;متدين
rely;Verb;B2;اعتمد
remain;Verb;B1;يبقى
remark;Noun Verb;B2;تعليق
remember;Verb;A1;تذكر
remind;Verb;B1;تذكير
remote;Adjective;B1;التحكم عن بعد
remove;Verb;A2;إزالة
rent;Noun Verb;B1;تأجير
repair;Verb , Noun;A2, B1;يصلح
repeat;Verb , Noun;A1, B1;كرر
repeated;Adjective;B1;معاد
replace;Verb;A2;يحل محل
reply;Verb Noun;A2;الرد
report;Noun, Verb;A1, A2;نقل
reporter;Noun;A2;مراسل
represent;Verb;B1;تركيز
representative;Noun Adjective;B2;وكيل
reputation;Noun;B2;سمعة
request;Noun, Verb;A2, B1;طلب
require;Verb;B1;تطلب
requirement;Noun;B2;المتطلبات
rescue;Verb Noun;B2;إنقاذ
research;Noun Verb;A2;ابحاث
researcher;Noun;A2;الباحث
reservation;Noun;B1;حجز
reserve;Noun Verb;B2;الاحتياطي
resident;NounAdjective;B2;مقيم
resist;Verb;B2;يقاوم
resolve;Verb;B2;حل
resort;Noun;B2;منتجع
resource;Noun;B1;مورد
respect;Noun Verb;B1;احترام
respond;Verb;A2;رد
response;Noun;A2;استجابة
responsibility;Noun;B1;المسئولية
responsible;Adjective;B1;مسؤول
rest (remaining part);Noun;A2;راحة (الجزء المتبقي)
rest (sleep/relax);Noun Verb;A2;بقية (النوم / الاسترخاء)
restaurant;Noun;A1;مطعم
result;Noun, Verb;A1, B1;نتيجة
retain;Verb;B2;احتفظ
retire;Verb;B1;تقاعد
retired;Adjective;B1;متقاعد
return;Verb Noun;A1;إرجاع
reveal;Verb;B2;كشف
review;Noun Verb;A2;مراجعة
revise;Verb;B1;تراجع
revolution;Noun;B2;ثورة
reward;Noun Verb;B2;مكافأة
rhythm;Noun;B2;على نفس المنوال
rice;Noun;A1;أرز
rich;Adjective;A1;غني
rid;Verb;B2;التخلص
ride;Verb , Noun;A1, A2;اركب
right;Adjective Adverb Noun;A1;حق
ring;Noun;A2;حلقة
ring;Verb , Noun;A2, B1;حلقة
rise;Verb , Noun;A2, B1;ترتفع
risk;Noun Verb;B1;خطر
river;Noun;A1;نهر
road;Noun;A1;طريق
robot;Noun;B1;إنسان آلي
rock (stone);Noun;A2;الحجر الصخري)
rock (music);Noun;A2;موسيقى صاخبه)
role;Noun;A2;وظيفة
roll;Verb Noun;B1;تدحرج
romantic;Adjective;B1;رومانسي
roof;Noun;A2;سقف
room;Noun;A1;غرفة
root;Noun;B2;جذر
rope;Noun;B1;حبل
rough;Adjective;B1;الخام
round;Adjective Adverb prep., Noun;A2, B2;مستدير
route;Noun;A2;طريق
routine;Noun, Adjective;A1, B2;نمط
row;Noun;B1;صف
royal;Adjective;B1;ملكي
rub;Verb;B2;فرك
rubber;Noun Adjective;B2;ممحاة
rubbish;Noun;A2;قمامة
rude;Adjective;A2;قلة الادب
rugby;Noun;B1;كرة القدم الامريكية
rule;Noun, Verb;A1, B1;قاعدة
run;Verb , Noun;A1, A2;يركض
runner;Noun;A2;عداء
running;Noun;A2;ادارة
rural;Adjective;B2;قروي
rush;Verb Noun;B2;سرعه
sad;Adjective;A1;حزين
sadly;Adverb;A2;للأسف
safe;Adjective;A2;آمنة
safety;Noun;B1;سلامة
sail;Verb , Noun;A2, B1;ريشة
sailing;Noun;A2;إبحار
sailor;Noun;B1;بحار
salad;Noun;A1;سلطة
salary;Noun;A2;راتب
sale;Noun;A2;تخفيض السعر
salt;Noun;A1;ملح
same;Adjective proNoun Adverb;A1;نفسه
sample;Noun, Verb;B1, B2;عينة
sand;Noun;B1;رمل
sandwich;Noun;A1;ساندويتش
satellite;Noun;B2;الأقمار الصناعية
satisfied;Adjective;B2;راض
satisfy;Verb;B2;رضا
Saturday;Noun;A1;يوم السبت
sauce;Noun;A2;صلصة
save;Verb;A2;حفظ
saving;Noun;B2;إنقاذ
say;Verb;A1;قل
scale;Noun;B2;مقياس
scan;Verb;B1;تفحص
scared;Adjective;A2;مفزوع
scary;Adjective;A2;مخيف
scene;Noun;A2;مشهد
schedule;Noun, Verb;A2, B2;جدول
scheme;Noun;B2;مخطط
school;Noun;A1;مدرسة
science;Noun;A1;علم
scientific;Adjective;B1;علمي
scientist;Noun;A1;عالم
score;Verb Noun;A2;أحرز هدفا
scream;Verb Noun;B2;الصراخ
screen;NounVerb;A2, B2;شاشة
script;Noun;B1;النصي
sculpture;Noun;B1;نحت
sea;Noun;A1;بحر
search;Noun Verb;A2;بحث
season;Noun;A2;الموسم
seat;Noun Verb;A2, B2;مقعد
second1 (next after the first);et./ number, Adverb;A1, A2;second1 (القادمة بعد الأول)
second1 (unit of time);Noun;A1;second1 (وحدة من الوقت)
secondary;Adjective;B1;ثانوي
secondly;Adverb;A2;ثانيا
secret;Adjective, Noun;A2;سر
secretary;Noun;A2;سكرتير
section;Noun;A1;الجزء
sector;Noun;B2;قطاع
secure;Verb Adjective;B2;تأمين
security;Noun;B1;الأمان
see;Verb;A1;نرى
seed;Noun;B1;بذرة
seek;Verb;B2;طلب
seem;Verb;A2;بدا
select;Verb;B2;تحديد
selection;Noun;B2;اختيار
self;Noun;B2;الذات
sell;Verb;A1;يبيع
send;Verb;A1;إرسال
senior;Adjective;B2;أول
sense;Noun Verb;A2, B2;إحساس
sensible;Adjective;B1;معقول
sensitive;Adjective;B2;حساس
sentence;Noun Verb;A1, B2;جملة او حكم على
separate;Adjective, Verb;A2, B1;منفصل
September;Noun;A1;سبتمبر
sequence;Noun;B2;تسلسل
series;Noun;A2;سلسلة
serious;Adjective;A2;جدي
seriously;Adverb;B1;بجدية
servant;Noun;B1;خادم
serve;Verb;A2;تخدم
service;Noun;A2;الخدمات
session;Noun;B2;جلسة
set (put);Verb;B1;مجموعة (البيع)
set (group);Noun;B1;مجموعة (مجموعة)
setting;Noun;B1;ضبط
settle;Verb;B2;تسوية
seven;number;A1;سبعة
seventeen;number;A1;سبعة عشر
seventy;number;A1;سبعون
several;det./proNoun;A2;العديد من
severe;Adjective;B2;شديدة
sex;Noun;B1;جنس
sexual;Adjective;B1;جنسي
shade;Noun;B2;ظل
shadow;Noun;B2;ظل
shake;Verb Noun;A2, B1;هزة
shall;modal Verb;A2;يجب
shallow;Adjective;B2;بارز
shame;Noun;B2;عار
shape;Noun Verb;A2, B2;شكل
share;Verb Noun;A1, B1;شارك
sharp;Adjective;B1;حاد
she;proNoun;A1;هي
sheep;Noun;A1;خروف
sheet;Noun;A2;ورقة
shelf;Noun;B1;رفوف
shell;Noun;B1;الصدف
shelter;Noun Verb;B2;مأوى
shift;Noun Verb;B1, B2;تحول
shine;Verb;B1;يلمع
shiny;Adjective;B1;لامع
ship;Noun Verb;A2, B2;سفينة
shirt;Noun;A1;قميص
shock;Noun Verb;B2;صدمة
shocked;Adjective;B2;صدمت
shoe;Noun;A1;حذاء
shoot;Verb;B1;أطلق النار
shooting;Noun;B2;اطلاق الرصاص
shop;Noun Verb;A1;متجر
shopping;Noun;A1;التسوق
short;Adjective;A1;قصيرة
shot;Noun;B2;اطلاق النار
should;modal Verb;A1;ينبغي
shoulder;Noun;A2;كتف
shout;Verb Noun;A2;يصيح، يصرخ، صيحة
show;Verb Noun;A1;تبين
shower;Noun;A1;دش
shut;Verb Adjective;A2;اغلق
shy;Adjective;B1;خجول
sick;Adjective;A1;مرض
side;Noun;A2;جانب
sight;Noun;B1;مشهد
sign;Noun Verb;A2;إشارة
signal;Noun Verb;B1;الإشارة
significant;Adjective;B2;كبير
significantly;Adverb;B2;بشكل كبير
silence;Noun;B2;الصمت
silent;Adjective;B1;صامتة
silk;Noun;B2;حرير
silly;Adjective;B1;سخيف
silver;Noun Adjective;A2;فضة
similar;Adjective;A1;مماثل
similarity;Noun;B1;تشابه
similarly;Adverb;B1;وبالمثل
simple;Adjective;A2;بسيط
simply;Adverb;B1;ببساطة
since;prep. conj., Adverb;A2, B1;منذ
sincere;Adjective;B2;صادق
sing;Verb;A1;يغني
singer;Noun;A1;مطرب
singing;Noun;A2;الغناء
single;Adjective Noun;A2;غير مرتبطة
sink;Verb;B1;مكتب المدير
sir;Noun;A2;سيدي المحترم
sister;Noun;A1;أخت
sit;Verb;A1;تجلس
site;Noun;A2;موقع
situation;Noun;A1;موقف
six;number;A1;ستة
sixteen;number;A1;السادس عشر
sixty;number;A1;ستون
size;Noun;A2;بحجم
ski;Verb Noun;A2;تزلج
skiing;Noun;A2;التزحلق
skill;Noun;A1;مهارة
skin;Noun;A2;بشرة
skirt;Noun;A1;تنورة
sky;Noun;A2;سماء
slave;Noun;B2;عبد
sleep;Verb , Noun;A1, A2;ينام
slice;Noun Verb;B1;شريحة
slide;Verb Noun;B2;الانزلاق
slight;Adjective;B2;طفيف
slightly;Adverb;B1;بعض الشيء
slip;Verb;B2;انزلاق
slope;Noun Verb;B2;ميل
slow;Adjective , Verb;A1, B1;بطيء
slowly;Adverb;A2;ببطء
small;Adjective;A1;صغير
smart;Adjective;B1;ذكي
smartphone;Noun;A2;هاتف ذكي
smell;Verb Noun;A2;رائحة
smile;Verb Noun;A2;ابتسامة
smoke;Noun Verb;A2;دخان
smoking;Noun;A2;التدخين
smooth;Adjective;B1;ناعم
snake;Noun;A1;ثعبان
snow;Noun Verb;A1;ثلج
so;Adverb conj.;A1;وبالتالي
soap;Noun;A2;صابون
soccer;Noun;A2;كرة القدم
social;Adjective;A2;اجتماعي
society;Noun;A2;المجتمع
sock;Noun;A2;جورب
soft;Adjective;A2;ناعم
software;Noun;B1;البرمجيات
soil;Noun;B1;تربة
solar;Adjective;B2;شمسي
soldier;Noun;A2;جندي
solid;Adjective Noun;B1;صلب
solution;Noun;A2;المحلول
solve;Verb;A2;حل
some;det. proNoun;A1;بعض
somebody;proNoun;A1;شخص ما
someone;proNoun;A1;شخصا ما
something;proNoun;A1;شيئا ما
sometimes;Adverb;A1;بعض الأحيان
somewhat;Adverb;B2;قليلا
somewhere;Adverb proNoun;A2;مكان ما
son;Noun;A1;ابن
song;Noun;A1;أغنية
soon;Adverb;A1;هكذا
sorry;Adjective exclam.;A1;آسف
sort;Noun, Verb;A2, B1;فرز
soul;Noun;B2;روح
sound;Noun Verb;A1;صوت
soup;Noun;A1;حساء
source;Noun;A2;مصدر
south;Noun Adjective Adverb;A1;جنوب
southern;Adjective;B1;جنوبي
space;Noun;A1;الفراغ
speak;Verb;A1;تحدث
speaker;Noun;A2;مكبر الصوت
special;Adjective;A1;مميز
specialist;Noun Adjective;B2;متخصص
species;Noun;B2;محيط
specific;Adjective;A2;محدد
specifically;Adverb;B1;على وجه التحديد
speech;Noun;A2;خطاب
speed;Noun, Verb;A2, B2;سرعة
spell;Verb;A1;تهجئه
spelling;Noun;A1;الإملائية
spend;Verb;A1;أنفق
spending;Noun;B1;الإنفاق
spicy;Adjective;B1;حار
spider;Noun;A2;عنكبوت
spirit;Noun;B1;روح
spiritual;Adjective;B2;روحي
split;Verb Noun;B2;انشق، مزق
spoken;Adjective;B1;تحدث
sponsor;Verb Noun;B2;كفيل
spoon;Noun;A2;ملعقة
sport;Noun;A1;رياضة
spot;Noun, Verb;B1, B2;بقعة
spread;Verb , Noun;B1, B2;الانتشار
spring;Noun, Verb;A1, B1;ربيع
square;Adjective Noun;A2;ميدان
stable;Adjective;B2;مستقر
stadium;Noun;B1;ملعب
staff;Noun;B1;العاملين
stage;Noun, Verb;A2, B2;المسرح
stair;Noun;A2;سلم
stamp;Noun;A2;ختم
stand;Verb , Noun;A1, B2;يفهم
standard;Noun Adjective;B1;اساسي
star;Noun, Verb;A1, A2;نجمة
stare;Verb;B2;حدق
start;Verb , Noun;A1, A2;بداية
state;Noun, Adjective , v;A2, B1;حالة
statement;Noun;A1;بيان
station;Noun;A1;محطة
statistic;Noun;B1;إحصائية
statue;Noun;B1;تمثال
status;Noun;B2;الحالة
stay;Verb , Noun;A1, A2;البقاء
steady;Adjective;B2;ثابت
steal;Verb;A2;سرقة
steel;Noun;B2;صلب
steep;Adjective;B2;انحدار
step;Noun, Verb;A2, B2;خطوة
stick (push into/attach);Verb;B1;عصا (دفع إلى / إرفاق)
stick (piece of wood);Noun;B1;عصا (قطعة من الخشب)
sticky;Adjective;B2;لزج
stiff;Adjective;B2;صلب
still;Adverb , Adjective;A1, B1;ما يزال
stock;Noun;B2;مخزون
stomach;Noun;A2;معدة
stone;Noun;A2;حصاة
stop;Verb Noun;A1;قف
store;Noun, Verb;A2, B1;متجر
storm;Noun;A2;عاصفة
story;Noun;A1;قصة
straight;Adverb Adjective;A2;مستقيم
strange;Adjective;A2;غريب
stranger;Noun;B1;شخص غريب
strategy;Noun;A2;إستراتيجية
stream;Noun;B2;مجرى
street;Noun;A1;شارع
strength;Noun;B1;قوة
stress;Noun Verb;A2;ضغط عصبى
stretch;Verb Noun;B2;تمتد
strict;Adjective;B2;صارم
strike;Verb Noun;B2;إضراب
string;Noun;B1;خيط
strong;Adjective;A1;قوي
strongly;Adverb;B1;بقوة
structure;Noun, Verb;A2, B2;بناء
struggle;Verb Noun;B2;صراع
student;Noun;A1;طالب علم
studio;Noun;B1;ستوديو
study;Noun Verb;A1;دراسة
stuff;Noun, Verb;B1, B2;أمور
stupid;Adjective;A2;غبي
style;Noun;A1;أسلوب
subject;Noun, Adjective;A1, B2;موضوع
submit;Verb;B2;إرسال
substance;Noun;B1;مستوى
succeed;Verb;A2;ينجح
success;Noun;A1;نجاح
successful;Adjective;A2;ناجح
successfully;Adverb;B1;بنجاح
such;det./proNoun;A2;هذه
sudden;Adjective;B1;مفاجئ
suddenly;Adverb;A2;فجأة
suffer;Verb;B1;عانى
sugar;Noun;A1;السكر
suggest;Verb;A2;اقترح
suggestion;Noun;A2;اقتراح
suit;Noun, Verb;A2, B1;بدلة
suitable;Adjective;B1;متكافئ
sum;Noun Verb;B2;مجموع
summarize;Verb;B1;لخص
summary;Noun;B1;ملخص
summer;Noun;A1;الصيف
sun;Noun;A1;شمس
Sunday;Noun;A1;الأحد
supermarket;Noun;A1;سوبر ماركت
supply;Noun Verb;B1;يتبرع
support;Verb Noun;A2;الدعم
supporter;Noun;B1;مؤيد، مشجع، داعم
suppose;Verb;A2;افترض
sure;Adjective , Adverb;A1, A2;بالتأكيد
surely;Adverb;B1;بالتاكيد
surface;Noun;B1;سطح - المظهر الخارجي
surgery;Noun;B2;جراحة
surprise;Noun Verb;A2;مفاجأة
surprised;Adjective;A2;فاجأ
surprising;Adjective;A2;مفاجئ
surround;Verb;B2;طوق
surrounding;Adjective;B2;المحيط
survey;Noun, Verb;A2, B2;الدراسة الاستقصائية
survive;Verb;B1;ينجو
suspect;Verb Noun;B2;مشتبه فيه
swear;Verb;B2;أقسم
sweater;Noun;A1;سترة
sweep;Verb;B2;مسح
sweet;Adjective Noun;A2;حلو
swim;Verb , Noun;A1, B1;سباحة
swimming;Noun;A1;سباحة
switch;Verb , Noun;B1, B2;مفتاح كهربائي
symbol;Noun;A2;رمز
sympathy;Noun;B2;تعاطف، عطف
symptom;Noun;B1;علامة مرض
system;Noun;A2;النظام
table;Noun;A1;الطاولة
tablet;Noun;A2;لوح
tail;Noun;B1;ذيل
take;Verb;A1;يأخذ
tale;Noun;B2;حكاية
talent;Noun;B1;موهبة
talented;Adjective;B1;موهوب
talk;Verb , Noun;A1, A2;حديث
tall;Adjective;A1;طويل
tank;Noun;B2;خزان
tape;Noun;B1;شريط
target;Noun, Verb;A2, B2;استهداف
task;Noun;A2;مهمة
taste;Noun Verb;A2;المذاق
tax;Noun Verb;B1;ضريبة
taxi;Noun;A1;سيارة اجره
tea;Noun;A1;شاي
teach;Verb;A1;يعلم
teacher;Noun;A1;مدرس
teaching;Noun;A2;تعليم
team;Noun;A1;الفريق
tear1;Verb Noun;B2;tear1
tear2;Noun;B2;tear2
technical;Adjective;B1;تقني
technique;Noun;B1;تقنية
technology;Noun;A2;تقنية
teenage;Adjective;A2;سن المراهقة
teenager;Noun;A1;مراهقة
telephone;Noun Verb;A1;هاتف
television;Noun;A1;التلفاز
tell;Verb;A1;يخبار
temperature;Noun;A2;درجة الحرارة
temporary;Adjective;B2;مؤقت
ten;number;A1;عشرة
tend;Verb;B1;تميل
tennis;Noun;A1;تنس
tent;Noun;B1;خيمة
term;Noun, Verb;A2, B2;مصطلح
terrible;Adjective;A1;رهيب
test;Noun Verb;A1;اختبار
text;Noun, Verb;A1, A2;نص
than;conj.;A1;من
thank;Verb;A1;شكر
thanks;exclam. Noun;A1;شكر
that;det. proNoun conj., Adverb;A1, B1;أن
the;definite article;A1;ال
theatre;Noun;A1;مسرح
their;det.;A1;هم
theirs;proNoun;B1;لهم
them;proNoun;A1;معهم
theme;Noun;B1;موضوع
themselves;proNoun;A2;أنفسهم
then;Adverb;A1;ثم
theory;Noun;B1;نظرية
therapy;Noun;B2;علاج نفسي
there;Adverb;A1;هناك
therefore;Adverb;B1;وبالتالي
they;proNoun;A1;هم
thick;Adjective;A2;سميك
thief;Noun;A2;لص
thin;Adjective;A2;نحيف
thing;Noun;A1;شيء
think;Verb;A1;يفكر
thinking;Noun;A2;التفكير
third;number, Noun;A1, A2;الثالث
thirsty;Adjective;A1;متعطش
thirteen;number;A1;ثلاثة عشر
thirty;number;A1;ثلاثون
this;det./proNoun, Adverb;A1, B1;هذه
though;conj. Adverb;B1;على أية حال
thought;Noun;A2;فكر
thousand;number;A1;ألف
threat;Noun;B2;التهديد
threaten;Verb;B2;هدد
three;number;A1;ثلاثة
throat;Noun;B1;حلق
through;prep. Adverb;A1;عبر
throughout;prep./Adverb;B1;على مدار
throw;Verb;A2;يرمي
Thursday;Noun;A1;الخميس
thus;Adverb;B2;وهكذا
ticket;Noun;A1;تذكرة
tidy;Adjective v;A2;أنيق - مرتب
tie;Verb Noun;A2;ربطة عنق
tight;Adjective;B1;ضيق
till;conj./prep.;B1;حتى
time;Noun, Verb;A1, B2;زمن
tin;Noun;B1;قصدير
tiny;Adjective;B1;صغير جدا
tip;Noun, Verb;A2, B1;تلميح
tired;Adjective;A1;متعبه
title;Noun;A1, B2;عنوان
to;prep., infinitive marker;A1;إلى
today;Adverb Noun;A1;اليوم
toe;Noun;B1;إصبع قدم
together;Adverb;A1;سويا
toilet;Noun;A1;الحمام
tomato;Noun;A1;طماطم
tomorrow;Adverb Noun;A1;غدا
tone;Noun;B2;نغمة، رنه
tongue;Noun;B1;لسان
tonight;Adverb n;A1;هذه الليلة
too;Adverb;A1;جدا
tool;Noun;A2;أداة
tooth;Noun;A1;سن
top;Noun, Adjective;A2;أعلى
topic;Noun;A1;موضوع
total;Adjective Noun;B1;مجموع
totally;Adverb;B1;تماما
touch;Verb , Noun;A2, B1;لمس. اتصال. صلة
tough;Adjective;B2;قاسي
tour;Noun, Verb;A2, B1;جولة
tourism;Noun;A2;سياحة
tourist;Noun;A1;سياحي
towards;prep.;A2;تجاه
towel;Noun;A2;منشفة
tower;Noun;A2;برج
town;Noun;A1;مدينة
toy;Noun, Adjective;A2;عروسه لعبه
track;Noun, Verb;A2, B2;تتبع
trade;Noun, Verb;B1;تجارة
tradition;Noun;A2;التقليد
traditional;Adjective;A2;تقليدي
traffic;Noun;A1;حركة المرور
train;Noun, Verb;A1, A2;قطار
trainer;Noun;A2;مدرب
training;Noun;A2;تدريب
transfer;Verb Noun;B2;نقل
transform;Verb;B2;تحول
transition;Noun;B2;انتقال
translate;Verb;B1;ترجمة
translation;Noun;B1;ترجمة
transport;Noun, Verb;A2, B1;المواصلات
travel;Verb Noun;A1;السفر
traveller;Noun;A2;المسافر
treat;Verb;B1;يعالج
treatment;Noun;B1;علاج او معاملة
tree;Noun;A1;شجرة
trend;Noun;B1;اتجاه
trial;Noun;B2;محاكمة
trick;Noun Verb;B1;الخدعة
trip;Noun, Verb;A1, B2;رحلة قصيرة
tropical;Adjective;B2;استوائي
trouble;Noun, Verb;A2, B2;مشكلة
trousers;Noun;A1;بنطلون
truck;Noun;A2;شاحنة نقل
TRUE;Adjective;A1;صحيح
truly;Adverb;B2;حقا
trust;Noun Verb;B2;ثقة
truth;Noun;B1;حقيقة
try;Verb , Noun;A1, B2;محاولة
T-shirt;Noun;A1;تي شيرت
tube;Noun;B1;الة النفخ
Tuesday;Noun;A1;الثلاثاء
tune;Noun;B2;نغم
tunnel;Noun;B2;نفق
turn;Verb Noun;A1;منعطف أو دور
TV;Noun;A1;تلفزيون
twelve;number;A1;اثني عشر
twenty;number;A1;عشرون
twice;Adverb;A1;مرتين
twin;Noun Adjective;A2;التوأم
two;number;A1;اثنان
type;Noun, Verb;A1, B1;نوع
typical;Adjective;A2;نموذجي
typically;Adverb;B1;عادة
tyre;Noun;B1;إطار العجلة
ugly;Adjective;B1;البشع
ultimately;Adverb;B2;في النهاية
umbrella;Noun;A1;مظلة
unable;Adjective;B1;غير قادر
uncle;Noun;A1;اخو الام
uncomfortable;Adjective;B1;غير مريح
unconscious;Adjective;B2;فاقد الوعي
under;prep. Adj;A1;تحت
underground;Adjective Adverb;A2;تحت الارض
understand;Verb;A1;تفهم
understanding;Noun;A2;فهم
underwear;Noun;B1;ثياب داخلية
unemployed;Adjective;B1;عاطلين عن العمل
unemployment;Noun;B1;بطالة
unexpected;Adjective;B2;غير متوقع
unfair;Adjective;B1;غير منصف
unfortunately;Adverb;A2;للأسف
unhappy;Adjective;A2;تعيس
uniform;Noun;A2;زى موحد
union;Noun;B1;اتحاد
unique;Adjective;B2;فريد
unit;Noun;A2;وحدة
united;Adjective;A2;متحد
universe;Noun;B2;كون
university;Noun;A1;جامعة
unknown;Adjective;B2;مجهول
unless;conj.;B1;ما لم
unlike;prep.;B1;مختلف
unlikely;Adjective;B1;من غير المرجح
unnecessary;Adjective;B1;غير ضروري
unpleasant;Adjective;B1;غير سارة
until;conj./prep.;A1;حتى
unusual;Adjective;A2;غير عادي
up;Adverb proNoun;A1;فوق
update;Verb Noun;B1;تحديث
upon;prep.;B1;بناء على
upper;Adjective;B2;أعلى
upset;Adjective v;B1;مضطراب
upstairs;Adverb , Adjective;A1, A2;الطابق العلوي
upwards;Adverb;B2;صاعدا
urban;Adjective;B2;الحضاري
urge;Verb;B2;حث
us;proNoun;A1;نحن
use;Verb , Noun;A1, A2;استعمال
used;Adjective;B1;مستخدم
used to;modal Verb;A2;اعتدت ان
useful;Adjective;A1;مفيد
user;Noun;A2;المستعمل
usual;Adjective;A2;معتاد
usually;Adverb;A1;عادة
vacation;Noun;A1;عطلة
valley;Noun;A2;الوادي
valuable;Adjective;B1;ذو قيمة
value;Noun, Verb;B1, B2;القيمة
van;Noun;A2;سيارة نقل
variety;Noun;A2;تشكيلة
various;Adjective;B1;مختلف
vary;Verb;B2;تختلف
vast;Adjective;B2;شاسع
vegetable;Noun;A1;الخضروات
vehicle;Noun;A2;مركبة
venue;Noun;B2;مكان
version;Noun;B1;الإصدار
very;Adverb , Adjective;A1, B1;للغاية
via;prep.;B2;بواسطة
victim;Noun;B1;ضحية
victory;Noun;B2;فوز
video;Noun;A1;فيديو
view;Noun, Verb;A2,;رأي
viewer;Noun;B1;مشاهد
village;Noun;A1;قرية
violence;Noun;B2;عنف
violent;Adjective;B1;عنيف
virtual;Adjective;B2;افتراضية
virus;Noun;A2;فايروس
vision;Noun;B2;رؤية
visit;Verb Noun;A1;يزور
visitor;Noun;A1;زائر
visual;Adjective;B2;المرئية
vital;Adjective;B2;مهم للغاية
vitamin;Noun;B2;فيتامين
voice;Noun;A2;صوت
volume;Noun;B2;الصوت
volunteer;Noun Verb;B1;تطوع
vote;Noun Verb;B1;تصويت
wage;Noun;B2;الأجور
wait;Verb , Noun;A1, A2;انتظر
waiter;Noun;A1;نادل
wake;Verb;A1;استيقظ
walk;Verb Noun;A1;سير
wall;Noun;A1;حائط
want;Verb;A1;تريد
war;Noun;A2;حرب
warm;Adjective , v;A1, B1;دافئ
warn;Verb;B1;حذر
warning;Noun;B1;تحذير
wash;Verb , Noun;A1, A2;غسل
washing;Noun;A2;غسل
waste;Noun v, Adjective;B1;المخلفات
watch;Verb Noun;A1;راقب
water;Noun, Verb;A1, B1;ماء
wave;Noun;A2, B1;موجة
way;Noun;A1, B2;طريق
we;proNoun;A1;نحن
weak;Adjective;A2;ضعيف
weakness;Noun;B2;ضعف
wealth;Noun;B2;ثروة
wealthy;Adjective;B2;ثري
weapon;Noun;B1;سلاح
wear;Verb;A1;البس، ارتداء
weather;Noun;A1;طقس
web;Noun;A2;شبكة
website;Noun;A1;موقع الكتروني
wedding;Noun;A2;حفل زواج
Wednesday;Noun;A1;الأربعاء
week;Noun;A1;أسبوع
weekend;Noun;A1;عطلة نهاية الاسبوع
weigh;Verb;B1;وزن
weight;Noun;A2;وزن
welcome;exclam. Verb Adjective , n;A1, A2;أهلا بك
well;Adverb , Adjective , exclam.;A1;حسنا
west;Noun Adjective Adverb;A1;غرب
western;Adjective;B1;الغربي
wet;Adjective;A2;مبلل
what;proNoun/det.;A1;ماذا
whatever;det./proNoun;B1;ايا كان
wheel;Noun;A2;عجلة
when;Adverb proNounconj.;A1;متى
whenever;conj.;B1;كلما كان
where;Adverb conj.;A1;أين
whereas;conj.;B2;بينما
wherever;conj.;B2;أينما
whether;conj.;B1;سواء
which;proNoun/det.;A1;التي
while;conj., Noun;A2, B1;في حين
whisper;Verb Noun;B2;همسة
white;Adjective Noun;A1;أبيض
who;proNoun;A1;منظمة الصحة العالمية
whole;Adjective , n;A2, B1;كامل
whom;proNoun;B2;من
whose;det./proNoun;A2;ملك من
why;Adverb;A1;لماذا ا
wide;Adjective;A2;واسع
widely;Adverb;B2;على نحو واسع
wife;Noun;A1;زوجة
wild;Adjective;A2;بري
wildlife;Noun;B2;الحيوانات البرية
will;modal, Noun Verb;A1,;إرادة
willing;Adjective;B2;راغب
win;Verb , Noun;A1, B1;يفوز
wind1;Noun;A2;wind1
wind2;Verb;B2;wind2
window;Noun;A1;نافذة او شباك
wine;Noun;A1;نبيذ
wing;Noun;B1;جناح
winner;Noun;A2;الفائز
winter;Noun;A1;شتاء
wire;Noun;B2;الأسلاك
wise;Adjective;B2;حكيم
wish;Verb Noun;A2;رغبة
with;prep.;A1;مع
within;prep.;B1;في غضون
without;prep.;A1;بدون
witness;Noun Verb;B2;الشاهد
woman;Noun;A1;النساء
wonder;Verb Noun;B1;يتساءل
wonderful;Adjective;A1;رائع
wood;Noun;A2;خشب
wooden;Adjective;A2;خشبي
wool;Noun;B1;صوف
word;Noun;A1;كلمة
work;Verb Noun;A1;عمل
worker;Noun;A1;عامل
working;Adjective;A2;العمل
world;Noun;A1;العالمية
worldwide;Adjective Adverb;B1;في جميع أنحاء العالم
worried;Adjective;A2;قلق
worry;Verb Noun;A2, B1;قلق
worse;Adjective, AdVerb Noun;A2,B1, B2;أسوأ
worst;Adjective, AdVerb;A2,B1, B2;أسوأ
worth;Adjective, Noun;B1, B2;يستحق
would;modal, Verb;A1;سيكون
wound;Noun Verb;B2;جرح
wow;exclam.;A2;رائع
wrap;Verv;B2;لف
write;Verb;A1;اكتب
writer;Noun;A1;كاتب
writing;Noun;A1;جاري الكتابة
written;Adjective;B1;مكتوبة
wrong;Adjective, AdVerb Noun;A1, B1, B2;خطأ
yard;Noun;B1;حديقة منزل
yeah;exclam.;A1;بلى
year;Noun;A1;عام
yellow;Adjective, Noun;A1;الأصفر
yes;exclam.;A1;نعم
yesterday;AdVerb Noun;A1;في الامس
yet;AdVerb conj.;A2, B2;بعد
you;proNoun;A1;أنت
young;Adjective, Noun;A1, B1;شاب
your;det.;A1;أنت
yours;proNoun;A2;لك
yourself;proNoun;A1;نفسك
youth;Noun;B1;شباب
zero;number;A2;صفر
zone;Noun;B2;منطقة
