a, an;indefinite, article;A1;ایک
abandon;Verb;B2;چھوڑنا
ability;Noun;A2;صلاحیت۔قابلیت
able;Adjective;A2;قابل
about;prep. Adverb;A1;کے بارے میں۔تقریباً
above;prep. Adverb;A1;مندرجہ بالا۔اوپر
abroad;Adverb;A2;بیرون ملک
absolute;Adjective;B2;خالص۔بالکل
absolutely;Adverb;B1;بالکل
academic;adj, Noun;B1, B2;استاد۔کالج سےمتعلق
accept;Verb;A2;قبول کرنا
acceptable;Adjective;B2;قابل قبول
access;Noun Verb;B1;راستہ۔رسائی
accident;Noun;A2;حادثہ
accommodation;Noun;B1;مناسب۔رہائش
accompany;Verb;B2;ہمراہ۔ساتھ
according to;prep.;A2;کے مطابق
account;Noun Verb;B1, B2;کھاتہ۔حساب کرنا
accurate;Adjective;B2;بالکل درست
accuse;Verb;B2;الزام دینا
achieve;Verb;A2;حاصل کرنا
achievement;Noun;B1;کامیابی۔کارنامہ
acknowledge;Verb;B2;اعتراف کرنا۔تسلیم کرنا۔
acquire;Verb;B2;پانا۔حاصل کرنا۔
across;prep. Adverb;A1;آرپار
act;Verb  Noun;A2,B1;کام کرنا ، قانون، فعل
action;Noun;A1;کاروائی۔فعل۔عمل
active;Adjective;A2;عملی حصہ لینا
activity;Noun;A1;سرگرمی
actor;Noun;A1;اداکار۔فنکار
actress;Noun;A1;ادکارہ
actual;Adjective;B2;حقیقی
actually;Adverb;A2;حقیقت میں۔اصل
ad;Noun;B1;اشتھار
adapt;Verb;B2;اپنانا۔اختیار کرنا۔
add;Verb;A1;جمع کرنا۔شامل کرنا
addition;Noun;B1;اضافہ کرنا
additional;Adjective;B2;اضافی
address;Noun Verb;A1,B2;پتہ،خطاب کرنا۔تقریر کرنا
administration;Noun;B2;انتظامیہ
admire;Verb;B1;احترام کرنا۔پسند کرنا
admit;Verb;B1;تسلیم کرنا۔اعتراف کرنا
adopt;Verb;B2;اپنانا۔انتخاب کرنا
adult;Noun adj;A1,A2;جوان۔بالغ،فحش
Advance;Noun Verb  adj;B2;آگے بڑھنا، اضافہ کرنا، پیشگی
Advanced;Adjective;B1;اعلی۔جدید
Advantage;Noun;A2;برتری۔فائدہ
Adventure;Noun;A2;مہم جوئی۔تخریب کاری
Advertise;Verb;A2;تشہیر کرنا۔اشتہار دینا
Advertisement;Noun;A2;اشتہار۔تشہیر
Advertising;Noun;A2;اشتہار۔تشہیر
Advice;Noun Verb;A1, B1;مشورہ، مشورہ دینا
affair;Noun;B2;معاملہ۔ناجائز تعلق
affect;Verb;A2;اثر انداز ہونا
afford;Verb;B1;استطاعت رکھنا
afraid;Adjective;A1;ڈرا ہوا
after;prep. conj. Adverb;A1,A2;آگے چل کے۔بعد میں
afternoon;Noun;A1;دوپہر
afterwards;Adverb;B2;اس کے بعد۔بعد میں
again;Adverb;A1;دوبارہ۔پھر سے
against;prep;A2;خلاف
age;Noun Verb;A1, B1;عمر، عمر بڑھنا
aged;Adjective;B1;زیادہ عمر والا
agency;Noun;B2;محکمہ۔ایجنسی۔حکومتی ادارہ
agenda;Noun;B2;لائحہ عمل
agent;Noun;B1;کارندہ۔نمائندہ
aggressive;Adjective;B2;جارحانہ
ago;Adverb;A1;پہلے
agree;Verb;A1;اتفاق کرنا۔متفق ہونا
agreement;Noun;B1;معاہدہ۔رضامندی
ah;exclam.;A2;آہ
ahead;Adverb;B1;آگے۔سامنے
aid;Noun Verb;B2;امداد، مدد کرنا۔خدمت کرنا
aim;Verb  Noun;B1;سیدھ باندھنا، مقصد۔ارادہ
air;Noun;A1;ہوا
aircraft;Noun;B2;طیارہ
airline;Noun;A2;مسافر بردار ہوائی جہاز تنظیم
airport;Noun;A1;ہوائی اڈہ
alarm;Noun Verb;B1, B2;گھنٹی ۔ ہوشیار کرنا۔
album;Noun;B1;البم - کسی چیز کا مجموعہ
alcohol;Noun;B1;شراب - نشے والی چیز
alcoholic;Adjective;B1;الکحل کے نشے کا عادی
alive;Adjective;A2;زِندَہ ۔ تَوانا
all;det. pron, Adverb;A1, A2;پوری طرح۔تمام
all right;Adjective, Adverb  exclam;A2;بالکل ٹھیک، ٹھیک ہے۔یقیناً
allow;Verb;A2;اجازت دینا۔منظور کرنا
almost;Adverb;A2;تقریباً۔لگ بھگ۔
alone;Adjective, Adverb;A2;تنہا۔اکیلا۔
along;prep. Adverb;A2;ساتھ۔آگے کی طرف
already;Adverb;A2;پہلے ہی سے
also;Adverb;A1;بھی
alter;Verb;B2;تبدیل کرنا۔بدل دینا
alternative;Noun Adjective;A2, B1;متبادل، چارہ
although;conj;A2;اگرچہ
always;Adverb;A1;ہمیشہ۔ہر وقت
amazed;Adjective;B1;حیران زدہ
amazing;Adjective;A1;حیران کن۔عجیب
ambition;Noun;B1;چاہت۔آرزو۔تمنا
ambitious;Adjective;B1;بلند حوصلہ
among;prep.;A2;کے درمیان
amount;Noun Verb;A2, B2;رقم۔مقدار
analyse;Verb;B1;تجزیہ کرنا
analysis;Noun;B1;تجزیہ
ancient;Adjective;A2;قدیم۔پرانا
and;conj;A1;اور
anger;Noun;B2;غصہ
angle;Noun;B2;زاویہ
angry;Adjective;A1;ناراض
animal;Noun;A1;جانور
ankle;Noun;A2;ٹخنہ
anniversary;Noun;B2;سالگرہ
announce;Verb;B1;اعلان کرنا
announcement;Noun;B1;اعلان
annoy;Verb;B1;پریشان کرنا
annoyed;Adjective;B1;ناراض
annoying;Adjective;B1;پریشان کن
annual;Adjective;B2;سالانہ
another;det. proNoun;A1;ایک اور
answer;Noun Verb;A1;جواب، جواب دینا
anxious;Adjective;B2;بے تاب۔فکر مند
any;det. proNoun, Adverb;A1, A2;کچھ بھی۔کوئی بھی، کوئی
anybody;pron;A2;کوئی بھی (بندہ)
any more;Adverb;A2;کچھ مزید
anyone;pron;A1;کوئی بھی (چیز)
anything;pron;A1;کچھ بھی
anyway;Adverb;A2;بہر حال
anywhere;AdVerb  proNoun;A2;کہیں بھی
apart;Adverb;B1;دور۔الگ
apartment;Noun;A1;فلیٹ۔ اپارٹمنٹ
apologize;Verb;B1;معذرت کرنا
app;Noun;A2;ایپ
apparent;Adjective;B2;واضح
apparently;Adverb;B2;بظاہر
appeal;Noun Verb;B2;گزارش، مدد طلب کرنا
appear;Verb;A2;نظر آنا۔حاضر ہونا
appearance;Noun;A2;حاضری۔ظہور
apple;Noun;A1;سیب
application;Noun;B1;درخواست
apply;Verb;A2;درخواست دینا۔لاگو ہونا
appointment;Noun;B1;تعیناتی۔تقرری
appreciate;Verb;B1;داد دینا۔ بڑھانا
approach;Noun Verb;B2;حکمت عملی، طرف جانا
appropriate;Adjective;B2;مناسب۔موزوں
approval;Noun;B2;منظوری
approve;Verb;B2;منظوری دینا
approximately;Adverb;B1;تقریباً۔لگ بھگ
April;Noun;A1;اپریل
architect;Noun;A2;ماہرِتعمیرات
architecture;Noun;A2;طرزِ تعمیر۔ فنِ تعمیر
area;Noun;A1;رقبہ۔علاقہ
argue;Verb;A2;بحث کرنا
argument;Noun;A2;دلیل۔مباحثہ
arise;Verb;B2;پیدا ہونا
arm;Noun;A1;بازو
armed;Adjective;B2;مسلح
arms;Noun;B2;اسلحہ
army;Noun;A2;فوج
around;prep. Adverb;A1;کے ارد گرد
arrange;Verb;A2;ترتیب دینا
arrangement;Noun;A2;بندوبست۔انتظام
arrest;Verb  Noun;B1;گرفتاری۔گرفتار کرنا
arrival;Noun;B1;آمد
arrive;Verb;A1;پہنچنا
art;Noun;A1;فن۔کاریگری
article;Noun;A1;مضمون۔تصنیف
artificial;Adjective;B2;مصنوعی
artist;Noun;A1;کسی فن میں ماہر
artistic;Adjective;B2;فنکارانہ
as;prep., Adverb  conj.;A1, A2;ویسا ہی۔جیسا۔ویسا
ashamed;Adjective;B2;نادم۔شرمندہ
asleep;Adjective;A2;سوتے ہوئے
ask;Verb;A1;پوچھنا۔معلوم کرنا
aspect;Noun;B2;پہلو۔منظر
assess;Verb;B2;تخمینہ لگانا۔اندازہ لگانا
assessment;Noun;B2;اندازہ ۔ تخمینہ
assignment;Noun;B1;ذمہ داری
assist;Verb;B1;مدد کرنا۔ساتھ دینا
assistant;Noun Adjective;A2;مدد گار
associate;Verb;B2;ملانا۔جوڑنا
associated;Adjective;B2;منسلک۔شامل
association;Noun;B2;انجمن۔دوستی
assume;Verb;B2;فرض کرنا
at;prep.;A1;پر
athlete;Noun;A2;کھلاڑی
atmosphere;Noun;B1;ماحول
attach;Verb;B1;منسلک کرنا۔جوڑنا
attack;Noun Verb;A2;حملہ۔حملہ کرنا
attempt;Noun Verb;B2;کوشش۔کوشش کرنا
attend;Verb;A2;حاضر ہونا۔
attention;Noun exclam.;A2;توجہ۔نگرانی
attitude;Noun;B1;رویہ۔نقطہ نظر
attract;Verb;B1;متاثر کرنا
attraction;Noun;B1;کشش۔دلکشی
attractive;Adjective;A2;پرکشش۔دل کش
audience;Noun;A2;حاضرین
August;Noun;A1;اگست
aunt;Noun;A1;چاچی۔ممانی۔پھپھی۔خالہ
author;Noun;A2;مصنف
authority;Noun;B1;اختیار۔مقتدر
autumn;Noun;A1;خزاں
available;Adjective;A2;دستیاب
average;Adjective, Noun Verb;A2, B1;اوسط۔عام
avoid;Verb;A2;کترانہ۔گریز کرنا
award;Noun Verb;A2, B1;تمغہ، اعزاد دینا
aware;Adjective;B1;واقف۔ہوشیار
away;Adverb;A1;دور۔پرے۔غیر موجود
awful;Adjective;A2;نوگوار۔خوفناک
baby;Noun;A1;شِیر خوار بچہ
back;Noun AdVerb  Adjective, Verb;A1, A2, B2;پیٹھ، واپس، پیچھے کا، حمایت کرنا
background;Noun;A2;پس منظر
backwards;Adverb;B1;پیچھے
bacteria;Noun;B2;جراثیم
bad;Adjective;A1;برا
badly;Adverb;A2;بُری طرح
bag;Noun;A1;تھیلا۔ بیگ
bake;Verb;B1;پکانا۔بیک کرنا
balance;Noun Verb;B1;توازن۔بقایا
ball;Noun;A1;گیند
ban;Verb  Noun;B1;پابندی لگانا، رکاوٹ
banana;Noun;A1;کیلا
band;Noun;A1;بینڈ۔گروہ
bank (money);Noun;A1;بینک۔تجوری
bank (river);Noun;B1;کنارہ۔ساحل
bar;Noun Verb;A2, B2;شراب خانہ۔روکنا
barrier;Noun;B2;رکاوٹ
base;Noun Verb;B1;بنیاد
baseball;Noun;A2;بیس بال
based;Adjective;A2;بنیاد
basketball;Noun;A2;باسکٹ بال
basic;Adjective;B1;بنیادی
basically;Adverb;B2;بنیادی طور پر
basis;Noun;B1;بنیاد
bath;Noun;A1;غسل
bathroom;Noun;A1;باتھ روم
battery;Noun;B1;بیٹری
battle;Noun Verb;B1, B2;جنگ، لڑائی کرنا
be;Verb  auxiliary Verb;A1;ہے
beach;Noun;A1;ساحل سمندر
bean;Noun;A2;پھلی کے دانے۔دانے
bear (deal with);Verb;B2;جننا۔برداشت کرنا
bear (animal);Noun;A2;ریچھ
beat;Verb  Noun;A2, B2;ماڑنا۔شکست دینا، دھڑکن
beautiful;Adjective;A1;خوبصورت
beauty;Noun;B1;خوبصورتی
because;conj.;A1;کیونکہ
become;Verb;A1;ہونا۔بن جانا۔وجود میں آنا
bed;Noun;A1;بستر
bedroom;Noun;A1;سونےکا کمرہ
bee;Noun;B1;شہد کی مکھی
beef;Noun;A2;گائے کا گوشت
beer;Noun;A1;شراب
before;prep., conj. Adverb ;A1, A2;پہلے
beg;Verb;B2;دعا کرنا۔مانگنا
begin;Verb;A1;ابتدا کرنا
beginning;Noun;A1;ابتدا
behave;Verb;A2;پیش آنا۔برتاؤکرنا
behaviour;Noun;A2;رویہ۔ردِ عمل
behind;prep. Adverb;A1;پیچھے سے
being;Noun;B2;وجود۔ہستی
belief;Noun;B1;بھروسہ۔یقین
believe;Verb;A1;یقین کرنا
bell;Noun;B1;گھنٹی
belong;Verb;A2;تعلق ہونا
below;Adverb  prep.;A1;نیچے۔ذیل میں
belt;Noun;A2;بیلٹ۔پیٹی
bend;Verb  Noun;B1;موڑ، مڑنا
benefit;Verb  NouNoun;A2, B1;فائدہ اٹھانا،مالی مدد
bent;Adjective;B2;ٹیڑھا
best;Adjective, AdVerb  Noun;A1, A2;بہترین، عمدہ، بہتر
bet;Verb  Noun;B2;شرط لگانا، جوا۔شرط
better;Adjective , Adverb , Noun;A1, A2, B1;اچھا، بہتر
between;prep., Adverb ;A1, A2;کے درمیان
beyond;prep. Adverb;B2;آگے۔پار۔دوسری طرف
bicycle;Noun;A1;سائیکل
big;Adjective;A1;بڑا۔وسیع
bike;Noun;A1;موٹر سایئکل
bill;Noun Verb;A1, B2;مسودہ قانون، اعلان نامہ۔کاغذی نوٹ
billion number; ;A2;ارب تعداد میں
bin;Noun;A2;ڈبا
biology;Noun;A2;حیاتیات
bird;Noun;A1;پرندہ
birth;Noun;A2;پیدائش
birthday;Noun;A1;سالگرہ
biscuit;Noun;A2;بسکٹ
bit;Noun;A2;چھوٹا سا حصہ
bite;Verb  Noun;B1;کاٹنا، لقمہ
bitter;Adjective;B2;تلخ۔کڑوا
black;Adjective, Noun;A1;کالا۔سیاہ
blame;Verb  Noun;B2;الزام۔الزام دینا
blank;Adjective, Noun;A2;خالی۔کورا۔سادہ
blind;Adjective;B2;اندھا۔نابینا
block;Noun Verb;B1;بلاک۔بند کردینا
blog;Noun;A1;بلاگ
blonde;Adjective;A1;گورا اور سنہری بالوں والا
blood;Noun;A2;خون
blow;Verb;A2;پھونکنا
blue;Adjective, Noun;A1;نیلا۔نیلاپن
board;Noun Verb;A2, B1;نگراں کیمیٹی۔کھانا کھلانا
boat;Noun;A1;کشتی
body;Noun;A1;جسم
boil;Verb;A2;اُبالنا۔جوش دینا
bomb;Noun Verb;B1;بم۔بم پیکھنا
bond;Noun;B2;بانڈ
bone;Noun;A2;ہڈی
book;Noun Verb;A1, A2;کتاب۔ بک کرانا
boot;Noun;A1;جوتا
border;Noun Verb;B1, B2;سرحد۔کنارہ۔
bored;Adjective;A1;بیزار۔بور
boring;Adjective;A1;ناگوار۔پھیکا۔کھدائی
born;Verb;A1;جننا۔پیدا ہونا
borrow;Verb;A2;ادھار لینا
boss;Noun;A2;قائد۔نگرانی کرنے والا
both;det./proNoun;A1;دونوں
bother;Verb;B1;پریشان کرنا۔اذیت دینا
bottle;Noun;A1;بوتل
bottom;NouNoun Adjective;A2;نچلا حصہ۔بنیاد
bowl;Noun;A2;کٹورا۔پیالہ
box;Noun;A1;ڈبہ۔صندوق
boy;Noun;A1;لڑکا
boyfriend;Noun;A1;عاشق مرد۔عاشق
brain;Noun;A2;دماغ
branch;Noun;B1;شاخ۔شعبہ
brand;Noun Verb;B1;تجارتی نشان
brave;Adjective;B1;بہادر
bread;Noun;A1;روٹی
break;Verb  Noun;A1;ختم کرنا۔توڑنا۔رکاوٹ
breakfast;Noun;A1;ناشتہ۔صبح کا کھانا
breast;Noun;B2;چھاتی۔سینہ
breath;Noun;B1;سانس
breathe;Verb;B1;سانس لینا
breathing;Noun;B1;سانس
bride;Noun;B1;دلہن
bridge;Noun;A2;پل
brief;Adjective;B2;مختصر
bright;Adjective;A2;روشن۔چمکدار
brilliant;Adjective;A2;شاندار۔عمدہ
bring;Verb;A1;لانا۔لا دینا
broad;Adjective;B2;وسیع۔بڑا۔چوڑا
broadcast;Verb  Noun;B2;نشر کرنا۔نشریات
broken;Adjective;A2;ٹوٹا ہوا
brother;Noun;A1;بھائی
brown;Adjective, Noun;A1;خاکی۔تلنا۔
brush;Verb  Noun;A2;صاف کرنا۔صفائی کرنے کا آلہ
bubble;Noun;B1;بلبلہ
budget;Noun;B2;بجٹ
build;Verb;A1;تعیمر کرنا
building;Noun;A1;عمارت
bullet;Noun;B2;گولی
bunch;Noun;B2;جھنڈ۔ایک جیسی چیزوں کا گروہ
burn;Verb  Noun;A2, B2;جلانا، جلن
bury;Verb;B1;پردہ کرنا۔دفنانا۔دفن کرنا
bus;Noun;A1;بس
bush;Noun;B2;جھاڑی
business;Noun;A1;کاربار
businessman;Noun;A2;تاجر
busy;Adjective;A1;مصروف
but;conj. prep;A1, B2;لیکن
butter;Noun;A1;مکھن
button;Noun;A2;بٹن
buy;Verb;A1;خریدنا
by;prep. Adverb;A1, B1;کی طرف سے
bye;exclam;A1;الوداع
cable;Noun;B2;تار
cafe;Noun;A1;چھوٹا ریستوران
cake;Noun;A1;کیک
calculate;Verb;B2;گننا۔حساب کرنا
call;Verb  Noun;A1;پکارنا۔فون کرنا
calm;Adjective  Verb  Noun;B1;پرسکون، پرسکون کرنا،سکون
camera;Noun;A1;کیمرہ
camp;Noun Verb;A2;فوجی چھاونی۔خیمہ لگانا
campaign;Noun Verb;B1;مہم ،مہم چلانا
camping;Noun;A2;خیمہ زنی۔کیمپنگ
campus;Noun;B1;کیمپس
can1;modal Verb;A1;سکنا
can2;Noun;A2;کر سکنا
cancel;Verb;B2;منسوخ کرنا
cancer;Noun;B2;کنیسر۔سرطان
candidate;Noun;B1;امیدوار
cannot;Verb;A1;نہ کر سکنا
cap;Noun;B1;ٹوپی
capable;Adjective;B2;قابل
capacity;Noun;B2;صلاحیت
capital;Noun Adjective;A1;سرمایہ۔دارلحکومت
captain;Noun;B1;کپتان
capture;Verb  Noun;B2;پکڑنا۔گرفتاری
car;Noun;A1;گاڑی
card;Noun;A1;کارڈ۔تاش۔سخت کاغذ کا ٹکڑا
care;Noun Verb;A2;دیکھ بھال۔پروا کرنا
career;Noun;A1;پیشہ۔روزگار
careful;Adjective;A2;محتاط
carefully;Adverb;A2;توجہ سے۔احتیاط سے
careless;Adjective;B1;لاپرواہ
carpet;Noun;A2;قالین
carrot;Noun;A1;گاجر
carry;Verb;A1;ساتھ رکھنا۔اٹھانا
cartoon;Noun;A2;کارٹون
case;Noun;A2;معاملہ۔صورت۔مقدمہ
cash;Noun;A2;رقم۔کیش
cast;Noun Verb;B2;فلمی اداکار۔ڈالنا
castle;Noun;A2;محل۔قِلَعہ
cat;Noun;A1;بلی
catch;Verb  Noun;A2, B2;پَکَڑلینا، پوشیدہ نُقص
category;Noun;B1;قسم۔گروہ
cause;Noun Verb;A2;وجہ، قائل کرنا
CD;Noun;A1;سی ڈی
ceiling;Noun;B1;چھت۔حد پرواز
celebrate;Verb;A2;منانا۔خوشی منانا
celebration;Noun;B1;خُوشی کا موقَع۔منانے کا عمل
celebrity;Noun;A2;مشہور شخص۔مشہُور کرنا
cell;Noun;B2;کوٹھری۔خُلیہ۔بیٹری
cent;Noun;A1;ڈالر کا سواں حصہ
central;Adjective;B1;مرکزی
centre;Noun Verb;A1, B1;مرکز
century;Noun;A1;صدی
ceremony;Noun;B1;تقریب
certain;Adjective;A2;مُطمئن۔کچھ۔یقینی
certainly;Adverb;A2;یقینی طور پر
chain;Noun Verb;B1, B2;سلسلہ۔زنجیر
chair;Noun Verb;A1, B2;کرسی، میزبانی کرنا
chairman;Noun;B2;صدرصدر
challenge;Noun Verb;B1, B2;للکار، للکارنا
champion;Noun;B1;جیتنے والا۔جِہاد کرنے والا
chance;Noun;A2;موقع
change;Verb  Noun;A1;تبدیل کرنا، تبدل۔تبدیلی
channel;Noun;B1;چینل
chapter;Noun;B1;باب۔دور
character;Noun;A2;کردار۔خصوصیت
characteristic;Noun Adjective;B2;خصوصیت،امتیاز
charge;Noun Verb;B1;الزام،  الزام دینا
charity;Noun;A2;خیراتی ادارہ۔ صدقہ
chart;Noun Verb;A1, B2;منصوبہ بنانا،چارٹ
chat;Verb  Noun;A2;گَپ شَپ کرنا، بات چیت
cheap;Adjective , Adverb ;A1, B1;کم قیمت
cheat;Verb  Noun;B1;دھوکہ۔دھندلی، دھوکہ دینا
check;Verb  Noun;A1, A2;جانچنا۔جائزہ لینا، جانچ
chef;Noun;A2;باورچی۔شیف
cheerful;Adjective;B1;مسرور۔خوشگوار
cheese;Noun;A1;پنیر
chemical;Adjective, Noun;B1;کیمیائی۔کیمیائی مادّہ
chemistry;Noun;A2;کیمسٹری
chest;Noun;B1;چھاتی۔سینہ
chicken;Noun;A1;مُرغی کا گوشت
chief;Adjective, Noun;B2;افسر اعلٰی
child;Noun;A1;بچہ یا بچی
childhood;Noun;B1;بچپن
chip;Noun;A2;چہوٹا سا ٹکڑا۔آلو کے چپس
chocolate;Noun;A1;چاکلیٹ
choice;Noun;A2;انتخاب کردہ۔پسند
choose;Verb;A1;انتخاب کرنا۔تَرجِیح دینا
church;Noun;A2;عیسائیوں کی عبادت گاہ
cigarette;Noun;A2;سگریٹ
cinema;Noun;A1;جھاں فلم دکھائی جائے۔سینما
circle;Noun Verb;A2;دائرہ، چکر لگانا
circumstance;Noun;B2;حالات
cite;Verb;B2;حَوالَہ دینا۔تذکرہ کرنا
citizen;Noun;B2;شہری
city;Noun;A1;شہر
civil;Adjective;B2;شہری۔سول
claim;Verb  Noun;B1;مُطالبہ کرنا، دعویٰ
class;Noun;A1;جماعت۔گروہ
classic;Adjective, Noun;B2;نہایت اعلٰی
classical;Adjective;A2;اعلٰی درجے کا
classroom;Noun;A1;جماعت
clause;Noun;B1;فقرہ۔شق
clean;Adjective, Verb;A1;صاف، صاف کرنا
clear;Adjective, Verb;A2, B1;صاف، صاف ہونا
clearly;Adverb;A2;بےشک۔واضح طَور پَر
clever;Adjective;A2;چالاک
click;Verb  Noun;B1;ٹک ٹک کرنا، کلک کرنا
client;Noun;B1;مُوکّل۔خریدار
climate;Noun;A2;آب و ہوا۔موسم
climb;Verb  Noun;A1, B1;اُوپر چڑھنا، چڑھائی
clock;Noun;A1;گھڑی
close1;Verb  Noun;A1, B2;بند کرنا ۔ بند
close2;Adjective , Adverb ;A2, B1;قریب ۔ قریبی
closed;Adjective;A2;بند
closely;Adverb;B2;قریب قریب۔توجہ سے
cloth;Noun;B1;کپڑا
clothes;Noun;A1;کَپڑے۔لِباس
clothing;Noun;A2;پہناوا ۔ لباس
cloud;Noun;A2;بادل۔ ابر
club;Noun;A1;کلب
clue;Noun;B1;سراغ۔اِشارہ۔ثبوت
coach;Noun Verb;A2, B1;کھیل سکھانے والا، تربیت کرنے والا
coal;Noun;B1;کوئلہ
coast;Noun;A2;ساحِل سَمَندَر
coat;Noun;A1;کوٹ۔اوپر ی غلاف
code;Noun;A2;پیغام کو خفیہ کرنے کا طریقہ۔ضابطہ
coffee;Noun;A1;کافی
coin;Noun;B1;سکّہ
cold;Adjective  Noun;A1;سردی، زکام
collapse;Verb  Noun;B2;ٹوٹ جانا، ہار ماننا ۔ گرنا
colleague;Noun;A2;ساتھی۔دفتر وغیرہ میں ساتھ کام کرنے والا
collect;Verb;A2;جمع کرنا۔اکٹھا کَرنا
collection;Noun;B1;ڈھیر۔انبار
college;Noun;A1;کالج
colour;Noun;A1;رنگ
coloured;Adjective;B1;رنگین
column;Noun;A2;کالم۔مضمون
combination;Noun;B2;ملاپ۔اتحاد
combine;Verb;B1;یکجا کرنا۔مِلانا
come;Verb;A1;آنا۔کسی جگہ پہنچنا
comedy;Noun;A2;مزَاحیہ فلم یا ڈرامہ۔مزَاح
comfort;Noun Verb;B2;آرام، دلاسا دینا۔تسکین دینا
comfortable;Adjective;A2;آرام دہ۔اِطمینان بَخش
command;Noun Verb;B2;حکم، کَمان کَرنا۔اصرار کرنا
comment;Noun Verb;A2, B1;بیان، تبصرہ دینا
commercial;Adjective  Noun;B1;کاروباری، تجارتی معاملہ
commission;Noun Verb;B2;کمیشن، حُکَم جاری کرنا۔ذمہ داری دینا
commit;Verb;B1;عہد کرنا۔ سونپنا
commitment;Noun;B2;عزم ۔ معاہدہ
committee;Noun;B2;کَمیٹی۔پَنچایت
common;Adjective  Noun;A1;عام، پارک
commonly;Adverb;B2;عام طور پر
communicate;Verb;A2;بات چیت کرنا ۔ اطلاع دینا
communication;Noun;B1;تَبادلہ خَیال۔مراسلہ۔رابطہ
community;Noun;A2;برادری۔مُشتَرکہ مَلکیت
company;Noun;A1;کمپنی۔تِجارتی اِدارہ
compare;Verb;A1;مُوازنہ کَرنا۔مقابل
comparison;Noun;B1;موازنہ۔مماثلت
compete;Verb;A2;مقابلہ کرنا
competition;Noun;A2;مقابلہ۔مُسابقَت
competitor;Noun;B1;مَد مُقابِل۔حَریف
competitive;Adjective;B1;مُسَابقَتی۔مُسَابقَانہ
complain;Verb;A2;شِکوہ کَرنا۔گِلہ کَرنا
complaint;Noun;B1;شِکوہ۔الزام۔بیماری
complete;Adjective  Verb;A1;کامل، مکمل کرنا۔خَتَم کرنا
completely;Adverb;A2;مُکَمَل طَور پَر۔کُلی طور پر
complex;Adjective, Noun;B1, B2;پیچیدہ۔مُرکّب۔عمارت
complicated;Adjective;B2;پیچیدہ
component;Noun;B2;جُز۔عنصر
computer;Noun;A1;کمپیوٹر
concentrate;Verb;B1;گاڑھا کرنا۔توجہ مرکوز کرنا
concentration;Noun;B2;پوری توجہ۔گھنا پن۔کثافت
concept;Noun;B2;تصوّر
concern;Noun Verb;B2;تعلِّق۔ مُتعلِق ہونا
concerned;Adjective;B2;فِکرمَند
concert;Noun;A1;ناچ گانے کی تقریب
conclude;Verb;B1;نتیجہ اَخذ کَرنا۔ختم ہونا
conclusion;Noun;B1;نتیجہ
condition;Noun;A2;حالت۔شرط
conduct;Verb  Noun;B2;رہنمائی کرنا، برتاو۔کِردار
conference;Noun;A2;اِجلاس۔اِتحاد۔مشاورت
confidence;Noun;B2;یقین۔پر اعتمادی
confident;Adjective;B1;پرُ اعتماد
confirm;Verb;B1;ثابت کرنا۔تصدیق کرنا
conflict;Noun Verb;B2;لَڑائی۔تضاد، متصادم ہونا
confuse;Verb;B1;پریشان کرنا۔الجھنا
confused;Adjective;B1;الجھن ۔ مذبذب
confusing;Adjective;B2;پریشان کن
connect;Verb;A2;ملانا۔رابطہ کرنا
connected;Adjective;A2;جُڑا ہوا
connection;Noun;B1;تَعلّق۔کَڑی
conscious;Adjective;B2;واقف۔ہوشمند
consequence;Noun;B1;نتیجہ۔اثر
conservative;Adjective, Noun;B2;محتاط، قدامت پسند
consider;Verb;A2;خیال کرنا۔سمجھنا
consideration;Noun;B2;غورو فِکر
consist;Verb;B1;مشتمل ہونا۔پیدا ہونا
consistent;Adjective;B2;متواتر ۔ تسلسل
constant;Adjective;B2;ثابت قدم
constantly;Adverb;B2;بِلا ناغَہ۔مسلسل
construct;Verb;B2;تعمیر کرنا۔بنانا
construction;Noun;B2;تَعمیر۔تعمیراتی
consume;Verb;B1;استعمال کرنا۔ضائع کرنا
consumer;Noun;B1;صارف۔استعمال کرنے والا
contact;Noun Verb;B1;تعلق۔ رابطہ کرنا
contain;Verb;A2;مشتمِل ہونا۔رکھنا
container;Noun;B1;ڈبّہ
contemporary;Adjective;B2;ہم عصر
content;Noun;B1;اجزاء
contest;Noun Verb;B2;مقابلہ، مخالفت کرنا
context;Noun;A2;ماحول۔سیاق و سباق
continent;Noun;A2;بَرّ اعظم
continue;Verb;A2;جاری رکھنا۔برقرار رکھنا
continuous;Adjective;B1;مُسلسل۔لگاتار
contract;Noun Verb;B2;معاہدہ۔ معاہدہ کرنا
contrast;Noun Verb;B1;اُلٹ، موازنہ کَرنا
contribute;Verb;B2;حصہ ڈالنا۔مہیا کرنا
contribution;Noun;B2;حصہ۔شراکت
control;Noun Verb;A2;قابو۔ قابو کرنا
convenient;Adjective;B1;مناسب۔کُشَادَہ
conversation;Noun;A1;گفتگو۔تبادلہ خیال
convert;Verb;B2;تبدیل کَرنا۔بدل ڈالنا
convince;Verb;B1;قائل کرنا۔رضامند کرنا
convinced;Adjective;B2;پریقین۔قائل ہونا
cook;Verb  Noun;A1, A2;پکانا۔ باورچی
cooker;Noun;A2;پکانے والا
cooking;Noun;A1;کھانا پکانا
cool;Adjective, Verb;A1, B1;سرد، ٹھنڈا کرنا
copy;Noun Verb;A2;نقل، نقل کرنا
core;Noun Adjective;B2;مَرکَزی حِصّہ۔لازمی
corner;Noun;A2;کونا
corporate;Adjective;B2;مستند ۔ متحد
correct;Adjective  Verb;A1;ٹھیک، دُرُست کرنا
correctly;Adverb;A2;صحیح۔ٹھیک طرح
cost;Noun Verb;A1;قیمت۔قدر
costume;Noun;B1;کھیل کا خاص لباس۔فیشن
cottage;Noun;B1;ایک منزلہ گھر۔جہونپڑی
cotton;Noun;B1;کپاس۔روئی
could;Verb;A1;سکا ۔ سکنا
council;Noun;B2;جماعت۔شوریٰ
count;Verb  Noun;A2, B1;گنتی کرنا، گنتی
country;Noun;A1;ملک
countryside;Noun;B1;دیہی علاقہ
county;Noun;B2;ضلع
couple;Noun;A2;جوڑا۔شادی شُدہ جوڑا
courage;Noun;B2;دلیری۔بہادری
course;Noun;A1;نصاب۔سلسلہ
court;Noun;B1;کچہری۔عدالتی کمرہ
cousin;Noun;A1;چچا زاد یا ماموں زاد بہن یا بھائی
cover;Verb  Noun;A2, B1;ڈھانپنا، ڈھکّن
covered;Adjective;B1;ڈھکا ہوا۔ملفوف
cow;Noun;A1;گائے
crash;Noun Verb;B2;حادثہ، گرپڑنا۔ٹَکرانا
crazy;Adjective;A2;پاگل
cream;Noun Adjective;A1, B1;بالائی۔انتہائی ماہر
create;Verb;A1;پیدا کرنا۔تَیّار کَرنا
creation;Noun;B2;کائنات۔تخلیق۔آغاز
creative;Adjective;A2;ایجادی۔تخلیقی
creature;Noun;B2;مخلوق۔حیوان۔جانور۔اِنسان
credit;Noun Verb;A2, B2;سِہرا۔اُدھار۔منسُوب کرنا
crew;Noun;B2;جہاز کا عملہ
crime;Noun;A2;جرم۔گناہ
criminal;Noun Adjective;A2, B1;مُجرِم
crisis;Noun;B2;بُحران۔نازک دور
criterion;Noun;B2;کسوٹی۔معیار
critic;Noun;B2;تجزیہ نگار۔تنقید کرنے والا
critical;Adjective;B2;تنقیدی۔نازک
criticism;Noun;B2;تنقید۔نکتہ چینی
criticize;Verb;B2;تنقید کرنا
crop;Noun;B2;کاشت۔پیداوارِ فصل
cross;Verb  Noun;A2;صلیب ۔ سفر کرنا
crowd;Noun;A2;ہجُوم۔گِروہ دوستوں کا
crowded;Adjective;A2;بھرا ہوا
crucial;Adjective;B2;نہایت اہم
cruel;Adjective;B1;ظالمانہ
cry;Verb  Noun;A2, B2;چیخنا، چیخ اُٹھنا
cultural;Adjective;B1;ثقافتی۔تَمدَّنی
culture;Noun;A1;تہذیب۔ثقافت
cup;Noun;A1;کَپ۔پیالی
cupboard;Noun;A2;چہوٹی الماری
cure;Verb  Noun;B2;علاج کرنا، شِفا بَخَش
curly;Adjective;A2;گُھنگرالا۔لہریا
currency;Noun;B1;کرنسی۔نوٹ
current;Adjective, Noun;B1, B2;موجودہ، برقی کرنٹ
currently;Adverb;B1;اس وقت
curtain;Noun;B1;پردہ
curve;Noun Verb;B2;مُڑا، چکر دینا۔سَمت بدلنا
curved;Adjective;B2;مُڑا ہوا
custom;Noun;B1;اپنی مرضی کے مطابق
customer;Noun;A1;گاہک۔خریدار
cut;Verb , Noun;A1, B1;کاٹنا، منافے کاحصہ
cycle;Noun Verb;A2, B1;چکّر، سائیکَل چلانا
dad;Noun;A1;والد
daily;Adjective, Adverb;A2, B1;ہر روز
damage;Noun Verb;B1;نُقصان، نُقصان پہنچانا
dance;Noun Verb;A1;رقص۔ رقص کرنا
dancer;Noun;A1;ناچنے والی یا والا
dancing;Noun;A1;موسیقی پر ناچنا
danger;Noun;A2;خطرہ
dangerous;Adjective;A1;خطرناک
dark;Adjective, Noun;A1, A2;اندھیرا
data;Noun;A2;اعداد و شمار
date;Noun Verb;A1, B2;تاریخ۔کھجور
daughter;Noun;A1;بیٹی
day;Noun;A1;دن
dead;Adjective;A2;مردہ
deal;Verb  Noun;A2, B1;غور کرنا، معاملہ طے پانا
dear;Adjective, exclam;A1, A2;عزیز
death;Noun;A2;موت
debate;Noun Verb;B2;مباحثہ، مشاورت کرنا
debt;Noun;B2;مقروض۔اُدھار
decade;Noun;B1;دس سال کا عرصہ۔دہائی
December;Noun;A1;دسمبر
decent;Adjective;B2;مہذب
decide;Verb;A1;فیصلہ کرنا
decision;Noun;A2;فیصلہ سازی۔ارادہ
declare;Verb;B2;اعلان کَرنا۔قرار دینا
decline;Verb  Noun;B2;زوال پزیر ہونا۔کمی
decorate;Verb;B1;سجانا
decoration;Noun;B2;سجاوٹ
decrease;Verb  Noun;B2;کم کرنا، گھٹنا
deep;Adjective, Adverb;A2, B1;گہرا
deeply;Adverb;B2;گہرائی سے
defeat;Verb  Noun;B2;شکست دینا، شکست۔ناکامی
defence;Noun;B2;دفاع۔تحفظ
defend;Verb;B2;دِفاع کرنا
define;Verb;B1;معنی واضع کرنا
definite;Adjective;B1;واضع
definitely;Adverb;A2;بے شک۔صحیح طور پر
definition;Noun;B1;تعریف۔وضاحت
degree;Noun;A2;سند۔ناپنے کا کوئی درجہ
delay;Verb  Noun;B2;تاخیر کرنا تاخیر
deliberate;Adjective;B2;غور فکر کرنا
deliberately;Adverb;B2;جان بوجھ کر
delicious;Adjective;A1;مزے دار
delight;Verb  Noun;B2;خُوش کرنا، خُوشی بخش
delighted;Adjective;B2;خوش۔مسرور
deliver;Verb;B1;بھیجنا
delivery;Noun;B2;دینا۔ترسیل
demand;Noun Verb;B2;تقاضہ، ضروری ہونا
demonstrate;Verb;B2;پیش کرنا۔ثابت کرنا۔مظاہرہ
dentist;Noun;A2;دانتوں کے ڈاکٹر
deny;Verb;B2;انکار کرنا۔تَرک کردینا
department;Noun;A2;شُعبہ۔محکمہ
departure;Noun;B1;روانگی
depend;Verb;A2;منحصر ہونا
depressed;Adjective;B2;افسردہ۔اداس
depressing;Adjective;B2;مایوس کن
depth;Noun;B2;گہرائی
describe;Verb;A1;وضاحت کرنا
description;Noun;A1;وضاحت
desert;Noun Verb;A2, B2;صحرا، چہوڑ دینا
deserve;Verb;B2;مُستحِق ہونا۔اہلیّت رکھنا
design;Noun Verb;A1;نمونہ بنانا، تَدبیر کَرنا
designer;Noun;A2;خاکہ بنانے والا ۔ موجد
desire;Noun Verb;B2;خواہش، اُمِّید کرنا
desk;Noun;A1;لکھنے والی میز۔ڈیسک
desperate;Adjective;B2;مایوس کن
despite;prep;B1;کے باوجود
destination;Noun;B1;منزل مقصود۔منزل
destroy;Verb;A2;تباہ کردینا
detail;Noun Verb;A1, B2;تفصیل، تفصیل بیان کرنا
detailed;Adjective;B2;تفصیلی
detect;Verb;B2;پتہ لگانا۔سُراغ لگانا
detective;Noun;A2;خُفیہ پولیس کا افسر۔جاسوس
determine;Verb;B1;متیعن کرنا
determined;Adjective;B1;ثابت قدم۔پختہ
develop;Verb;A2;کوئی نئی چیز تیار کرنا۔ترقی پانا
development;Noun;B1;تَشکیل۔ارتقا
device;Noun;A2;آلہ ۔ ڈیوائس
diagram;Noun;B1;نَقشہ۔تصویر بنانا
dialogue;Noun;A1;دو افراد کے درمیان گفتگو
diamond;Noun;B1;ہیرا۔قیمتی پتھر
diary;Noun;A2;روز لکھے جانے والی ڈائری
dictionary;Noun;A1;لُغت۔ڈکشنری
die;Verb;A1;مَرجانا
diet;Noun;A1;خاص غذا
difference;Noun;A1;فرق ہونا۔اِختلافِ رائے
different;Adjective;A1;مختلف۔الگ
differently;Adverb;A2;مختلف انداز سے
difficult;Adjective;A1;مشکل۔پیچیدہ
difficulty;Noun;B1;مشکل
dig;Verb;B2;کہودنا
digital;Adjective;A2;عددی۔ڈیجیٹل
dinner;Noun;A1;رات کے وقت کا کھانا
direct;Adjective, Verb  Adverb;A2, B1;براہ راست، حکم دینا۔بھیجنا
direction;Noun;A2;سمت
directly;Adverb;B1;براہ راست
director;Noun;A2;مُنتَظَم۔ہدایت کار۔نگرانی کرنے والا
dirt;Noun;B1;میل کُچیل۔مٹی
dirty;Adjective;A1;گَندَہ۔نَجَس
Dis Adverbantage;Noun;B1;نقصان
disagree;Verb;A2;مُخالفَ ہونا۔اختلاف راۓ ہونا
disappear;Verb;A2;غائب ہونا۔نظروں سے اوجھل ہو جانا
disappointed;Adjective;B1;مایوس کُن
disappointing;Adjective;B1;مایوس کُن۔غیر تَسلّی بَخش
disaster;Noun;A2;آفت۔شدید حادثہ
disc;Noun;B2;کوئی ڈِش۔طَشتَری
discipline;Noun;B2;نظم و ظبط
discount;Noun Verb;B1, B2;خریداری پر چہوٹ دینا
discover;Verb;A2;دَریافت کَرنا۔سُراغ لگانا
discovery;Noun;A2;دریافت
discuss;Verb;A1;گفتگو کرنا۔کسی معاملہ پربحث کرنا
discussion;Noun;A2;گُفتگُو۔بحث
disease;Noun;A2;بیماری۔مرض
dish;Noun;A1;ڈش۔تھال۔خاص کھانا
dishonest;Adjective;B2;بد دیانت۔مکار
dislike;Verb  Noun;B1;ناپسند کرنا، نفرت کرنا
dismiss;Verb;B2;برطرف کرنا
display;Verb  Noun;B2;نُمایاں کَرنا۔نُمائش کرن
distance;Noun;A2;فاصلہ
distribute;Verb;B2;تقسیم کرنا۔پھیلان
distribution;Noun;B2;تقسیم
district;Noun;B2;ضلع
divide;Verb  Noun;B1, B2;تقسیم کَرنا۔ جدا کرنا
division;Noun;B2;درجہ
divorced;Adjective;A2;طلاق
do;Verb  auxiliary verb;A1;کرنا
doctor;Noun;A1;ڈاکٹر
document;Noun Verb;A2, B2;تحریر دستاویز
documentary;Noun;B1;حقیقیت پر بنائی گئی فِلم ، ڈرامہ
dog;Noun;A1;کتا
dollar;Noun;A1;ڈالر۔امریکا کا سِکہ
domestic;Adjective;B2;گھریلو۔داخلی
dominate;Verb;B2;غالب ہونا
donate;Verb;B1;مدد کرنا۔عطیہ دینا
door;Noun;A1;دروازہ
double;Adjective  det. proNoun Verb , Adverb ;A2, B1;دگنا
doubt;Noun Verb;B1;شک و شبہ، شک کرنا
down;Adverb  Prep;A1;نیچے
download;Verb  Noun;A2;ڈاؤن لوڈ کرنا
downstairs;Adverb , Adjective;A1, A2;نیچے والی منزل پر، نیچے کی منزل
downwards;Adverb;B2;نیچے کی طرف
dozen;Noun det;B2;ایک درجن
draft;Noun Verb;B2;مسودہ۔خاکہ بنانا
drag;Verb;B2;گھسیٹنا۔کھینچنا
drama;Noun;A2;ڈرامہ۔ناٹک
dramatic;Adjective;B2;ڈرامائی
draw;Verb;A1;دھکا لگانا۔حاصل کرنا
drawing;Noun;A2;خاکہ۔نقشہ نویسی
dream;Noun Verb;A2;خواب، خیالی پُلاو بنانا
dress;Noun Verb;A1;لباس، کپڑے پہننا
dressed;Adjective;B1;ملبوس
drink;Noun Verb;A1;پینا۔مشروب پینا
drive;Verb  Noun;A1, A2;گاڑی چلانا۔مجبور کرنا، دھکّا
driver;Noun;A1;گاڑی چلانے والا۔ چلانے والا
driving;Noun;A2;چلانا۔ڈرائیونگ
drop;Verb  Noun;A2, B1;گرانا،قطرہ۔بوند
drug;Noun;A2;دوائی
drum;Noun;B1;ڈھول
drunk;Adjective;B1;نشے کی حالت میں۔شرابی
dry;Adjective, Verb;A2;خشک خُشک کرنا
due;Adjective;B1;وجہ۔واجب الادا
during;prep;A1;دوران
dust;Noun;B1;گرد۔مٹی
duty;Noun;B1;فرض۔ڈیوٹی
DVD;Noun;A1;ڈی وی ڈی
each;det./proNoun/Adverb;A1;ہر کوئی۔فی کَس
ear;Noun;A1;کان
early;Adjective  Adverb;A1;ابتدائی، پہلے کا
earn;Verb;A2;کمانا۔نفع کمانا
earth;Noun;A2;زمین
earthquake;Noun;B1;زلزلہ
easily;Adverb;A2;آسانی کے ساتھ
east;Noun Adjective   Adverb;A1;مشرقی سمت۔ایشیا کے ملک
eastern;Adjective;B1;مشرقی
easy;Adjective;A1;آسان
eat;Verb;A1;کھانا کھانا
economic;Adjective;B1;اقتصادی۔معاشیاتی
economy;Noun;B1;معیشت۔کفایت شعاری
edge;Noun;B1;کنارا۔سَرحَد
edit;Verb;B2;ترمیم کرنا
edition;Noun;B2;ایڈیشن۔اشاعت۔شُمارہ
editor;Noun;B1;مرتب کرنے والا۔ایڈیٹر
educate;Verb;B1;تعلیم دینا۔تربیت کرنا
educated;Adjective;B1;تعلیم یافتہ
education;Noun;A2;تعلیم
educational;Adjective;B1;تدریسی۔تعلیمی
effect;Noun;A2;اثر۔نتیجہ۔تاثر
effective;Adjective;B1;موثر
effectively;Adverb;B1;موثر انداز میں
efficient;Adjective;B2;موثر۔قابل
effort;Noun;B1;کوشش
egg;Noun;A1;انڈہ
eight;number;A1;آٹھ
eighteen;number;A1;اٹھارہ
eighty;number;A1;اسی
either;det./proNoun Adverb;A2;یاتو ۔ خواہ یہ یا وہ
elderly;Adjective;B2;بزرگ
elect;Verb;B2;چننا۔ووٹ کے ذریعے منتخب کرنا
election;Noun;B1;انتخابات
electric;Adjective;A2;بجلی
electrical;Adjective;A2;بجلی۔الیکٹریکل
electricity;Noun;A2;بجلی
electronic;Adjective;A2;برقیات سے متعلق
element;Noun;B1;عنصر۔پُرزہ۔جُز
elephant;Noun;A1;ہاتھی
eleven;number;A1;گیارہ
else;Adverb;A1;علاوہ ۔ کوئی اور
elsewhere;Adverb;B2;دوسری جگہ
email;Noun Verb;A1;ای میل
embarrassed;Adjective;B1;شرمندہ
embarrassing;Adjective;B1;شرمناک۔ پریشان کن
emerge;Verb;B2;سامنے آنا۔ظاہر ہونا
emergency;Noun;B1;ہنگامی صورت حال۔ایمرجنسی
emotion;Noun;B1;جَذبات
emotional;Adjective;B2;جَذباتی
emphasis;Noun;B2;زور۔تاکید
emphasize;Verb;B2;تاکید کرنا۔زور ڈالنا
employ;Verb;A2;کام پر لگانا۔کام پر لگانا
employee;Noun;A2;ملازم۔تنخواہ کے عوض کام کرنے والا
employer;Noun;A2;ملازمت دینے والا
employment;Noun;B1;ملازم رکھنے کا فعل۔روزگار
empty;Adjective, Verb;A2, B1;خالی۔خالی کرنا
enable;Verb;B2;قابل بنانا۔مجاز کرنا
encounter;Verb  Noun;B2;تصادم ۔ مقابلہ۔ لڑائی
encourage;Verb;B1;حوصلہ افزائی کرنا۔ترقی دینا
end;Noun Verb;A1;اختتام، ختم کرنا
ending;Noun;A2;خاتمہ ۔ آخر کار
enemy;Noun;B1;دشمن
energy;Noun;A2;توانائی
engage;Verb;B2;ملوث ہونا۔مشغول ہونا
engaged;Adjective;B1;منگنی ۔ مختص
engine;Noun;A2;مشین۔توانائی کی قوت پیدا کرنے والی۔ انجن
engineer;Noun;A2;انجینئر
engineering;Noun;B1;ٹیکنالوجی۔صنعتیات۔انجینرنگ
enhance;Verb;B2;اضافہ کرنا۔بڑھانا
enjoy;Verb;A1;لطف اندوز ہونا۔خُوش ہونا
enormous;Adjective;A2;بہت بڑا
enough;det. proNoun Adverb;A1;کافی ۔
enquiry;Noun;B2;تحقیق۔سوال
ensure;Verb;B2;یقینی بنانا۔پَتا لَگانا۔جانچنا
enter;Verb;A2;داخل ہونا
entertain;Verb;B1;لطف دینا۔غور کرنا
entertainment;Noun;B1;تفریح
enthusiasm;Noun;B2;گرم جوشی۔ولولہ
enthusiastic;Adjective;B2;پُرجوش۔پُرولولہ
entire;Adjective;B2;پورا ۔ کامل
entirely;Adverb;B2;مُکَمَل طَور پَر
entrance;Noun;B1;داخلہ۔اندر  آنے کی جگہ
entry;Noun;B1;داخلہ۔اندراج
environment;Noun;A2;ماحول
environmental;Adjective;B1;ماحولیاتی
episode;Noun;B1;قسط
equal;Adjective, Verb  Noun;B1, B2;برابر، مَساوی ہونا، ہَم درجہ
equally;Adverb;B1;ایک جیسا۔یکساں
equipment;Noun;A2;سازوسامان
error;Noun;A2;غلطی
escape;Verb  Noun;B1;فرار ہونا ۔بچ نکلنا
especially;Adverb;A2;خاص طور پر
essay;Noun;A2;مضمون نویسی
essential;Adjective;B1;بُنیادی ۔ ضروری
establish;Verb;B2;قائم کرنا
estate;Noun;B2;جائیداد ۔ اسٹیٹ
estimate;Verb  Noun;B2;تخمینہ۔تخمینہ لگانا
ethical;Adjective;B2;اخلاقی۔اصولی
euro;Noun;A1;یورو
evaluate;Verb;B2;اندازہ لگانا
even;AdVerb  Adjective;A1, B2;بھی
evening;Noun;A1;شام
event;Noun;A1;تقریب
eventually;Adverb;B1;آخر کار
ever;Adverb;A1;کبھی
every;det;A1;ہر کوئی
everybody;proNoun;A1;ہر کوئی
everyday;Adjective;A2;ہر روز
everyone;proNoun;A1;ہر کوئی
everything;proNoun;A1;سب کچھ
everywhere;Adverb;A2;ہر جگہ
evidence;Noun;A2;ثبوت
evil;Adjective, Noun;B2;بُرا، بَد کاری
exact;Adjective;A2;عین مطابق
exactly;Adverb;A2;بِلکُل صَحیح
exam;Noun;A1;امتحان
examination;Noun;B2;اِمتِحانی پرچہ
examine;Verb;B1;امتحان لینا
example;Noun;A1;مثال
excellent;Adjective;A2;بہترین
except;prep, conj;A2, B1;سوائے
exchange;Noun Verb;B1;تبادلے، تبادلہ کرنا
excited;Adjective;A1;بہت پرجوش
excitement;Noun;B1;جوش و خروش
exciting;Adjective;A1;دلچسپ
excuse;Noun Verb;B2;مُعافِی چَاہنا، مُعاف کَرنا
executive;Noun Adjective;B2;اَنجام دینے کا ذِمّہ دار
exercise;Noun Verb;A1;ورزش، استعمال کَرنا
exhibition;Noun;B1;نمائش
exist;Verb;A2;موجُود ہونا
existence;Noun;B2;وُجُود
expand;Verb;B1;تیزی سے بڑھنا
expect;Verb;A2;توَقُع کرنا
expectation;Noun;B2;توَقع
expected;Adjective;B1;متوقع
expedition;Noun;B1;تَفریحی سَفَر کرنا
expense;Noun;B2;لاگَت
expensive;Adjective;A1;مَہنگا
experience;Noun Verb;A2, B1;تجَربَہ
experienced;Adjective;B1;تجَربہ کار
experiment;Noun Verb;A2, B1;تجَربہ، آزمانا
expert;Noun Adjective;A2;ماہرِ
explain;Verb;A1;وضاحَت کرنا
explanation;Noun;A2;وَضاحَت
explode;Verb;B1;دھماکہ کرنا
exploration;Noun;B2;تلاش
explore;Verb;B1;تَحقِیق کرنا
explosion;Noun;B1;دھماکا
export;Noun Verb;B1;تِجارتی مال کی تَرسِیل، برآمد کرنا
expose;Verb;B2;ظاہِر کَرنا
express;Verb;A2;ظاہر کرنا
expression;Noun;A2;چہرے کا تاثر
extend;Verb;B2;مُدَّت بڑھانا
extent;Noun;B2;گُنجائش
external;Adjective;B2;بیرونی
extra;Adjective, Noun Adverb;A1, B1;اِضافی
extraordinary;Adjective;B2;حَیرَت اَنگیز
extreme;Adjective, Noun;A2, B2;انتہاء
extremely;Adverb;A2;نہایت
eye;Noun;A1;آنکھ
face;Noun Verb;A1, B1;چہرَہ، سامنا کَرنا
facility;Noun;B2;سَہُولَت دینا
fact;Noun;A1;حَقِیقَت
factor;Noun;A2;عنصر
factory;Noun;A2;فیکٹری
fail;Verb;A2;ناکام ہونا
failure;Noun;B2;ناکامی
fair;Adjective;A2;منصفانہ
fairly;Adverb;B1;مُناسب طور پر
faith;Noun;B2;ایمان
fall;Verb  Noun;A1, A2;کم ہونا، خزاں
FALSE;Adjective;A1;جھوٹ
familiar;Adjective;B1;مشہور
family;Noun Adjective;A1;خاندان
famous;Adjective;A1;مَشہُور
fan;Noun;A2;پنکھا۔پرستار
fancy;Verb  Adjective;B1;تَصَوُّر کرنا ۔ خیال کرنا
fantastic;Adjective;A1;نہایت عمدہ
far;Adverb , Adjective;A1, B1;دُور فاصلے پَر ۔ دوردراز
farm;Noun Verb;A1, A2;کھیت، کسان ہونا
farmer;Noun;A1;کسان
farming;Noun;A2;کھیتی باڑی
fascinating;Adjective;B1;دِلچَسپ
fashion;Noun;A2;طَور طریقَہ۔فیشن
fashionable;Adjective;B1;انوکھا ۔ فیشن ایبل ۔ وضع دار
fast;Adjective, Adverb;A1;تَیز
fasten;Verb;B1;منسلک ہونا ۔ جکڑنا
fat;Adjective, Noun;A1, A2;مٹاپا
father;Noun;A1;باپ
fault;Noun;B2;غلطی
favour;Noun Verb;B1, B2;حمایت، فائدہ دینا
favourite;Adjective, Noun;A1;پسندیدہ، عزی
fear;Noun Verb;A2, B1;خَوف، ڈَر ہونا
feather;Noun;B2;پنکھ
feature;Noun Verb;A2, B1;خصوصیت، فخر سے دکھانا
February;Noun;A1;فروری
fee;Noun;B2;فیس
feed;Verb  Noun;A2, B2;خوراک دینا،کھانا کھلانا
feedback;Noun;B2;آراء ۔ رائے
feel;Verb  Noun;A1, B2;محسوس کرنا، احساس رَکھنا
feeling;Noun;A1;احساس
fellow;Adjective;B2;ساتھی
female;Adjective, Noun;A2;عورت
fence;Noun;B1;چار دِیواری۔باڑ
festival;Noun;A1;تہوار
few;det./Adjective, proNoun;A1;چند
fiction;Noun;A2;اَفسانَہ ۔ من گھڑت
field;Noun;A2;میدان کھیت ۔ کاشت
fifteen;number;A1;پندرہ
fifth;number;A1;پانچویں
fifty;number;A1;پچاس
fight;Verb Noun;A2;مَزاحمَت کرنا، جَنگ
fighting;Noun;B1;لڑائی
figure;Noun Verb;A2, B2;عدد۔جسم، اندازہ لگانا
file;Noun Verb;B1, B2;فائل، فائل میں لگانا
fill;Verb;A1;فل کرنا۔بھرنا
film;Noun Verb;A1, A2;فلم، فلم بنانا
final;Adjective, Noun;A1, A2;اختتامی ۔ فائنل
finally;Adverb;A2;آخر کار
finance;Noun Verb;B2;مالِیات، رقم دینا
financial;Adjective;B1;مالِیاتی
find;Verb;A1;پتہ لگانا ۔ پانا
finding;Noun;B2;دریافت
fine;Adjective;A1;ٹھیک
finger;Noun;A2;انگلی
finish;Verb  Noun;A1, A2;خَتَم کرنا، اِختتام
fire;Noun Verb;A1, B1;آ گ، عہدے سے ہٹا نا
firm;Noun;B2;تِجارتی اِدارہ
first;det./number.AdVerb  Noun;A1, A2;پہلا
firstly;Adverb;A2;سب سے پہلے
fish;Noun Verb;A1, A2;مچھلی، مچھلی کا شکار کرنا
fishing;Noun;A2;ماہی گیری
fit;Verb  Adjective;A2;ٹھیک بنانا، تندرست ہونا
fitness;Noun;B1;فٹنس
five;number;A1;پانچ
fix;Verb  Noun;A2, B2;مُرمّت کرنا، طے کر
fixed;Adjective;B1;طے شدہ
flag;Noun;B1;پرچم
flame;Noun;B2;شعلہ
flash;Noun Verb;B2;اَچانَک سے چَمَکنا، چَمَکنا
flat;Noun Adjective;A1, A2;ہَموار
flexible;Adjective;B2;لچکدار
flight;Noun;A1;پرواز
float;Verb;B2;تَیرنا
flood;Noun Verb;B1;سیلاب، پانی سے بھرجانا
floor;Noun;A1;فرش
flour;Noun;B1;آٹا
flow;Verb  Noun;B1;بَہاو
flower;Noun;A1;پھول
flu;Noun;A2;زُکام
fly;Verb  Noun;A1, A2;ہوا میں اڑنا، پرواز
flying;Noun Adjective;A2;ہَوائی سَفَر
focus;Verb  Noun;A2;توجہ دینا، توجہ 
fold;Verb  Noun;B1, B2;موڑنا، موڑ
folding;Adjective;B2;تہ
folk;Noun Adjective;B1;لوگ
follow;Verb;A1;پَیروی کرنا
following;Adjective, Noun prep;A2, B1, B2;ماننے والے ۔ درجہ ذیل
food;Noun;A1;خوراک
foot;Noun;A1;پاؤں
football;Noun;A1;فٹ بال
for;prep.;A1;کے لئے
force;NounVerb;B1;طاقَت، زور ڈالنا
foreign;Adjective;A2;غَیر مُلکی
forest;Noun;A2;جنگل
forever;Adverb;B1;ہمیشہ کے لئے
forget;Verb;A1;بھولنا
forgive;Verb;B2;معاف کرنا
fork;Noun;A2;کانٹا
form;NounVerb;A1;قِسم، وجود میں لانا
formal;Adjective;A2;رَسمی
former;Adjective;B2;سابق
fortunately;Adverb;A2;خوش قسمتی سے
fortune;Noun;B2;نصیب ۔ خوش قسمتی
forty;number;A1;چالیس
forward;AdVerb  Adjective;A2, B2;آگے کی طَرَف
found;Verb;B2;قائم کرنا ۔ بنانا
four;number;A1;چار
fourteen;number;A1;چودہ
fourth;number;A1;چوتھی
frame;NounVerb;B1;چشمے کا فریم، پھانسنا
free;Adjective, AdVerb  Verb;A1,A2,B2;خود مختار، مفت۔ آزاد کرنا
freedom;Noun;B2;آزادی
freeze;Verb;B1;برَف بَن جانا۔منجمد
frequency;Noun;B2;تعداد تکرار۔فریکوئنسی
frequently;Adverb;B1;اکثر اوقات
fresh;Adjective;A2;تازه
Friday;Noun;A1;جمعہ
fridge;Noun;A2;فَرِیج
friend;Noun;A1;دوست
friendly;Adjective;A1;دوستانہ
friendship;Noun;B1;دوستی
frighten;Verb;B1;خوف پیدا ہونا
frightened;Adjective;B1;خوف زدہ
frightening;Adjective;B1;خوفناک
frog;Noun;A2;مینڈک
from;prep;A1;سے
front;Noun Adjective;A1;سامنے
frozen;Adjective;B1;جَما ہُوا ۔ منجمد
fruit;Noun;A1;پھل
fry;Verb;B1;فَرائی کرنا
fuel;Noun Verb;B1, B2;ایندھن، ایندھن حاصل کرنا
full;Adjective;A1;مکمل
fully;Adverb;B2;مُکمّل طَور سے
fun;Noun Adjective;A1, A2;ہنسی مذاق
function;Noun Verb;B1, B2;تقریب ۔ کام
fund;Noun Verb;B2;رَقَم جمع کرنا
fundamental;Adjective;B2;بنیادی
funding;Noun;B2;سَرمایَہ کاری
funny;Adjective;A1;مزاحیہ
fur;Noun;B1;جانوروں کی بالوں والی کھال
furniture;Noun;A2;فرنیچر
further;Adjective, Adverb;A2, B1;مَزِید
furthermore;Adverb;B2;مزید برآں
future;Noun Adjective;A1, A2;مستقبل
gain;Verb  Noun;B2;حاصل کرنا، اضافہ کرنا
gallery;Noun;A2;بَرآمدہ ۔ گیلری
game;Noun;A1;کھیل
gang;Noun;B2;مجرموں کا گروہ  گینگ
gap;Noun;A2;خلا
garage;Noun;B1;گیراج
garden;Noun;A1;باغ
gas;Noun;A2;گیس
gate;Noun;A2;گُزرگاہ، گیٹ
gather;Verb;B1;اکٹھا کَرنا
general;Adjective;A2;جنرل
generally;Adverb;B1;عام طور پَر
generate;Verb;B2;پیدا کَرنا
generation;Noun;B1;نسل
generous;Adjective;B1;سخی
genre;Noun;B2;قسم ۔ سٹائل
gentle;Adjective;B1;نرم
gentleman;Noun;B1;بھلا انسان
geography;Noun;A1;عِلم جُغرافیہ
get;Verb;A1;حاصَل کَرنا
ghost;Noun;B1;بھُوت
giant;Adjective, Noun;B1;بہَت بَڑا۔دیو
gift;Noun;A2;تحفہ
girl;Noun;A1;لڑکی
girlfriend;Noun;A1;گرل فرینڈ
give;Verb;A1;دینا
glad;Adjective;B1;خوشی
glass;Noun;A1;گلاس
global;Adjective;B1;عالمی
glove;Noun;B1;دستانہ
go;Verb  Noun;A1, B1;روانہ ہونا، جانا ۔ جاؤ
goal;Noun;A2;مقصد
God;Noun;A2;خدا
gold;Noun Adjective;A2;سونا
golf;Noun;A2;گولف۔کھیل
good;Adjective, Noun;A1, A2;اچھا، فائدہ
goodbye;exclam. Noun;A1;خدا حافظ
goods;Noun;B1;اشیا
govern;Verb;B2;حکومت کرنا
government;Noun;A2;حکومت
grab;Verb;B2;پَکَڑنا
grade;Noun Verb;B1, B2;جماعت، درجہ دینا
gradually;Adverb;B2;آہِستہ آہِستہ
graduate;Noun Verb;B1;ڈِگری یا سَنَد پانے والا، سَنَد حاصل کرنا
grain;Noun;B1;اناج
grand;Adjective;B2;عالیشان ۔ گرینڈ
grandfather;Noun;A1;دادا
grandmother;Noun;A1;دادی
grandparent;Noun;A1;دادا، دادی
grant;Verb  Noun;B2;عطا کَرنا، عطیہ
grass;Noun;A2;گھاس
grateful;Adjective;B1;شُکَر گُزار
great;Adjective;A1;زبردست
green;Adjective, Noun;A1;سَبز
greet;Verb;A2;سَلام کَرنا
grey;Adjective, Noun;A1;سرمئی
ground;Noun;A2;زمین
group;Noun;A1;گروہ
grow;Verb;A1;نشونُما پانا
growth;Noun;B1;ترقی
guarantee;Verb  Noun;B2;یقینی بنانا، ضَمانَت
guard;Noun Verb;B1;مُحافِظ، حفاظت کرنا
guess;Verb  Noun;A1;خیال کرنا، تُکّا
guest;Noun;A2;مہمان
guide;Noun Verb;A2;راہنُمائی کَرنے والا، راہ دکھانا
guilty;Adjective;B1;مُجَرم
guitar;Noun;A1;گٹار
gun;Noun;A2;بندوق
guy;Noun;A2;لَڑکا
gym;Noun;A1;جم
habit;Noun;A2;عادت
hair;Noun;A1;بال
half;Noundet.proNoun, Adverb;A1, A2;نِصف
hall;Noun;A2;ہال
hand;Noun Verb;A1, B1;ہاتھ، پکڑانا
handle;Verb  Noun;B2;سنبھالنا، قَبضہ
hang;Verb;B1;لَٹکانا
happen;Verb;A1;واقع ہونا
happily;Adverb;A2;خوشی سے
happiness;Noun;B1;خُوشی
happy;Adjective;A1;خوش
hard;Adjective, Adverb;A1;سخت، مَضبُوطی سے
hardly;Adverb;B1;مشکل سے
harm;Noun Verb;B2;نقصان، نقصان دہ
harmful;Adjective;B2;نقصان دہ
hat;Noun;A1;ٹوپی
hate;Verb  Noun;A1, B1;نفرت کرنا، نفرت
have;Verb  auxiliary Verb;A1, A2;ہے ۔ رکھنا
have to modal;Verb;A1;ہے کرنے موڈل
he;proNoun;A1;وہ
head;Noun Verb;A1, B1;سر، سربراہ ہونا
headache;Noun;A2;سردرد
headline;Noun;B1;شہ سرخی
health;Noun;A1;صحت
healthy;Adjective;A1;صحت مند
hear;Verb;A1;سُننا
hearing;Noun;B2;سماعت
heart;Noun;A2;دل
heat;Noun Verb;A2;گرمی، گرم سے گرم تر کرنا
heating;Noun;B1;گرمی
heaven;Noun;B2;جنت
heavily;Adverb;B1;شدت کے ساتھ
heavy;Adjective;A2;بھاری
heel;Noun;B2;ایڑی
height;Noun;A2;اونچائی
helicopter;Noun;B1;ہیلی کاپٹر
hell;Noun;B2;جہنم
hello;exclam./Noun;A1;ہیلو
help;Verb Noun;A1;مدد کرنا، مدد
helpful;Adjective;A2;فائدہ مند۔مدد گار
her;proNoundet;A1;اس کے
here;Adverb;A1;یہاں
hero;Noun;A2;ہیرو
hers;proNoun;A2;اس
herself;proNoun;A2;خود کو
hesitate;Verb;B2;ہچکچانا
hey;exclam;A1;ارے
hi;exclam;A1;ہیلو
hide;Verb;A2;چھپانا
high;Adjective, AdVerb  Noun;A1, A2, B2;اُونچا ۔ اعلی
highlight;Verb Noun;B1;یادگاری ۔ خاص بات
highly;Adverb;B1;نہایت
hill;Noun;A2;پہاڑی
him;proNoun;A1;اسے
himself;proNoun;A2;خود
hire;Verb Noun;B1, B2;کرائے پر لینا، رقم کے بدلے خدمات لینا
his;det. proNoun;A1, A2;اپنے
historic;Adjective;B1;تاریخی
historical;Adjective;B1;تاریخ سے معتلُق
history;Noun;A1;تاریخ
hit;Verb Noun;A2;ٹکرانا، ضرب لگانا
hobby;Noun;A1;مَشغَلَہ ۔ شوق
hockey;Noun;A2;ہاکی
hold;Verb  Noun;A2, B2;قائم رکھنا، گرِفت
hole;Noun;A2;سوراخ
holiday;Noun;A1;چھٹی
hollow;Adjective;B2;کہوکھلا
holy;Adjective;B2;مقدس
home;Noun AdVerb  Adjective;A1, A2;گھر
homework;Noun;A1;گھر کا کام
honest;Adjective;B1;ایماندار
honour;Noun Verb;B2;تمغہ، عزت کَرنا
hope;Verb  Noun;A1, A2;اُمِّید کرنا، اُمِّید
horrible;Adjective;B1;خوفناک
horror;Noun;B1;خوف
horse;Noun;A1;گھوڑا
hospital;Noun;A1;ہسپتال
host;Noun Verb;B1, B2;مَیزبان میزبانی کرنا
hot;Adjective;A1;گرم
hotel;Noun;A1;ہوٹل
hour;Noun;A1;گھنٹہ
house;Noun Verb;A1, B2;گھر
household;Noun;B2;گھریلو
housing;Noun;B2;رہائشی
how;Adverb;A1;کیسے
however;Adverb;A1;پھر بھی
huge;Adjective;A2;بہت بڑا
human;Adjective, Noun;A2;اِنسانی، اِنسان
humorous;Adjective;B2;مزاحیہ ۔ خوش طبع
humour;Noun;B2;مزاج ۔مزح ۔ لحاظ کرنا
hundred;number;A1;سو
hungry;Adjective;A1;بھُوکا
hunt;Verb  Noun;B1, B2;شکار ۔ شکار کرنا
hunting;Noun;B2;شکار
hurricane;Noun;B1;طوفانی آندھی
hurry;Noun Verb;B1;جلدی، جلدی کرنا
hurt;Verb Adjective  Noun;A2, B2;نُقصان پہنچنا ۔ زخمی ۔ دکھ
husband;Noun;A1;شوہر
I;proNoun;A1;میں
ice;Noun;A1;برف
ice cream;Noun;A1;آئس کریم
idea;Noun;A1;خیال
ideal;Adjective , Noun;A2, B2;مثالی
identify;Verb;A2;شناخت کرنا
identity;Noun;B1;شناخت
if;conj.;A1;اگر
ignore;Verb;B1;نظر انداز کرنا
ill;Adjective;A2;بیمار
illegal;Adjective;B1;غیر قانونی
illness;Noun;A2;بیماری
illustrate;Verb;B2;تشریح کرنا ۔ وضاحت کرنا
illustration;Noun;B2;مِثال ۔ تشریح
image;Noun;A2;تصویر
imaginary;Adjective;B1;فرضی
imagination;Noun;B2;تصور
imagine;Verb;A1;تصور کرنا
immediate;Adjective;B1;فوری طور پر
immediately;Adverb;A2;فوری طَور پَر
immigrant;Noun;B1;مُہاجِر
impact;Noun Verb;B1;اثر، متاثرکرنا
impatient;Adjective;B2;جلد باز ۔ بے چین
imply;Verb;B2;اِشارتاً کہنا ۔ مطلب
import;Noun Verb;B1;درآمد، باہِر سے لانا
importance;Noun;B1;اہمیت
important;Adjective;A1;اہم
impose;Verb;B2;عائد کرنا
impossible;Adjective;A2;ناممکن
impress;Verb;B2;متاثر کرنا
impressed;Adjective;B2;متاثر
impression;Noun;B1;تاثر
impressive;Adjective;B1;اثر انگیز ۔ متاثر کن
improve;Verb;A1;بہتَر بَنانا
improvement;Noun;B1;بہتری
in;prep., Adverb ;A1;میں
inch;Noun;B2;انچ
incident;Noun;B2;واقعہ
include;Verb;A1;شامِل کرنا
included;Adjective;A2;شامِل
including;prep.;A2;سمیت
income;Noun;B2;آمدنی
increase;Verb  Noun;A2;زیادہ کرنا، اضافہ 
increasingly;Adverb;B2;تیزی۔ بڑھتی ہوئی
incredible;Adjective;A2;ناقابِل یقین
incredibly;Adverb;B1;ناقابِل یقینی طور پر
indeed;Adverb;B1;واقعی ۔ یقیناً
independent;Adjective;A2;آزاد
indicate;Verb;B1;ظاہر کرنا
indirect;Adjective;B1;بالواسطہ
individual;Noun, adj;A2;انسان، اکیلا
indoor;Adjective;B1;گھر میں
indoors;Adverb;B1;گھر کے اندر
industrial;Adjective;B2;صنعَتی
industry;Noun;A2;صنعت
infection;Noun;B2;بیماری کا حَملہ
influence;NounVerb;B1;اثر، زیرِ اثر
inform;Verb;B2;آگاہ کرنا
informal;Adjective;A2;غیر رسمی
information;Noun;A1;معلومات
ingredient;Noun;B1;جز ۔ عنصر
initial;Adjective;B2;ابتدائی
initially;Adverb;B2;ابتداء سے
initiative;Noun;B2;اِبتدائی ۔ پہل
injure;Verb;B1;زَخمی کرنا
injured;Adjective;B1;زَخمی
injury;Noun;A2;چوٹ۔زَخم
inner;Adjective;B2;اندرُونی
innocent;Adjective;B1;معصوم
insect;Noun;A2;کیڑا
inside;prep.Adverb Noun Adjective;A2;اندَر، اندرُونی
insight;Noun;B2;بصیرت
insist;Verb;B2;اصرار کرنا
inspire;Verb;B2;متاثر کرنا
install;Verb;B2;نصب کرنا
instance;Noun;B2;واقعہ ۔ مثال
instead;Adverb;A2;بجائے۔کی جگہ
institute;Noun;B2;تعلیمی ادارہ
institution;Noun;B2;ادارہ
instruction;Noun;A2;ہدایات
instructor;Noun;A2;اُستاد۔سکھانے والا
instrument;Noun;A2;آلہ
insurance;Noun;B2;بیمہ کاری کا عمل
intelligence;Noun;B1;ذہانت ۔ انٹیلی جنس
intelligent;Adjective;A2;ذہین
intend;Verb;B1;اِرادہ کرنا
intended;Adjective;B2;مطلوب ۔ مجوزہ
intense;Adjective;B2;شَدید
intention;Noun;B1;مقصد ۔ نیت
interest;Noun Verb;A1;دِلچَسپی
interested;Adjective;A1;دِلچَسپی رکھنا
interesting;Adjective;A1;دِلچَسپ
internal;Adjective;B2;اندرُونی
international;Adjective;A2;بین اقوامی
internet;Noun;A1;انٹرنیٹ
interpret;Verb;B2;تشریح کرنا
interrupt;Verb;B2;مداخلت کرنا
interview;Noun Verb;A1;گُفتَگُو، انٹرویو
into;prep.;A1;میں
introduce;Verb;A1;مُتعارف کرانا
introduction;Noun;A2;تعارف
invent;Verb;A2;ایجاد کرنا
invention;Noun;A2;ایجاد
invest;Verb;B1;سرمایہ کاری کرنا
investigate;Verb;B1;تفتیش کرنا
investigation;Noun;B2;تحقیقات
investment;Noun;B2;سرمایہ کاری
invitation;Noun;A2;دعوت نامہ
invite;Verb;A2;دعوت دینا
involve;Verb;A2;شامِل کرنا
involved;Adjective;B1;ملوث
iron;Noun Verb;B1;لوہا، اِستری کرنا
island;Noun;A1;جزیرہ
issue;Noun, Verb ;B1, B2;مسئلہ۔معاملہ، شائع کرنا
IT;Noun;B1;یہ
it;proNoun;A1;یہ
item;Noun;A2;شے۔جُز
its;det.;A1;اس کی
itself;proNoun;A2;خود
jacket;Noun;A1;جیکٹ
jam;Noun;A2;جام ۔ میٹھا مربہ
January;Noun;A1;جنوری
jazz;Noun;A2;جاز (موسیقی)
jeans;Noun;A1;جینس کا موٹا کپڑا
jewellery;Noun;A2;زیورات
job;Noun;A1;کام۔ملازمت
join;Verb;A1;جوڑنا۔شامل کرنا
joke;Noun Verb;A2;مذاق ۔ لطیفہ، لطیفہ سُنانا
journal;Noun;B1;شمارہ۔جرنل
journalist;Noun;A2;صحافی
journey;Noun;A1;سفر
joy;Noun;B2;خوشی
judge;Noun Verb;B1;جَج، مقدمہ چلانا
judgement;Noun;B2;فیصلہ سازی ۔ فیصلہ
juice;Noun;A1;رس ۔ عرق
July;Noun;A1;جولائی
jump;Verb Noun;A2;چھلانگ لگانا، چھلانگ
June;Noun;A1;جون
junior;Adjective;B2;چھوٹا
just;Adverb;A1;صرف
justice;Noun;B2;اِنصاف
justify;Verb;B2;جواز پیش کرنا
keen;Adjective;B1;شوقین ۔ آرزومند
keep;Verb;A1;رکھنا
key;Noun, Adjective Verb ;A1, B1;چابی، چابی دینا
keyboard;Noun;B1;کی بورڈ
kick;Verb  Noun;B1;لات مارنا، ٹھوکر
kid;Noun;A2;بچہ یا بچی
kill;Verb;A2;قَتل کر نا ۔ ہلاک کرنا
killing;Noun;B1;قَتَل کَرنے کا فعل ۔ ہلاکت
kilometre;Noun;A1;کلومیٹر
kind(type);Noun;A1;قِسم(قسم)
kind(caring);Adjective;B1;قسم (دیکھ بھال)
king;Noun;A2;بادشاہ
kiss;Verb Noun;B1;چُومنا، بوسہ
kitchen;Noun;A1;باورچی خانه
knee;Noun;A2;گھٹنے
knife;Noun;A2;چھری ۔ چاقو
knock;Verb , Noun;A2, B1;دستک دینا، کھٹکھٹانا
know;Verb;A1;معلوم ہونا
knowledge;Noun;A2;علم
lab;Noun;A2;لیبارٹری ۔ لیب
label;Noun Verb;B1;نِشان، لیبل لگانا
laboratory;Noun;B1;تَجزِیَہ گاہ۔لیبارٹری
labour;Noun;B2;مزدور طبقہ
lack;Noun Verb;B1;فُقدان، کَمی ہونا
lady;Noun;A2;خاتُون ۔ عورت۔ لیڈی
lake;Noun;A2;جھیل ۔ تالاب
lamp;Noun;A2;چَراغ ۔ لیمپ
land;Noun, Verb ;A1, A2;زمین ۔ اترنا
landscape;Noun;B2;اندرونی منظر
language;Noun;A1;زبان
laptop;Noun;A2;لیپ ٹاپ
large;Adjective;A1;بڑا
largely;Adverb;B2;بڑی حد تک
last1 (final);det., Adverb n;A1,  A2;آخری
last1 (taking time);Verb;A2;آخر
late;Adjective  Adverb;A1;دیرہونا ۔ تاخیر سے
later;Adverb , Adjective ;A1, A2;بعد میں
latest;Adjective , Noun;B1, B2;تازہ ترین
laugh;Verb  Noun;A1;ہَنسنا، قہقَہَہ لَگانا
laughter;Noun;A2;ہَنسی کی آواز
launch;Verb Noun;B2;قائم کرنا، چَلانا
law;Noun;A2;قانون
lawyer;Noun;A2;وکیل
lay;Verb;B1;لیٹ جانا ۔ لٹا دینا
layer;Noun;B1;تہ۔پرت
lazy;Adjective;A2;سست
lead;Verb , Noun;A2, B1;قیادت ۔ برتری
leader;Noun;A2;رہنما
leadership;Noun;B2;قَیادَت۔رہنمائی
leading;Adjective;B1;قیادتت ۔ رہنمائی
leaf;Noun;B1;پتہ ۔ پات ۔ ورق
league;Noun;B2;اِتحاد ۔ اتفاق
lean;Verb;B2;اعتماد کرنا۔ دبلا پتلا ۔ جھکنا
learn;Verb;A1;سیکھنا
learning;Noun;A2;علم حاصِل کَرنا
least;det./proNoun Adverb;A2;کم از کم
leather;Noun;B1;چمڑہ
leave;Verb , Noun;A1, B2;چھوڑنا، چھٹی پر ہونا
lecture;Noun Verb;A2;لیکچر، تقریر ۔ زبانی بیان
left;Adjective  Adverb  Verb;A1;اُلٹا، بائیں
leg;Noun;A1;ٹانگ
legal;Adjective;B1;قانُونی
leisure;Noun;B1;فرصت
lemon;Noun;A2;لیموں
lend;Verb;A2;قَرض دینا
length;Noun;B1;لمبائی
less;det./pro Noun Adverb;A2;سے کم ۔ کم
lesson;Noun;A1;سبق
let;Verb;A1;دینا ۔ اجازت دینا
letter;Noun;A1;خط
level;Noun, Adjective , Verb;A2, B1, B2;سَطَح، سیدھا کرنا
library;Noun;A1;کُتَب خانَہ
licence;Noun;B2;لائسنس
lie;Verb;A1;جھوٹ بولنا ۔ واقع ہونا
lie;Verb  Noun;B2;جھوٹ بولنا ۔ واقع ہونا
life;Noun;A1;زندگی
lifestyle;Noun;A2;طرز زندگی
lift;Verb;Noun;اُٹھانا
light (from the sun/a lamp);Noun Adverb , Verb;A1, A2;روشنی۔ روشن کرنا
light (not heavy);Adjective;A2;کم وزن ۔ ہلکا
like (similar);prep.;A1;جیسا
like (find sb/sth pleasant);Verb , n;A1, B1;چاہنا، اسی طرح کا
Noun;B1; ;نام ۔ اسم
likely;Adjective;A2;ممکنہ طور پر
limit;Noun Verb;B1;حَد، حد مقرر کرنا
limited;Adjective;B2;محدُود
line;Noun, Verb ;A1, B2;لَکیر، لکیر کھینچنا
link;Noun Verb;A2;جوڑ، جوڑنا
lion;Noun;A1;شیر
lip;Noun;B1;ہونٹ
liquid;Noun Adjective;B1;مائع
list;Noun Verb;A1;فہرِست، فہرِست بنانا
listen;Verb;A1;سُننا
listener;Noun;A2;سُننے والا
literature;Noun;B1;ادب
little;Adjective  det./proNoun,  Adverb;A1, A2;تھوڑا ۔ چھوٹا
live1;Verb;A1;رہنا ۔ بسنا ۔ زندگی گزارنا
live2;Adjective  Adverb;B1;براہ راست ۔
lively;Adjective;B2;چاق و چوبَند ۔ جوشیلا
living;Adjective  Noun;B1;زندہ ۔ زندگی
load;Noun Verb;B2;وزن ۔ ذمہ داری ۔ بھرنا
loan;Noun;B2;قرض
local;Adjective , Noun;A1, B1;مقامی
locate;Verb;B1;ڈھونڈنا ۔ تلاش
located;Adjective;B1;واقع
location;Noun;B1;مُقام ۔ محل وقوع
lock;Verb  Noun;A2;تالہ لگانا، تالہ
logical;Adjective;B2;منطقی ۔ معقول
lonely;Adjective;B1;تنہا
long;Adjective  Adverb;A1;لمبا ۔ طویل
long-term;Adjective  Adverb;B2;طویل مدتی
look;Verb , Noun;A1, A2;دیکھنا ۔ نظر
loose;Adjective;B2;ڈھیلا ڈھالا
lord;Noun;B2;خالِق
lorry;Noun;A2;ٹرک۔لاری
lose;Verb;A1;کھونا ۔ ہارنا
loss;Noun;B1;نقصان
lost;Adjective;A2;کھونا
lot;proNoun det. Adverb;A1;بہت کچھ
loud;Adjective  Adverb;A2;بلند آواز، بلند آواز سے
loudly;Adverb;A2;اونچی آواز کے ساتھ
love;Noun Verb;A1;مُحبّت، پسند کرنا
lovely;Adjective;A2;خوبصورت
low;Adjective  Adverb , n;A2, B2;کم
lower;Verb;B2;کم تر کرنا ۔ گرانا
luck;Noun;A2;قسمت
lucky;Adjective;A2;خوش قسمتی
lunch;Noun;A1;دوپہَر کا کھانا
lung;Noun;B2;پھیپھڑے
luxury;Noun;B1;عیش و آرام کی
machine;Noun;A1;ایک آلَہ
mad;Adjective;B1;پاگَل
magazine;Noun;A1;رسالہ۔میگزین
magic;Noun Adjective;B1;جادو
mail;Noun Verb;A2;ڈاک بیجھنا، بھیجنا
main;Adjective;A1;مرکزی
mainly;Adverb;B1;بنیادی طور پر
maintain;Verb;B2;برقرار رکھنا
major;Adjective;A2;اہم
majority;Noun;B2;زیادہ تر ۔ اکثریت
make;Verb , Noun;A1, B2;بنانا
male;Adjective  Noun;A2;لڑکا
mall;Noun;B1;شاپنگ مال
man;Noun;A1;آدمی
manage;Verb;A2;سنبھالنا
management;Noun;B1;اِنتظام
manager;Noun;A2;نگرانی کرنے والا۔مینیجر
manner;Noun;A2;ڈھنگ۔انداز
many;det./proNoun;A1;بہت
map;Noun, Verb ;A1, B2;نَقشَہ، خاکہ بنانا
March;Noun;A1;مارچ
mark;Verb  Noun;A2;لیبل لگانا، نمبر
market;Noun, Verb ;A1, B1;بازار، کاروباری بنانا
marketing;Noun;B1;خَرید و فَروخت
marriage;Noun;B1;شادی
married;Adjective;A1;شادی شُدہ
marry;Verb;A2;شادی کَرنا
mass;Noun Adjective;B2;بڑی تعداد
massive;Adjective;B2;بڑے پیمانے پر ۔ بڑا
master;Noun Verb;B2;اُستاد۔ماہر، مہارت ہونا
match (contest/correspond);Noun Verb;A1;میچ ۔ مقابلہ
matching;Adjective;B2;ہم آہنگ
material;Noun, Adjective ;A2, B2;مَواد، مادّی
mathematics;Noun;A2;ریاضی
maths;Noun;A2;ریاضی
matter;Noun Verb;A2;معاملہ، اہمیت ہونا
maximum;Adjective  Noun;B2;اعلٰی ترین، بڑی تعداد
May;Noun;A1;مئی
may modal;Verb;A2;مستقبل میں صحیح ہونے کی نشاندہی
maybe;Adverb;A1;شاید
me;proNoun;A1;مجھے
meal;Noun;A1;کھانا
mean;Verb;A1;مطلب
meaning;Noun;A1;معنی
means;Noun;B2;طریقہ ۔ اسباب
meanwhile;Adverb;B1;اسی دوران
measure;Verb  Noun;B1;ناپنا، اقدام
measurement;Noun;B2;پیمائش
meat;Noun;A1;گوشت
media;Noun;A2;میڈیا
medical;Adjective;A2;طِبّی
medicine;Noun;A2;دوا
medium;Adjective , Noun;B1, B2;درمیانہ
meet;Verb;A1;مِلنا
meeting;Noun;A1;ملاقات ۔ اجلاس
melt;Verb;B2;پِگھلنا
member;Noun;A1;رُکن
memory;Noun;A2;یاداشت
mental;Adjective;B1;ذہنی
mention;Verb , Noun;A2, B1;حَوالَہ دینا، حوالہ
menu;Noun;A1;کھانے کی فِہرست ۔ مینو
mess;Noun Verb;B1;بد نظمی۔گندگی
message;Noun;A1;پیغام
metal;Noun;A2;دھات
method;Noun;A2;طریقہ کار
metre;Noun;A1;میٹر
middle;Noun Adjective;A2;مرکز، بیچ کا عرصہ
midnight;Noun;A1;آدھی رات
might modal;Verb;A2;ممکن
mild;Adjective;B1;ہَلکا
mile;Noun;A1;میل
military;Adjective  Noun;B2;جَنگی، فَوجی
milk;Noun;A1;دودھ
million number; ;A1;ملین تعداد میں
mind;Noun Verb;A2;ذہن، بُرا منانا
mine (belongs to me);proNoun;A2;میرا
mine (hole in the ground);Noun;B1;کان ۔ سرنگ
mineral;Noun;B2;مَعدنی
minimum;Adjective  Noun;B2;کَم مِقدار، کَم سے کَم
minister;Noun;B2;وزیر
minor;Adjective;B2;ادنیٰ
minority;Noun;B2;اقلیّت
minute;Noun;A1;ایک منٹ
mirror;Noun;A2;شیشہ
miss;Verb;A1;مس ۔ نشانہ خطا ہونا ۔ ناکام ہونا
missing;Adjective;A2;غائب ۔ لاپتہ
mission;Noun;B2;خاص مَقصَد
mistake;Noun, Verb ;A1, B2;غلطی، غلطی کرنا
mix;Verb  Noun;B1;پھَینٹنا، مِلانا
mixed;Adjective;B2;مِلا ہوا
mixture;Noun;B1;آمیزہ
mobile;Adjective  Noun;A2;مُتحَرَّک، موبائل
model;Noun, Verb ;A1, B2;نمُونہ، نمُونہ تیار کرنا
modern;Adjective;A1;جدید
modify;Verb;B2;تبدیلی کرنا
moment;Noun;A1;لمحہ
Monday;Noun;A1;پیر
money;Noun;A1;پیسے
monitor;Noun Verb;B2;مانیٹر، نگرانی کرنا
monkey;Noun;A2;بندر
month;Noun;A1;مہینہ
mood;Noun;B1;مزاج
moon;Noun;A2;چاند
moral;Adjective  Noun;B2;اخلاقی، سَبَق
more;det./proNoun Adverb;A1;مزید
morning;Noun;A1;صبح
most;det./proNoun Adverb;A1;سب سے زیادہ
mostly;Adverb;A2;زیادہ تر
mother;Noun;A1;ماں
motor;Noun Adjective;B2;موٹر
motorcycle;Noun;A2;موٹر سائیکل
mount;Verb;B2;ترقی پانا ۔ سواری ہونا
mountain;Noun;A1;پہاڑ
mouse;Noun;A1;چُوہا
mouth;Noun;A1;منہ
move;Verb , Noun;A1, B1;سَفَر کَرنا، حرکت دینے کا عمل
movement;Noun;A2;حرکت ۔ تحریک
movie;Noun;A1;فلم
much;det./proNoun Adverb;A1;زیادہ سے زیادہ
mud;Noun;B1;مٹی
multiple;Adjective;B2;کئی حصوں پر مشتمل
multiply;Verb;B2;ضرب دینا
mum;Noun;A1;ماں
murder;NounVerb;B1;قتل، قَتَل کر دینا
muscle;Noun;B1;پٹھا
museum;Noun;A1;عجائب گھر
music;Noun;A1;موسیقی
musical;Adjective , Noun;A2, B1;موسیقی والا، موسیقی
musician;Noun;A2;موسیقار
must modal;Verb;A1;بہت ضروری
my;det.;A1;میرے ۔ میرا
myself;proNoun;A2;اپنے آپ کو
mysterious;Adjective;B2;پُراسرار
mystery;Noun;B1;مُعمہ ۔ راز
nail;Noun;B1;کیل
name;Noun Verb;A1;نام
narrative;Noun Adjective;B1;داستان ۔ کہانی
narrow;Adjective , Verb ;A2, B2;جو چوڑا نہ ہو، تنگ ہونا
nation;Noun;B1;قوم
national;Adjective , Noun;A2, B2;قومی، ملک کا باشندہ
native;Adjective  Noun;B1;دیسی  ۔ ملکی ۔ وطنی
natural;Adjective;A1;قدرتی
naturally;Adverb;B1;قدرتی طور پر
nature;Noun;A2;قُدرت ۔ فطرت ۔ صفات
near;prep. Adjective  Adverb;A1;قریب
nearly;Adverb;A2;تقریباً ۔ قریب قریب
neat;Adjective;B2;صاف
necessarily;Adverb;B1;ضروری طور پر
necessary;Adjective;A2;ضروری
neck;Noun;A2;گردن
need;Verb , Noun, modal Verb ;A1, A2, B1;ضروری ہونا، ضرورَت
needle;Noun;B1;سوئی
negative;Adjective , Noun;A1, B2;منفی، تصویر کا negative
neighbour;Noun;A1;پڑوسی
neighbourhood;Noun;B1;پڑوس
neither;det./proNoun, Adverb ;A2, B1;نہ یہ نہ وُہ
nerve;Noun;B2;اعصاب
nervous;Adjective;A2;اَعصابی نظام
net;Noun;B1;جال۔نیٹ
network;Noun;A2;پھیلا ہُوا جال۔نیٹ ورک
never;Adverb;A1;کبھی نہیں
nevertheless;Adverb;B2;اس کے باوجود
new;Adjective;A1;نئی
news;Noun;A1;خبریں
newspaper;Noun;A1;اخبار
next;Adjective  Adverb , Noun;A1, B1;اگلا
next to;prep.;A1;اس کے بعد ۔ فوری بعد
nice;Adjective;A1;اچھا
night;Noun;A1;رات
nightmare;Noun;B2;ڈراؤنا خواب
nine;number;A1;نو
nineteen;number;A1;انیس
ninety;number;A1;نوے
no;exclam. det.;A1;نہیں
no one;proNoun;A1;کو ئی بھی
nobody;proNoun;A1;کوئی نہیں
noise;Noun;A2;شور
noisy;Adjective;A2;شور مچانے والا ۔ فسادی
none;pro Noun;A2;کوئی نہیں
nor;conj./Adverb;B1;نہ ہی
normal;Adjective , Noun;A2, B1;عام ۔ معمول
normally;Adverb;A2;عام طور پر
north;Noun Adjective  Adverb;A1;شمال
northern;Adjective;B1;شمالی
nose;Noun;A1;ناک
not;Adverb;A1;نہیں
note;Noun Verb;A1, B1;غور کرنا، کاغذی نوٹ
nothing;proNoun;A1;کچھ بھی نہیں
notice;Verb  Noun;A2;دھیان دینا، اِطلاع نامہ
notion;Noun;B2;خیال ۔ تصور
novel;Noun;A2;ناول
November;Noun;A1;نومبر
now;Adverb , conj.;A1, B1;ابھی
nowhere;Adverb;A2;کوئی نہیں
nuclear;Adjective;B1;ایٹمی
number;Noun, Verb ;A1, A2;نمبر، گنتی کرنا
numerous;Adjective;B2;متعدد
nurse;Noun;A1;نرس
nut;Noun;A2;خشک میوا
obey;Verb;B2;حُکَم ماننا ۔ اطاعت
object;Noun Verb;A1, B2;مقصد، اعتراض کرنا
objective;Noun Adjective;B2;مقصد
obligation;Noun;B2;فرض ۔ ذمہ داری
observation;Noun;B2;مشاہدہ
observe;Verb;B2;غور کرنا ۔ مشاہدہ کرنا
obtain;Verb;B2;حاصل کرنا
obvious;Adjective;B1;واضح
obviously;Adverb;B1;واضح طور پر
occasion;Noun;B1;موقع
occasionally;Adverb;B2;کبھی کبھار
occur;Verb;B1;واقع ہونا
ocean;Noun;A2;سمندر
o’clock;Adverb;A1;بجے
October;Noun;A1;اکتوبر
odd;Adjective;B1;طاق
of;prep.;A1;کے
off;Adverb  prep.;A1;بند۔پَرے
offence;Noun;B2;جرم۔ناراضگی
offend;Verb;B2;بیزار کرنا۔وعدہ توڑنا
offensive;Adjective;B2;توہین آمیز ۔ نفرت انگیز
offer;Verb  Noun;A2;پیش کرنا، پیشکش
office;Noun;A1;دفتر
officer;Noun;A2;افسر
official;Adjective , Noun;B1, B2;سرکاری، عہدہ دار
often;Adverb;A1;اکثر اوقات ۔ اکثر
oh;exclam.;A1;اوہ
oil;Noun;A2;تیل
OK;exclam. Adjective /Adverb;A1;ٹھیک ہے
old;Adjective;A1;بوڑھا ۔ پرانا
old-fashioned;Adjective;B1;پُرانے فیشَن کا
on;prep. Adverb;A1;پر
once;Adverb , conj.;A1, B1;ایک بار
one;number-det. proNoun;A1;ایک
onion;Noun;A1;پیاز
online;Adjective  Adverb;A1;آن لائن
only;Adjective  Adverb;A1;صرف
onto;prep.;A2;پر
open;Adjective  Verb;A1;کھولنا ۔ کھلا
opening;Noun;B2;افتتاحی
operate;Verb;B2;کام کرنا۔چلانا
operation;Noun;B1;آپریشن
opinion;Noun;A1;رائے
opponent;Noun;B2;مُخالف۔مد مقابل
opportunity;Noun;A2;موقع
oppose;Verb;B2;مخالفت کرنا
opposed;Adjective;B2;مخالفت
opposite;Adjective  Adverb  prep. Noun;A1;آمنے سامنے، اُلٹ
opposition;Noun;B2;مُخالفت۔اپوزیشن
option;Noun;A2;انتخاب
or;conj.;A1;یا
orange;Noun Adjective;A1;کینو
order;Noun Verb;A1;حکم، حکم دینا
ordinary;Adjective;A2;معمولی ۔ عام
organ;Noun;B2;عضو
organization;Noun;A2;تنظیم
organize;Verb;A2;منظّم کرنا
organized;Adjective;B1;منظم
organizer;Noun;B1;منظّم کرنے والا
origin;Noun;B2;اِبتدا
original;Adjective , Noun;A2, B1;اصلی
originally;Adverb;B1;حقیقت میں ۔ اصل میں
other;Adjective /proNoun;A1;دیگر
otherwise;Adverb;B2;دوسری صورت میں
ought;modal Verb;B1;صفر
our;det.;A1;ہمارا
ours;proNoun;B1;ہمارے
ourselves;proNoun;A2;خود
out;Adverb /prep.;A1;باہر
outcome;Noun;B2;نتیجہ ۔ نتائج
outdoor;Adjective;B1;بیرونی
outdoors;Adverb;B1;گھر سے باہر
outer;Adjective;B2;بیرونی
outline;Noun Verb;B2;خاکَہ، خاکہ بنانا
outside;Adverb , prep. nouNoun Adjective ;A1, A2;گھر سے باہر ۔ باہر
oven;Noun;A2;چولھا۔تندور
over;prep. Adverb;A1;زائد ۔ کے اوپر ۔ ختم ہونا
overall;Adjective  Adverb;B2;مجموعی طور پر
owe;Verb;B2;مقروض ہونا
own;Adjective /proNoun, Verb ;A1, A2;اپنا ۔ خود کا
owner;Noun;A2;مالک
pace;Noun, Verb ;B2;رفتار ۔ چہل قدمی کرنا
pack;Verb , Noun;A2, B1;پیک
package;Noun, Verb ;B1, B2;بنڈل۔ڈبّہ، پیکج
page;Noun;A1;صفحہ
pain;Noun;A2;درد
painful;Adjective;B1;دردناک
paint;Verb  Noun;A1;رنگ کرنا، رنگ
painter;Noun;A2;رنگ ساز
painting;Noun;A1;پینٹنگ
pair;Noun;A1;جوڑا
palace;Noun;A2;محل
pale;Adjective;B1;ہلکا رنگ ۔ پیلا
pan;Noun;B1;توا۔پین
panel;Noun;B2;فیصلہ ۔ پینل
pants;Noun;A2;پتلون
paper;Noun;A1;کاغذ
paragraph;Noun;A1;پیراگراف
parent;Noun;A1;والدین
park;Noun Verb;A1;تفریح گاہ ۔ پارک
parking;Noun;A2;گاڑی کھڑی کرنے کی جگہ
parliament;Noun;B2;قومی مَجلِس ۔ پارلیمنٹ
part;Noun;A1;حصہ
participant;Noun;B2;حِصّہ دار ۔ شریک
participate;Verb;B1;حِصّہ لینا ۔ شرکت کرنا
particular;Adjective;A2;خاص طور پر
particularly;Adverb;B1;خاص طور پر
partly;Adverb;B2;جزوی طور پر
partner;Noun;A1;ساتھی
party;Noun;A1;تقریب۔سیاسی جماعت
pass;Verb , Noun;A2, B1;منظور کرنا، گُزرنامہ
passage;Noun;B2;پیراگراف۔رستہ
passenger;Noun;A2;مسافر
passion;Noun;B1;جذبہ
passport;Noun;A1;پاسپورٹ
past;Adjective  Noun prep.,  Adverb ;A1, A2;ماضی، گُزرا ہُوا وقت، قَریب سے
path;Noun;B1;راستہ
patient;Noun, Adjective ;A2, B2;صبر
pattern;Noun;A2;طریقہ ۔ نمونہ
pay;Verb , Noun;A1, A2;تنخواہ ۔ ادا کرنا
payment;Noun;B1;ادائیگی
peace;Noun;A2;امن
peaceful;Adjective;B1;پرامن
pen;Noun;A1;قلم
pencil;Noun;A1;پینسل
penny;Noun;A2;ایک سکہ ۔ پینی
pension;Noun;B2;سالانہ یا ماہانہ وظیفہ
people;Noun;A1;لوگ
pepper;Noun;A1;مرچ
per;prep.;A2;فی
per cent;Noun Adjective /Adverb;A2;فیصد
percentage;Noun;B1;فیصد
perfect;Adjective;A1;کامل
perfectly;Adverb;B1;مکمل طور پر
perform;Verb;A2;انجام دینا
performance;Noun;B1;کارکردگی
perhaps;Adverb;A2;شاید
period;Noun;A1;مدت
permanent;Adjective;B2;مستقل
permission;Noun;A2;اجازت
permit;Verb  Noun;B2;اِجازت دینا، اجازت
person;Noun;A1;شخص
personal;Adjective;A1;ذاتی
personality;Noun;A2;شخصیت
personally;Adverb;B1;ذاتی طور پر
perspective;Noun;B2;نُقطہِ نظر
persuade;Verb;B1;مائل کرنا
pet;Noun;A2;پالتو جانور
petrol;Noun;A2;پیٹرول
phase;Noun;B2;مرحلہ
phenomenon;Noun;B2;کرشمہ ۔ ظہور قدرت
philosophy;Noun;B2;فلسفہ
phone;Noun Verb;A1;ٹیلی فون، فون کرنا
photo;Noun;A1;تصویر
photograph;Noun, Verb ;A1, A2;فوٹو گراف ۔ تصویر
photographer;Noun;B1;فوٹوگرافر
photography;Noun;B1;فوٹو گرافی
phrase;Noun;A1;جملہ
physical;Adjective;A2;جسمانی
physics;Noun;A2;طبیعیات
piano;Noun;A1;پیانو
pick;Verb , Noun;A2, B2;منتخب، چُننا
picture;Noun, Verb ;A1, B2;تصویر، مَنظر کَشی کرنا
piece;Noun;A1;ٹکڑا
pig;Noun;A1;سور
pile;Noun Verb;B2;بواسیر۔ڈھیر، ایک جگہ گھس جانا
pilot;Noun;A2;پائلٹ
pin;Noun Verb;B1;سُوئی، ساکِن کرنا
pink;Adjective  Noun;A1;گلابی
pipe;Noun;B1;پائپ
pitch;Noun;B2;پچ ۔ تارکول
place;Noun Verb;A1, B1;جگہ، رکھنا
plain;Adjective;B2;سادہ
plan;Noun Verb;A1;منصوبہ بندی، سازش کرنا
plane;Noun;A1;ہوائی جہاز
planet;Noun;A2;سیارے
planning;Noun;B1;منصوبہ بندی
plant;Noun Verb;A1, A2;پودا، پودا لگانا
plastic;Noun Adjective;A2;پلاسٹِک
plate;Noun;A2;پلیٹ
platform;Noun;A2;پلیٹ فارم
play;Verb  Noun;A1;کِردار ادا کرنا، کھیل
player;Noun;A1;کھلاڑی
pleasant;Adjective;B1;خوشگوار
please;exclam., Verb ;A1, A2;برائے مہربانی
pleased;Adjective;A2;مسرور ۔ خوش
pleasure;Noun;B1;خوشی
plenty;proNoun;B1;کثرت ۔ کافی مقدار
plot;Noun, Verb ;B1, B2;پلاٹ
plus;prep., Adjective  conj., Noun;B1, B2;جمع ۔ زائد
pocket;Noun;A2;جیب
poem;Noun;B1;نظم
poet;Noun;B1;شاعر
poetry;Noun;B1;شاعری
point;Noun, Verb ;A1, B1;نُقطَہ، اِشارے سے بتانا
pointed;Adjective;B2;نوک دار
poison;Noun Verb;B1;ذہر، ذہر ملانا
poisonous;Adjective;B1;زہریلی
police;Noun;A1;پولیس
policeman;Noun;A1;پولیس اہلکار
policy;Noun;B1;حِکمَتِ عَملی
polite;Adjective;A2;شائستہ
political;Adjective;B1;سیاسی
politician;Noun;B1;سیاستدان
politics;Noun;B1;سیاست
pollution;Noun;A2;آلودگی
pool;Noun;A1;تالاب
poor;Adjective;A1;غریب
pop;Noun Adjective;A2;باپ ۔ پاپ
popular;Adjective;A1;مشہور
popularity;Noun;B2;مقبولیت
population;Noun;A2;آبادی
port;Noun;B1;بَندَر گاہ
portrait;Noun;B1;مُورَت ۔ تصویر
pose;Verb;B2;انداز ۔ پوز
position;Noun, Verb ;A2, B2;جَگہ، رکھنا
positive;Adjective , Noun;A1, B2;مُثبَت
possess;Verb;B2;مالِک ہونا ۔ قابض ہونا
possession;Noun;A2;مَلکِیَت
possibility;Noun;A2;امکان
possible;Adjective;A1;ممکن
possibly;Adverb;B1;شاید ہو سکتا ہے
post;Noun Verb;A1;آسامی، تعینات کرنا
poster;Noun;A2;اِشتَہار
pot;Noun;B1;برتن
potato;Noun;A1;آلو
potential;Adjective  Noun;B2;ممکنہ استعداد
pound;Noun;A1;پونڈ
pour;Verb;B1;اُنڈیلنا ۔ ڈالنا
poverty;Noun;B1;غربت
powder;Noun;B1;پاؤڈر
power;Noun, Verb ;A2, B2;طاقت
powerful;Adjective;B1;طاقتور
practical;Adjective;B1;عملی
practice;Noun;A1;دُہرانا
practise;Verb;A1;دوہرا کر سیکھنا
praise;Noun Verb;B2;تَعرِیف، تعریف کرنا
pray;Verb;B1;دعا کرنا
prayer;Noun;B1;دُعا۔اِلتَجا
predict;Verb;A2;پیش گوئی کرنا
prediction;Noun;B1;پیشن گوئی
prefer;Verb;A1;تَرجِیح دینا
pregnant;Adjective;B2;حاملہ
preparation;Noun;B2;تیاری
prepare;Verb;A1;تَیّار کرنا
prepared;Adjective;B1;تیار
presence;Noun;B2;موجودگی
present;Adjective  Noun, Verb ;A1, A2;موجودہ، حال، پیش کرنا
presentation;Noun;B1;نُمائش۔تعارَف
preserve;Verb;B2;محفوظ رَکھنا
president;Noun;A2;صدر
press;Verb  Noun;B1;زورڈالنا، پریس
pressure;Noun;B1;دباؤ
pretend;Verb;B1;ڈرامہ کرنا
pretty;Adjective  Adverb;A1;خوبصورت، مُناسب طور پر
prevent;Verb;A2;رُوکنا
previous;Adjective;B1;گزشتہ
previously;Adverb;B1;پہلے سے
price;Noun, Verb ;A1, B2;قیمت
priest;Noun;B1;پادری
primary;Adjective;B1;پرائمری
prime;Adjective;B2;اعلٰی ۔اعظم
prince;Noun;B1;راجا
princess;Noun;B1;شہزادی
principle;Noun;B2;اصول
print;Verb , Noun;A2, B2;شائع کرنا، چَھپا
printer;Noun;A2;پرنٹر
printing;Noun;B1;چَھپائی
priority;Noun;B2;ترجیح
prison;Noun;A2;جیل
prisoner;Noun;B1;قیدی
privacy;Noun;B2;رازداری ۔ پوشیدگی
private;Adjective;B1;نجی
prize;Noun;A2;انعام
probably;Adverb;A1;ممکنہ طور پر
problem;Noun;A1;مسئلہ
procedure;Noun;B2;طریقہ کار
process;Noun, Verb ;A2, B2;طریقہ کار، ٹھیک کرنا
produce;Verb , Verb ;A2, B2;پیداوار
producer;Noun;B1;بَنانے والا
product;Noun;A1;مالِ تجارت
production;Noun;B1;پیداوار
profession;Noun;B1;پیشہ
professional;Adjective , Noun;A2, B2;کسی پیشے سے وابستہ، پیشہ ور
professor;Noun;A2;پروفیسر
profile;Noun;A2;پروفائل
profit;Noun;B1;منافع
program;Noun, Verb ;A2, B1;پروگرام
programme;Noun;A1;پروگرام
progress;Noun, Verb ;A2, B2;پیش رفت ۔ جاری ہونا۔ نشونما
project;Noun, Verb ;A1, B2;منصوبہ، تجویز کرنا
promise;Verb  Noun;A2;وعدہ کرنا، وعدہ 
promote;Verb;B1;ترقی دینا
pronounce;Verb;A2;تلفظ
proof;Noun;B2;ثبوت
proper;Adjective;B1;مناسب
properly;Adverb;B1;مناسب طور پر
property;Noun;B1;جائیداد
proposal;Noun;B2;تجویز، شادی کی پیشکش
propose;Verb;B2;تجویز کرنا
prospect;Noun;B2;امکان، توَقع
protect;Verb;A2;محفوظ رکھنا
protection;Noun;B2;حفاظت
protest;Noun Verb;B1;احتجاج، مخالف ہونا
proud;Adjective;B1;فخر
prove;Verb;B1;ثابت کرنا
provide;Verb;A2;مُہیا کرنا
psychologist;Noun;B2;ماہر نفسیات
psychology;Noun;B2;نفسیات
pub;Noun;A2;سرائے ۔ طعام و قیام گاہ
public;Adjective  Noun;A2;عوامی، عوام
publication;Noun;B2;مطبوعات کی اشاعت
publish;Verb;A2;شائع کرنا
pull;Verb , Noun;A2, B1;دھکا لگانا، کھینچنا
punish;Verb;B1;سزا دینا
punishment;Noun;B1;سزا
pupil;Noun;B2;طالب علم
purchase;Noun Verb;B2;خریدنا، خریداری کرنا
pure;Adjective;B2;خالص
purple;Adjective  Noun;A1;جامنی رنگ
purpose;Noun;A2;مقصد
pursue;Verb;B2;جاری رکھنا۔ ملوث ہونا
push;Verb , Noun;A2, B1;حرکت دینا، دھکیلنا
put;Verb;A1;رکھنا
qualification;Noun;B1;قابلیت
qualified;Adjective;B1;تعلیم یافتہ
qualify;Verb;B1;قابل ہونا
quality;Noun;A2;معیار
quantity;Noun;A2;مقدار
quarter;Noun;A1;چوتھہ حِصّہ
queen;Noun;A2;ملکہ
question;Noun, Verb ;A1, A2;سوال، اعتراض کرنا
queue;Noun Verb;B1;قطار، قطار لگانا
quick;Adjective;A1;تیز
quickly;Adverb;A1;جلدی سے
quiet;Adjective;A1;خاموش ۔ پرسکون
quietly;Adverb;A2;خاموشی سے
quit;Verb;B1;چہوڑ دینا
quite;Adverb;A1;بہت
quotation;Noun;B1;حوالہ دینا
quote;Verb  Noun;B1;دُہرانا، حوالہ دینا
race (competition);NounVerb;A2;دوڑ کا مقابلہ
race (people);Noun;B1;مُقابلہ۔دوڑ (لوگوں کی)
racing;Noun;B1;دوڑ میں مقابلہ
radio;Noun;A1;ریڈیو
railway;Noun;A2;ریلوے لائن
rain;Noun Verb;A1;بارش
raise;Verb;A2;اُونچا کرنا
range;Noun, Verb ;B1, B2;گُنجائش، ترتیب دینا
rank;Noun Verb;B2;عُہدہ، درجہ دینا
rapid;Adjective;B2;تیز رفتار
rapidly;Adverb;B2;تیز ی سے
rare;Adjective;B1;نایاب
rarely;Adverb;B1;کبھی کبھار
rate;Noun, Verb ;A2, B2;قیمت، درجہ دینا
rather;Adverb;A2;بلکہ
raw;Adjective;B2;خام
reach;Verb , Noun;A2, B2;پہنچنا، رسائی
react;Verb;A2;ردِ عمل دینا
reaction;Noun;B1;ردعمل
read;Verb;A1;پڑھنا
reader;Noun;A1;پڑھنے والا
reading;Noun;A1;پڑھائی
ready;Adjective;A1;تیار
real;Adjective;A1;اصلی
realistic;Adjective;B2;حقیقت پسندانہ
reality;Noun;B1;حقیقت
realize;Verb;A2;سمجھ لینا
really;Adverb;A1;واقعی ۔ سچ
reason;Noun;A1;وجہ
reasonable;Adjective;B2;معقول۔مناسب
recall;Verb;B2;یاد کرنا
receipt;Noun;B1;رسید
receive;Verb;A2;وصول کرنا
recent;Adjective;A2;حالیہ
recently;Adverb;A2;حال ہی میں
reception;Noun;A2;استقبالیہ
recipe;Noun;A2;ترکیب
recognize;Verb;A2;پہچاننا
recommend;Verb;A2;تجویز کرنا
recommendation;Noun;B1;تجویز سفارش
record;Noun Verb;A2;ریکارڈ، محفوظ کرنا
recording;Noun;A2;ریکارڈنگ
recover;Verb;B2;صحت یاب ہونا ۔ وصول کرنا
recycle;Verb;A2;دوبارہ استعمال کرنا
red;Adjective  Noun;A1;سرخ
reduce;Verb;A2;کم کرنا۔ گھٹنا
reduction;Noun;B2;کمی
refer;Verb;A2;حَوالَہ دینا
reference;Noun;B1;حوالہ
reflect;Verb;B1;عکاسی کرنا
refuse;Verb;A2;انکار کرنا
regard;Verb  Noun;B2;خیال کرنا، دھیان
region;Noun;A2;علاقہ
regional;Adjective;B2;علاقائی
register;Verb  Noun;B2;درج کرنا، عملِ اندراج
regret;Verb  Noun;B2;شرمِندہ ہونا، افسوس
regular;Adjective;A2;باقاعدہ
regularly;Adverb;B1;باقاعدگی سے
regulation;Noun;B2;ضابطہ۔ریگولیشن
reject;Verb;B1;انکار کرنا
relate;Verb;B1;تعلق بنانا
related;Adjective;B1;متعلقہ
relation;Noun;B1;تَعلُّق
relationship;Noun;A2;رشتہ داری
relative;Adjective  Noun;B1;نسبتاً، رِشتے دار
relatively;Adverb;B2;نسبتا
relax;Verb;A1;آرام کَرنا
relaxed;Adjective;B1;پُر سکُون
relaxing;Adjective;B1;آرام سے بھر پور
release;Verb  Noun;B1;آزاد کرنا، آزادی
relevant;Adjective;B2;متعلقہ
reliable;Adjective;B1;قابلِ اعتبار
relief;Noun;B2;آرام
religion;Noun;B1;مذہب
religious;Adjective;B1;مذہبی
rely;Verb;B2;اعتماد کرنا
remain;Verb;B1;باقی رہنا
remark;Noun Verb;B2;رائے، تبصرہ دینا
remember;Verb;A1;یاد رکھنا
remind;Verb;B1;ذہن میں ڈالنا
remote;Adjective;B1;دُور کے۔ریموٹ
remove;Verb;A2;برترف کرنا ۔ الگ کرنا
rent;Noun Verb;B1;کرایہ، کرایہ پر دینا
repair;Verb , Noun;A2, B1;مُرمّت کرنا، مرمت
repeat;Verb , Noun;A1, B1;دہرانا
repeated;Adjective;B1;بار بار
replace;Verb;A2;تبدیل کرنا
reply;Verb  Noun;A2;جواب دینا، جواب
report;Noun, Verb ;A1, A2;اِطلاع، وَضاحَت پیش کَرنا
reporter;Noun;A2;رپورٹر
represent;Verb;B1;نمائندگی کرنا
representative;Noun Adjective;B2;نُمائِندہ
reputation;Noun;B2;شان ۔ ساکھ
request;Noun, Verb ;A2, B1;درخواست، درخواست کرنا
require;Verb;B1;ضروری ہونا
requirement;Noun;B2;ضرورت
rescue;Verb  Noun;B2;بچانا، چُھٹکارا
research;Noun Verb;A2;تحقیق، تحقیق کرنا
researcher;Noun;A2;کھوج لگانے والا ۔ محقق
reservation;Noun;B1;بکنگ ۔ محفوظ کرنے کا عمل
reserve;Noun Verb;B2; ریزرو ، مختص کرنا
resident;NounAdjective;B2;رہائشی، کسی جگہ قیام پذیر
resist;Verb;B2;مزاحمت کرنا
resolve;Verb;B2;فیصلہ کرنا ۔ حل تلاش کرنا
resort;Noun;B2;سیرگاہ
resource;Noun;B1;وسیلہ
respect;Noun Verb;B1;عزت، احترام کرنا
respond;Verb;A2;جواب دینا
response;Noun;A2;جواب
responsibility;Noun;B1;ذمہ داری
responsible;Adjective;B1;ذمہ دار
rest (remaining part);Noun;A2;بقیا جات ۔ بقایا
rest (sleep/relax);Noun Verb;A2;آرام کرنا
restaurant;Noun;A1;ہوٹل
result;Noun, Verb ;A1, B1;نتیجہ، نتیجہ نکلنا
retain;Verb;B2;محفوظ رکھنا
retire;Verb;B1;کام سے فارغ ہونا
retired;Adjective;B1;فارغ شدہ
return;Verb  Noun;A1;واپس کرنا، موڑنا
reveal;Verb;B2;ظاہر کرنا
review;Noun Verb;A2;جائزہ، دوبارہ جائزہ لینا
revise;Verb;B1;نظر ثانی کرنا۔دہرائی
revolution;Noun;B2;انقلاب
reward;Noun Verb;B2;انعام، مضبُوط کرنا
rhythm;Noun;B2;تال
rice;Noun;A1;چاول
rich;Adjective;A1;امیر
rid;Verb;B2;چھُٹکارا پانا
ride;Verb , Noun;A1, A2;سفر کرنا، سواری
right;Adjective  Adverb  Noun;A1;ٹھیک، بالکل، حق
ring;Noun;A2;آواز
ring;Verb , Noun;A2, B1;چھلا ۔ انگھوٹھی
rise;Verb , Noun;A2, B1; کھڑا ہونا، اٹھنا
risk;Noun Verb;B1;خوف، خَطرَہ
river;Noun;A1;دریا
road;Noun;A1;سڑک
robot;Noun;B1;روبوٹ
rock (stone);Noun;A2;پتھر ۔ چٹان
rock (music);Noun;A2;میوزک کی ایک قسم
role;Noun;A2;کردار
roll;Verb  Noun;B1;گزرنا، رول
romantic;Adjective;B1;مُحَبَّت بھرا
roof;Noun;A2;چھت
room;Noun;A1;کمرے
root;Noun;B2;جَڑ
rope;Noun;B1;رسی
rough;Adjective;B1;کھردرا ۔ ناہموار
round;Adjective  Adverb  prep., Noun;A2, B2;گول، ہر وقت، چکّر
route;Noun;A2;راسته
routine;Noun, Adjective ;A1, B2;معمول
row;Noun;B1;قطار ۔ صف
royal;Adjective;B1;شاہی
rub;Verb;B2;رگڑنا
rubber;Noun Adjective;B2;خام ربڑ ۔ ربڑ
rubbish;Noun;A2;بیکار چیز ۔ بکواس
rude;Adjective;A2;بیہُودَہ ۔ گستاخ
rugby;Noun;B1;ایک طرح کا فٹ بال کھیل
rule;Noun, Verb ;A1, B1;حُکم، حکومت کرنا
run;Verb , Noun;A1, A2;بھاگنا، سلسلہ
runner;Noun;A2;دوڑنے والا شَخص
running;Noun;A2;دوڑنا ۔ دوڑ
rural;Adjective;B2;دیہی
rush;Verb  Noun;B2;تیز چلنا، جلد بازی
sad;Adjective;A1;غمگین
sadly;Adverb;A2;افسوسناک طور پر
safe;Adjective;A2;محفوظ
safety;Noun;B1;حفاظت
sail;Verb , Noun;A2, B1;جہاز پر سفر کرنا، بادبان
sailing;Noun;A2;کشتی رانی
sailor;Noun;B1;مَلّاح
salad;Noun;A1;سَلاد
salary;Noun;A2;تنخواہ
sale;Noun;A2;فروخت کرنا
salt;Noun;A1;نمک
same;Adjective  proNoun Adverb;A1;ویسا ہی۔برابر
sample;Noun, Verb ;B1, B2;نَمُونَہ، چَکھنا
sand;Noun;B1;ریت
sandwich;Noun;A1;سینڈوچ
satellite;Noun;B2;سیٹلائٹ
satisfied;Adjective;B2;مطمئن
satisfy;Verb;B2;مطمئن
Saturday;Noun;A1;ہفتہ
sauce;Noun;A2;چٹنی
save;Verb;A2;محفوظ کرنا
saving;Noun;B2;بچت
say;Verb;A1;کہنا
scale;Noun;B2;پیمانہ
scan;Verb;B1;معائنہ کرنا ۔ جائزہ لینا
scared;Adjective;A2;ڈرا ہوا
scary;Adjective;A2;ڈراونا
scene;Noun;A2;جائے وقوعہ ۔ منظر
schedule;Noun, Verb ;A2, B2;لائحہ عمل ۔ پلان کرنا
scheme;Noun;B2;منصوبہ
school;Noun;A1;اسکول
science;Noun;A1;سائنس
scientific;Adjective;B1;سائنسی
scientist;Noun;A1;سائنسدان
score;Verb  Noun;A2;اسکور کرنا ۔ نمبر
scream;Verb  Noun;B2;چیخ ۔ چیخنا
screen;NounVerb;A2, B2;پردہ ۔ چیک کرنا ۔ معائنہ کرنا
script;Noun;B1;سکرپٹ ۔ ہاتھ کی لکھائی
sculpture;Noun;B1;مجسمہ
sea;Noun;A1;سمندر
search;Noun Verb;A2;تلاش ۔ تلاش کرنا
season;Noun;A2;موسم
seat;Noun Verb;A2, B2;کرسی ۔ نشست
second1 (next after the first);et./ number,  Adverb;A1, A2;پہلے کے بعد اگلے
second1 (unit of time);Noun;A1;وقت کی اکائی
secondary;Adjective;B1;ثانوی ۔ کم درجے کا
secondly;Adverb;A2;دوم
secret;Adjective, Noun;A2;راز ۔ خفیہ
secretary;Noun;A2;سیکرٹری
section;Noun;A1;حصہ
sector;Noun;B2;شعبہ
secure;Verb  Adjective;B2;حاصل کرنا ۔ محفوظ
security;Noun;B1;سیکورٹی ۔ حفاظت
see;Verb;A1;دیکھنا
seed;Noun;B1;بیج
seek;Verb;B2;تلاش کرنا
seem;Verb;A2;محسوس ہونا
select;Verb;B2;چننا ۔ منتخب کرنا
selection;Noun;B2;انتخاب
self;Noun;B2;خود
sell;Verb;A1;فروخت کرنا
send;Verb;A1;بھیجنا ۔ ارسال کرنا
senior;Adjective;B2;سینیر ۔ بڑا شخص
sense;Noun Verb;A2, B2;احساس ۔ محسوس کرنا
sensible;Adjective;B1;سمجھدار
sensitive;Adjective;B2;حساس
sentence;Noun Verb;A1, B2;فقرہ ۔ جملہ ۔ قید کا عرصہ
separate;Adjective, Verb;A2, B1;الگ ۔ الگ کرنا
September;Noun;A1;ستمبر
sequence;Noun;B2;ترتیب
series;Noun;A2;سلسلہ
serious;Adjective;A2;سنجیدہ
seriously;Adverb;B1;سنجیدگی سے ۔ توجہ سے
servant;Noun;B1;خادم ۔ نوکر
serve;Verb;A2;خدمت کرنا ۔ پیش کرنا
service;Noun;A2;سروس
session;Noun;B2;اجلاس
set (put);Verb;B1;سیٹ (رکھنا)
set (group);Noun;B1;سیٹ (گروہ)
setting;Noun;B1;ماحول ۔ ترتیب
settle;Verb;B2;پر لگ جانا
seven;number;A1;سات
seventeen;number;A1;سترہ
seventy;number;A1;ستر
several;det./proNoun;A2;کئی
severe;Adjective;B2;شدید
sex;Noun;B1;جنس
sexual;Adjective;B1;جنسی
shade;Noun;B2;سایہ
shadow;Noun;B2;سایہ
shake;Verb  Noun;A2, B1;ہلانا ۔ ملک شیک
shall;modal Verb;A2;گے
shallow;Adjective;B2;ہلکا
shame;Noun;B2;شرم
shape;Noun Verb;A2, B2;بناوٹ ۔ شکل ۔ بنانا ۔ ڈھالنا
share;Verb  Noun;A1, B1;حصہ ۔ بانٹنا
sharp;Adjective;B1;تیز
she;proNoun;A1;وہ (لڑکی کےلئے)
sheep;Noun;A1;بھیڑ
sheet;Noun;A2;شیٹ
shelf;Noun;B1;خانہ
shell;Noun;B1;گولا
shelter;Noun Verb;B2;پناہ گاہ ۔ وقتی آرام گاہ
shift;Noun Verb;B1, B2;منتقلی ۔ جگہ تبدیل کرنا
shine;Verb;B1;چمکنا
shiny;Adjective;B1;چمکدار
ship;Noun Verb;A2, B2;بحری جہاز ۔ چڑھانا
shirt;Noun;A1;شرٹ ۔ قمیض
shock;Noun Verb;B2;جھٹکا ۔ صدمہ ۔ صدمہ پہچانا
shocked;Adjective;B2;حیران ۔ ہکا بکا
shoe;Noun;A1;جوتا
shoot;Verb;B1;گولی چلانا
shooting;Noun;B2;فائر کرنا ۔ تیر اندازی
shop;Noun Verb;A1;دکان
shopping;Noun;A1;خریداری
short;Adjective;A1;مختصر
shot;Noun;B2;فائر یا نشانہ
should;modal Verb;A1;چاہیے
shoulder;Noun;A2;کندھا
shout;Verb  Noun;A2;چیخ ۔ چیخنا
show;Verb  Noun;A1;پیش کرنا ۔ نمائش
shower;Noun;A1;شاور ۔ غسل
shut;Verb  Adjective;A2;بند کرنا ۔ بند
shy;Adjective;B1;شرمیلا
sick;Adjective;A1;بیمار
side;Noun;A2;جانب
sight;Noun;B1;نظر
sign;Noun Verb;A2;آثار ۔ علامت ۔ دستخط کرنا
signal;Noun Verb;B1;اشارہ ۔ اشارہ کرنا
significant;Adjective;B2;اہم ۔ معنی خیز
significantly;Adverb;B2;معنی خیز انداز میں
silence;Noun;B2;خاموشی
silent;Adjective;B1;خاموش
silk;Noun;B2;ریشم
silly;Adjective;B1;پاگل ۔ احمق
silver;Noun Adjective;A2;چاندی
similar;Adjective;A1;ہم صورت ۔ متشابہ
similarity;Noun;B1;مماثلت ۔ مشابہت
similarly;Adverb;B1;اس طرح ۔ یکساں طور پر
simple;Adjective;A2;سادہ
simply;Adverb;B1;صرف ۔ فقط ۔بالکل
since;prep. conj., Adverb ;A2, B1;اس وقت سے
sincere;Adjective;B2;مخلس ۔ سچا
sing;Verb;A1;گانا
singer;Noun;A1;گلوکار
singing;Noun;A2;گانا ۔ رواں
single;Adjective  Noun;A2;اکیلا ۔ تنہا
sink;Verb;B1;غرق کرنا ۔ ڈوبنا
sir;Noun;A2;صاحب
sister;Noun;A1;بہن
sit;Verb;A1;بیٹھنا
site;Noun;A2;موقع ۔ جگہ
situation;Noun;A1;صورت حال
six;number;A1;چھ
sixteen;number;A1;سولہ
sixty;number;A1;ساٹھ
size;Noun;A2;سائز
ski;Verb  Noun;A2;اسکی ۔ برف پر پھسلنے کے جوتے
skiing;Noun;A2;سکیٹنگ
skill;Noun;A1;مہارت ۔ ہنر
skin;Noun;A2;جلد
skirt;Noun;A1;اسکرٹ
sky;Noun;A2;آسمان
slave;Noun;B2;غلام
sleep;Verb , Noun;A1, A2;سونا ۔ نیند
slice;Noun Verb;B1;حصہ ۔ ٹکرا ۔ ٹکروں میں کاٹنا
slide;Verb  Noun;B2;پھسلنا ۔ تودہ
slight;Adjective;B2;ہلکا سا
slightly;Adverb;B1;تھوڑا بہت
slip;Verb;B2;کھسکنا ۔ پھسلنا
slope;Noun Verb;B2;ڈھلوان ۔ اتار
slow;Adjective , Verb ;A1, B1;سست ۔ آہستہ
slowly;Adverb;A2;آہستہ آہستہ
small;Adjective;A1;چھوٹا
smart;Adjective;B1;چوکنا ۔ ہوشیار
smartphone;Noun;A2;اسمارٹ فون
smell;Verb  Noun;A2;سونگھنا ۔بو
smile;Verb  Noun;A2;مسکرانا ۔ ہنسی
smoke;Noun Verb;A2;دھواں
smoking;Noun;A2;سگریٹ نوشی
smooth;Adjective;B1;ہموار
snake;Noun;A1;سانپ
snow;Noun Verb;A1;برف باری ۔ برف گرنا
so;Adverb  conj.;A1;تاکہ ۔ بہت
soap;Noun;A2;صابن
soccer;Noun;A2;فٹبال جیسا کھیل
social;Adjective;A2;سماجی
society;Noun;A2;معاشرہ
sock;Noun;A2;موزہ ۔ جراب
soft;Adjective;A2;نرم
software;Noun;B1;سافٹ وئیر
soil;Noun;B1;مٹی ۔ خشکی
solar;Adjective;B2;شمسی
soldier;Noun;A2;سپاہی
solid;Adjective  Noun;B1;ٹھوس
solution;Noun;A2;حل
solve;Verb;A2;حل کرنا
some;det. proNoun;A1;کچھ
somebody;proNoun;A1;کوئی
someone;proNoun;A1;انسان ۔کوئی
something;proNoun;A1;کچھ اور ۔ کوئی چیز
sometimes;Adverb;A1;کبھی کبھی
somewhat;Adverb;B2;کس حد تک
somewhere;Adverb  proNoun;A2;کہیں ۔ کس جگہ
son;Noun;A1;بیٹا
song;Noun;A1;گانا ۔ نغمہ
soon;Adverb;A1;جلد ہی
sorry;Adjective  exclam.;A1;معذرت ۔ افسوس
sort;Noun, Verb ;A2, B1;نوع ۔ درجہ بندی کرنا
soul;Noun;B2;روح
sound;Noun Verb;A1;آواز ۔ محسوس ہونا
soup;Noun;A1;سوپ ۔ شوربہ
source;Noun;A2;ذریعہ
south;Noun Adjective  Adverb;A1;جنوب
southern;Adjective;B1;جنوبی
space;Noun;A1;فضا ۔ خلا
speak;Verb;A1;بات کرنا ۔ بولنا
speaker;Noun;A2;بولنے والا
special;Adjective;A1;خصوصی ۔ خاص
specialist;Noun Adjective;B2;ماہر
species;Noun;B2;نوع ۔ قسم
specific;Adjective;A2;مخصوص
specifically;Adverb;B1;خاص طور پر
speech;Noun;A2;تقریر
speed;Noun, Verb ;A2, B2;رفتار ۔ تیز ہونا
spell;Verb;A1;ہجے کرنا
spelling;Noun;A1;ہجے ۔ اسپیلنگ
spend;Verb;A1;خرچ کرنا ۔ وقت گزارنا
spending;Noun;B1;اخراجات ۔ ادائیگی
spicy;Adjective;B1;چٹ پٹا ۔ مصالحے دار
spider;Noun;A2;مکڑی
spirit;Noun;B1;روح ۔ جان
spiritual;Adjective;B2;روحانی ۔ مقدس
split;Verb  Noun;B2;کاٹنا ۔ تقسیم کرنا
spoken;Adjective;B1;زبانی ۔ بولاہوا
sponsor;Verb  Noun;B2;کفیل۔سرپرست ۔ حامی
spoon;Noun;A2;چمچ
sport;Noun;A1;کھیل ۔ مقابلہ
spot;Noun, Verb ;B1, B2;جگہ ۔ داغ دار ہونا
spread;Verb , Noun;B1, B2;پھیلنا ۔ پھیلاو
spring;Noun, Verb ;A1, B1;بہار ۔ اچھلنا
square;Adjective  Noun;A2;چوکور ۔ مربع
stable;Adjective;B2;مستحکم ۔ پائیدار
stadium;Noun;B1;کھیل کا میدان
staff;Noun;B1;عملہ
stage;Noun, Verb ;A2, B2;اسٹیج ۔ مرحلہ ۔ چبوترہ
stair;Noun;A2;سیڑھی
stamp;Noun;A2;مہر ۔ سٹیمپ
stand;Verb , Noun;A1, B2;کھٹرا ہونا ۔ چھوٹی میز
standard;Noun Adjective;B1;معیار ۔ عام
star;Noun, Verb ;A1, A2;ستارہ ۔ تارہ
stare;Verb;B2;غور سے دیکھنا ۔ گھورنا
start;Verb , Noun;A1, A2;آغاز ۔ ابتدا کرنا
state;Noun, Adjective , v;A2, B1;صوبہ ۔ بیان کرنا
statement;Noun;A1;بیان
station;Noun;A1;اسٹیشن ۔ اڈہ ۔ جگہ
statistic;Noun;B1;اعداو شمار
statue;Noun;B1;مورت ۔ بت
status;Noun;B2;حالت ۔ مقام ۔ حثیت
stay;Verb , Noun;A1, A2;قیام ۔ ٹھہرنا ۔ رہنا
steady;Adjective;B2;متوازن ۔ مستحکم
steal;Verb;A2;چوری کرنا
steel;Noun;B2;فولاد ۔ اسٹیل
steep;Adjective;B2;ڈھلوان
step;Noun, Verb ;A2, B2;قدم ۔ قدم اٹھانا
stick (push into/attach);Verb;B1;چپکانا
stick (piece of wood);Noun;B1;چھڑی
sticky;Adjective;B2;لیس دار۔ چپکنے والا
stiff;Adjective;B2;سخت
still;Adverb , Adjective ;A1, B1;اب بھی ۔
stock;Noun;B2;سرمایہ ۔ تجارتی سامان
stomach;Noun;A2;معدہ
stone;Noun;A2;پتھر
stop;Verb  Noun;A1;رکنا ۔ وقفہ
store;Noun, Verb ;A2, B1;دکان ۔ ذخیرہ ، ذخیرہ کرنا
storm;Noun;A2;طوفان ۔ آندھی
story;Noun;A1;کہانی
straight;Adverb  Adjective;A2;سیدھا
strange;Adjective;A2;عجیب
stranger;Noun;B1;اجنبی
strategy;Noun;A2;حکمت عملی ۔ منصوبہ
stream;Noun;B2;چشمہ ۔ ندی
street;Noun;A1;گلی
strength;Noun;B1;قوت ۔ طاقت
stress;Noun Verb;A2;زور ۔ تناؤ ۔ تاکید کرنا
stretch;Verb  Noun;B2;پھیلانا ۔ پھیل جانا
strict;Adjective;B2;سخت
strike;Verb  Noun;B2;ہڑتال ۔ حملہ کرنا
string;Noun;B1;سٹرنگ ۔ فیتا ۔ رسی
strong;Adjective;A1;مظبوط
strongly;Adverb;B1;مظبوطی سے
structure;Noun, Verb ;A2, B2;ساخت ۔ بناوٹ
struggle;Verb  Noun;B2;جدہ جہد ۔ کوشش کرنا
student;Noun;A1;طالب علم
studio;Noun;B1;سٹوڈیو
study;Noun Verb;A1;مطالعہ ۔ مطالعہ کرنا
stuff;Noun, Verb ;B1, B2;مواد ۔ بھرنا
stupid;Adjective;A2;پاگل ۔ کم عقل
style;Noun;A1;سٹائل ۔ انداز
subject;Noun, Adjective ;A1, B2;مضمون
submit;Verb;B2;جمع کرانا
substance;Noun;B1;مادہ
succeed;Verb;A2;کامیاب ہونا
success;Noun;A1;کامیابی
successful;Adjective;A2;کامیاب
successfully;Adverb;B1;کامیابی سے
such;det./proNoun;A2;ایسا ۔ اس طرح
sudden;Adjective;B1;اچانک
suddenly;Adverb;A2;اچانک سے
suffer;Verb;B1;مبتلا ہونا ۔ سہنا
sugar;Noun;A1;شکر ۔ چینی
suggest;Verb;A2;تجویز دینا
suggestion;Noun;A2;مشورہ ۔ تجویز
suit;Noun, Verb ;A2, B1;لباس ۔ مقدمہ ۔ موزوں ہونا
suitable;Adjective;B1;موزوں ۔ مناسب
sum;Noun Verb;B2;رقم ۔ جمع کرنا ۔ جوڑنا
summarize;Verb;B1;خلاصہ کرنا
summary;Noun;B1;خلاصہ ۔ مختصر
summer;Noun;A1;موسم گرما
sun;Noun;A1;سورج
Sunday;Noun;A1;اتوار
supermarket;Noun;A1;سپر مارکیٹ
supply;Noun Verb;B1;فراہمی ۔ مہیا کرنا
support;Verb  Noun;A2;حمایت ۔ حمایت کرنا
supporter;Noun;B1;حامی ۔ حمایتی
suppose;Verb;A2;فرض کرنا
sure;Adjective , Adverb;A1, A2;پراعتماد ۔ یقناً ۔ بلاشبہ
surely;Adverb;B1;یقناً ۔ بلاشبہ
surface;Noun;B1;سطح
surgery;Noun;B2;سرجری ۔ جسمانی آپریشن
surprise;Noun Verb;A2;حیرت انگیز بات
surprised;Adjective;A2;حیرانی
surprising;Adjective;A2;حیرت انگیز
surround;Verb;B2;گھیرنا ۔ لپیٹنا
surrounding;Adjective;B2;آس پاس ۔ گردوپیش
survey;Noun, Verb ;A2, B2;جانچنا ۔ مشاہدہ
survive;Verb;B1;زندہ رہنا
suspect;Verb  Noun;B2;شبہ کرنا ۔ مشکوک
swear;Verb;B2;قسم کھانا
sweater;Noun;A1;سویٹر
sweep;Verb;B2;جھاڑو دینا
sweet;Adjective  Noun;A2;میٹھا ۔ سریلا
swim;Verb , Noun;A1, B1;تیرنا ۔ تیراکی
swimming;Noun;A1;تیراکی
switch;Verb , Noun;B1, B2;بدلنا ۔ سوئچ
symbol;Noun;A2;علامت
sympathy;Noun;B2;ہمدردی
symptom;Noun;B1;علامات
system;Noun;A2;نظام
table;Noun;A1;میز ۔ ٹیبل
tablet;Noun;A2;گولی ۔ تختی
tail;Noun;B1;دُم
take;Verb;A1;لینا ۔ پکڑنا
tale;Noun;B2;کہانی ۔ قصہ
talent;Noun;B1;صلاحیت ۔ ذہانت
talented;Adjective;B1;لائق ۔ قابل ۔ باصلاحیت
talk;Verb , Noun;A1, A2;بات کرنا ۔ گفتگو
tall;Adjective;A1;لمبا
tank;Noun;B2;جنگی ٹینک ۔ حوض
tape;Noun;B1;ڈوری ۔ ناپنے والا ٹیپ
target;Noun, Verb ;A2, B2;ہدف ۔ نشانہ
task;Noun;A2;کام
taste;Noun Verb;A2;ذائقہ
tax;Noun Verb;B1;ٹیکس
taxi;Noun;A1;ٹیکسی
tea;Noun;A1;چائے
teach;Verb;A1;سکھانا ۔ پڑھانا
teacher;Noun;A1;استاد
teaching;Noun;A2;ٹیچکنگ ۔ پڑھانا
team;Noun;A1;ٹیم
tear1;Verb  Noun;B2;پھاڑنا
tear2;Noun;B2;آنسو
technical;Adjective;B1;تکنیکی
technique;Noun;B1;تکنیک ۔ مہارت
technology;Noun;A2;ٹیکنالوجی ۔ فنیات
teenage;Adjective;A2;نو عمر
teenager;Noun;A1;بلوغت کی طرف بڑھتا ہوا
telephone;Noun Verb;A1;ٹیلیفون
television;Noun;A1;ٹیلی ویژن
tell;Verb;A1;بتانا ۔ بیان کرنا ۔کہنا
temperature;Noun;A2;درجہ حرارت
temporary;Adjective;B2;عارضی
ten;number;A1;دس
tend;Verb;B1;خدمت کرنا ۔ چلانا
tennis;Noun;A1;ٹینس (ایک کھیل)
tent;Noun;B1;خیمہ ۔ شامیانہ
term;Noun, Verb ;A2, B2;معیاد ۔ مدت ۔ اصطلاح
terrible;Adjective;A1;ہولناک ۔ خوفناک
test;Noun Verb;A1;امتحان ۔ ازمائش
text;Noun, Verb ;A1, A2;متن ۔ لکھائی
than;conj.;A1;مقابلے میں ۔ سے
thank;Verb;A1;شکریہ ادا کرنا
thanks;exclam. Noun;A1;شکریہ
that;det. proNoun conj., Adverb;A1, B1;وہ
the;definite article;A1; 
theatre;Noun;A1;تھیٹر
their;det.;A1;ان کا
theirs;proNoun;B1;ان کی ۔ اُن کا
them;proNoun;A1;انہیں ۔ ان کو
theme;Noun;B1;وضع ۔ حلیہ
themselves;proNoun;A2;خود ۔ اپنا
then;Adverb;A1;پھر ۔ تب
theory;Noun;B1;نظریہ
therapy;Noun;B2;تھراپی
there;Adverb;A1;وہاں ۔ اس جگہ
therefore;Adverb;B1;اسی وجہ سے۔ اسی لیے ۔ لہذا
they;proNoun;A1;وہ (جمع کےلئے)
thick;Adjective;A2;موٹا
thief;Noun;A2;چور
thin;Adjective;A2;ہلکا ۔ باریک ۔ پتلا
thing;Noun;A1;چیز
think;Verb;A1;سوچنا
thinking;Noun;A2;خیال ۔ سوچ بچار
third;number, Noun;A1, A2;تیسرا
thirsty;Adjective;A1;پیاسا
thirteen;number;A1;تیرہ
thirty;number;A1;تیس
this;det./proNoun, Adverb ;A1, B1;یہ
though;conj. Adverb;B1;اگرچہ ۔ تاہم
thought;Noun;A2;خیال ۔ سوچ ۔ ارادہ
thousand;number;A1;ہزار
threat;Noun;B2;خطرہ
threaten;Verb;B2;دھمکی دینا
three;number;A1;تین
throat;Noun;B1;حلق
through;prep. Adverb;A1;کے ذریعے
throughout;prep./Adverb;B1;تمام تر۔ شروع سے آخر تک
throw;Verb;A2;پھیکنا
Thursday;Noun;A1;جمعرات
thus;Adverb;B2;یوں ۔ اس طرح ۔ لہذا
ticket;Noun;A1;ٹکٹ
tidy;Adjective  v;A2;صاف ستھرا، سلیقے کا
tie;Verb  Noun;A2;ٹائی
tight;Adjective;B1;تنگ
till;conj./prep.;B1;تک
time;Noun, Verb ;A1, B2;وقت ۔ عرصہ
tin;Noun;B1;ٹن ۔ کنستر ۔ کین
tiny;Adjective;B1;چھوٹے۔ننھا سا
tip;Noun, Verb ;A2, B1;نوک ۔ سرا، انعام دینا
tired;Adjective;A1;تھکا ہوا
title;Noun;A1, B2;عنوان
to;prep., infinitive marker;A1;طرف۔ جانب۔ کو
today;Adverb  Noun;A1;آج
toe;Noun;B1;پاؤں کا پنجہ
together;Adverb;A1;ایک ساتھ
toilet;Noun;A1;بیت الخلاء
tomato;Noun;A1;ٹماٹر
tomorrow;Adverb  Noun;A1;کل (آنے والا)
tone;Noun;B2;سر ۔ آواز ۔ لحجہ
tongue;Noun;B1;زبان
tonight;Adverb  n;A1;آج کی رات
too;Adverb;A1;بھی
tool;Noun;A2;آلے
tooth;Noun;A1;دانت
top;Noun, Adjective ;A2;چوٹی ۔ سب سے اوپر
topic;Noun;A1;موضوع
total;Adjective  Noun;B1;کل ۔ میزان،
totally;Adverb;B1;مکمل طور پر
touch;Verb , Noun;A2, B1;چھونا، رابطہ
tough;Adjective;B2;مشکل
tour;Noun, Verb ;A2, B1;دورہ ۔ سیر کرنا
tourism;Noun;A2;سیاحت
tourist;Noun;A1;سیاح۔ سفر کرنے والا
towards;prep.;A2;کی طرف
towel;Noun;A2;تولیہ
tower;Noun;A2;مینار ۔ ٹاور
town;Noun;A1;شہر ۔ قصبہ
toy;Noun, Adjective ;A2;کھلونا
track;Noun, Verb ;A2, B2;راستہ۔ راہ ۔پٹری ۔ پیچھا کرنا
trade;Noun, Verb ;B1;تجارت ۔ کاروبار ۔ لین دین
tradition;Noun;A2;روایت
traditional;Adjective;A2;روایتی
traffic;Noun;A1;ٹریفک
train;Noun, Verb ;A1, A2;ٹرین ۔ ریل، تربیت دینا
trainer;Noun;A2;تربیت دینے والا
training;Noun;A2;تربیت
transfer;Verb  Noun;B2;منتقل کرنا، ترسیل
transform;Verb;B2;تبدیل کرنا۔ بدلنا
transition;Noun;B2;منتقلی ۔ نقل مکانی
translate;Verb;B1;ترجمہ کرنا
translation;Noun;B1;ترجمہ
transport;Noun, Verb ;A2, B1;ترسیل ۔ ترسیل کرنا۔ نقل و حرکت
travel;Verb  Noun;A1;سفر ۔ ہوائی سفر۔ سیر
traveller;Noun;A2;مسافر
treat;Verb;B1;پیش آنا ۔ برتاؤ کرنا
treatment;Noun;B1;علاج
tree;Noun;A1;درخت
trend;Noun;B1;رجحان ۔ جھکاؤ
trial;Noun;B2;جانچنے کا عمل ۔ امتحان
trick;Noun Verb;B1;چال
trip;Noun, Verb ;A1, B2;سفر ۔ دورہ ۔ سفر کرنا
tropical;Adjective;B2;گرم خطے کا
trouble;Noun, Verb ;A2, B2;پریشانی ۔ مصیبت، پریشان کرنا
trousers;Noun;A1;پتلون
truck;Noun;A2;ٹرک
TRUE;Adjective;A1;سچ
truly;Adverb;B2;واقعی ۔ حقیقتاً
trust;Noun Verb;B2;اعتماد ۔ بھروسہ، اعتماد کرنا
truth;Noun;B1;سچ
try;Verb , Noun;A1, B2;کوشش
T-shirt;Noun;A1;ٹی شرٹ
tube;Noun;B1;نالی
Tuesday;Noun;A1;منگل
tune;Noun;B2;دھن ۔تال ۔ لحجہ
tunnel;Noun;B2;سرنگ
turn;Verb  Noun;A1;رخ بدلنا، باری ۔ موڑ
TV;Noun;A1;ٹی وی
twelve;number;A1;بارہ
twenty;number;A1;بیس
twice;Adverb;A1;دوبار ۔ دومرتبہ
twin;Noun Adjective;A2;جڑواں ۔ ایک جیسے
two;number;A1;دو
type;Noun, Verb ;A1, B1;قسم
typical;Adjective;A2;مثالی ۔ منفرد
typically;Adverb;B1;مثالی طور پر
tyre;Noun;B1;ٹائر
ugly;Adjective;B1;بدصورت ۔ بُرا
ultimately;Adverb;B2;آخرکار ۔ بالآخر
umbrella;Noun;A1;چھتری
unable;Adjective;B1;قابل نہ ہونا
uncle;Noun;A1;چچا ۔ ماموں ۔ پھپھا ۔ خالو
uncomfortable;Adjective;B1;غیر آرام دہ ۔ تکلیف دہ
unconscious;Adjective;B2;لاشعوری ۔ غافل ۔ بے ہوش
under;prep. Adj;A1;کے تحت ۔ نیچے
underground;Adjective  Adverb;A2;زمین کے اندر ۔ زیر زمین
understand;Verb;A1;سمجھنا ۔ جاننا
understanding;Noun;A2;مفاہمت ۔ اتفاق رائے
underwear;Noun;B1;نیچے پہہنے کے کپڑے ۔ زیر جامہ
unemployed;Adjective;B1;بے روزگار
unemployment;Noun;B1;بے روزگاری
unexpected;Adjective;B2;غیر متوقع طور پر
unfair;Adjective;B1;غیر منصفانہ ۔ نا انصاف
unfortunately;Adverb;A2;بدقسمتی سے
unhappy;Adjective;A2;ناخوش ۔ رنجیدہ
uniform;Noun;A2;وردی
union;Noun;B1;انجمن ۔ اتحاد ۔ اتفاق
unique;Adjective;B2;منفرد ۔ بے جوڑ ۔ انوکھا
unit;Noun;A2;یونٹ ۔ اکائی
united;Adjective;A2;متحدہ ۔ اکھٹے
universe;Noun;B2;کائنات ۔  عالم
university;Noun;A1;جامعہ ۔ یونیورسٹی
unknown;Adjective;B2;نامعلوم
unless;conj.;B1;اگر نہیں ۔ جب تک نہ ۔ بغیر
unlike;prep.;B1;برعکس
unlikely;Adjective;B1;غیر متوقع
unnecessary;Adjective;B1;غیر ضروری
unpleasant;Adjective;B1;ناگوار ۔ ناخوشگوار
until;conj./prep.;A1;تک
unusual;Adjective;A2;غیر معمولی
up;Adverb  proNoun;A1;اوپر ۔ اوپر کی طرف
update;Verb  Noun;B1;جدید بنانا ۔ تازہ خبر
upon;prep.;B1;اوپر ۔ سطح کے اوپر
upper;Adjective;B2;اونچا ۔ بالائی
upset;Adjective  v;B1;پریشان، پریشان ہونا
upstairs;Adverb , Adjective ;A1, A2;اوپر کی منزل
upwards;Adverb;B2;اوپر کی طرف
urban;Adjective;B2;شہری
urge;Verb;B2;تمنا ۔ زور ڈالنا
us;proNoun;A1;ہمیں
use;Verb , Noun;A1, A2;استعمال کرنا ، استعمال
used;Adjective;B1;استعمال شدہ
used to;modal Verb;A2;عادی
useful;Adjective;A1;فائدہ مند ۔  کار آمد
user;Noun;A2;صارف
usual;Adjective;A2;عموماً
usually;Adverb;A1;عام طور پر
vacation;Noun;A1;تعطیل ۔ چھٹی
valley;Noun;A2;وادی
valuable;Adjective;B1;قیمتی
value;Noun, Verb ;B1, B2;قدر ۔ مالیت
van;Noun;A2;گاڑی ۔ چھکڑا
variety;Noun;A2;قسم قسم کی ۔ کئی طرح کی
various;Adjective;B1;مختلف
vary;Verb;B2;بدل دینا
vast;Adjective;B2;وسیع ۔ بہت بڑا
vegetable;Noun;A1;سبزیاں
vehicle;Noun;A2;گاڑی
venue;Noun;B2;مقام ۔ جگہ
version;Noun;B1;ورژن ۔ انداز ۔ ترجمہ
very;Adverb , Adjective ;A1, B1;بہت
via;prep.;B2;ذریعے
victim;Noun;B1;مظلوم . شکار
victory;Noun;B2;جیت ۔ کامیابی
video;Noun;A1;وڈیو
view;Noun, Verb ;A2,;نقطہ نظر، دیکھنا
viewer;Noun;B1;ناظرین
village;Noun;A1;گاؤں
violence;Noun;B2;تشدد
violent;Adjective;B1;سختی سے ۔ پر تشدد
virtual;Adjective;B2;ذاتی
virus;Noun;A2;وائرس
vision;Noun;B2;تصور ۔ اولین مقصد
visit;Verb  Noun;A1;دورہ، سیر کرنا ۔ معائنہ کرنا
visitor;Noun;A1;ملاقاتی ۔ وزیٹر
visual;Adjective;B2;بصری
vital;Adjective;B2;اہم
vitamin;Noun;B2;وٹامن
voice;Noun;A2;آواز
volume;Noun;B2;بڑی تعدا ۔ بنلد آواز
volunteer;Noun Verb;B1;رضا کار، رضاکارانہ کام کرنا
vote;Noun Verb;B1;ووٹ
wage;Noun;B2;اجرت ۔ تنخواہ
wait;Verb , Noun;A1, A2;انتظار، انتظار کرنا
waiter;Noun;A1;ویٹر ۔ کھانا پیش کرنے والا
wake;Verb;A1;جاگنا ۔ بیدار ہونا
walk;Verb  Noun;A1;ساتھ چلنا، چلنا
wall;Noun;A1;دیوار
want;Verb;A1;چاہنا
war;Noun;A2;جنگ ۔ لڑائی
warm;Adjective , v;A1, B1;گرم، گرم ہونا
warn;Verb;B1;خبردار کرنا
warning;Noun;B1;انتباہ ۔ اطلاع ۔ دھمکی
wash;Verb , Noun;A1, A2;صاف کرنا
washing;Noun;A2;دھونا۔ دھلائی یا صفائی
waste;Noun v, Adjective ;B1;فضلا، ضائع کرنا
watch;Verb  Noun;A1;گھڑی
water;Noun, Verb ;A1, B1;پانی
wave;Noun;A2, B1;لہر
way;Noun;A1, B2;راستہ
we;proNoun;A1;ہم
weak;Adjective;A2;کمزور
weakness;Noun;B2;کمزوری
wealth;Noun;B2;دولت
wealthy;Adjective;B2;مالدار ۔ دولت مند
weapon;Noun;B1;ہتھیار
wear;Verb;A1;پہنے ہونا
weather;Noun;A1;موسم
web;Noun;A2;ویب
website;Noun;A1;ویب سائٹ
wedding;Noun;A2;شادی
Wednesday;Noun;A1;بدھ
week;Noun;A1;ہفتہ
weekend;Noun;A1;ہفتے کا آخر
weigh;Verb;B1;تولنا ۔ وزن کرنا
weight;Noun;A2;وزن
welcome;exclam. Verb  Adjective , n;A1, A2;خوش آمدید
well;Adverb , Adjective , exclam.;A1;اچھا، صحت مند
west;Noun Adjective  Adverb;A1;مغرب
western;Adjective;B1;مغربی
wet;Adjective;A2;گیلا
what;proNoun/det.;A1;کیا
whatever;det./proNoun;B1;کچھ بھی ۔ کوئی بھی
wheel;Noun;A2;پہیہ
when;Adverb  proNounconj.;A1;کب
whenever;conj.;B1;جب بھی
where;Adverb  conj.;A1;کہاں
whereas;conj.;B2;جبکہ ۔ حالانکہ
wherever;conj.;B2;جہاں کہیں بھی
whether;conj.;B1;خواہ ۔ چاہے
which;proNoun/det.;A1;کونسا
while;conj., Noun;A2, B1;کچھ وقت
whisper;Verb  Noun;B2;سرگوشی، آہستہ آواز میں بولنا
white;Adjective  Noun;A1;سفید
who;proNoun;A1;کون
whole;Adjective , n;A2, B1;مکمل، پورا
whom;proNoun;B2;جس کو
whose;det./proNoun;A2;کس کا
why;Adverb;A1;کیوں
wide;Adjective;A2;چوڑا ۔ کشادہ
widely;Adverb;B2;بڑے پیمانے پر
wife;Noun;A1;بیوی
wild;Adjective;A2;جنگلی
wildlife;Noun;B2;جنگلی حیات
will;modal, Noun Verb;A1,;گا، ہمت، وصیت کرنا
willing;Adjective;B2;چاہنے والا
win;Verb , Noun;A1, B1;جیتنا، جیت
wind1;Noun;A2;ہوا
wind2;Verb;B2;چکر کھانا۔مڑنا
window;Noun;A1;کھڑکی
wine;Noun;A1;شراب
wing;Noun;B1;پر
winner;Noun;A2;فاتح۔جیتنے والا
winter;Noun;A1;موسم سرما
wire;Noun;B2;تار
wise;Adjective;B2;عقلمند
wish;Verb  Noun;A2;امید کرنا، چاہت۔خواہش
with;prep.;A1;ساتھ
within;prep.;B1;کے اندر
without;prep.;A1;بغیر
witness;Noun Verb;B2;گواہ، گواہی دینا
woman;Noun;A1;عورت
wonder;Verb  Noun;B1;حیرت۔تعجب
wonderful;Adjective;A1;نہایت عمدہ ۔ بہترین
wood;Noun;A2;لکڑی
wooden;Adjective;A2;لکڑی کا
wool;Noun;B1;اون
word;Noun;A1;لفط
work;Verb  Noun;A1;کام۔ کام کرنا
worker;Noun;A1;کارکن
working;Adjective;A2;کام ۔ مزدوری
world;Noun;A1;دنیا
worldwide;Adjective  Adverb;B1;دنیا بھر سے
worried;Adjective;A2;پریشان
worry;Verb  Noun;A2, B1;پریشان ہونا ۔ پریشانی
worse;Adjective, AdVerb  Noun;A2,B1, B2;بدتر، بُری کارکردگی، بُرائی
worst;Adjective, AdVerb  ;A2,B1, B2;بدترین
worth;Adjective, Noun;B1, B2;قیمت
would;modal, Verb;A1;ہوگا ۔ کرے گا
wound;Noun Verb;B2;زخم، زخمی کرنا
wow;exclam.;A2;زبردست
wrap;Verv;B2;لپیٹنا
write;Verb;A1;لکھنا
writer;Noun;A1;مصنف۔لکھنے والا
writing;Noun;A1;تحریر
written;Adjective;B1;لکھا ہوا
wrong;Adjective, AdVerb  Noun;A1, B1, B2;غلط
yard;Noun;B1;صحن۔آنگن
yeah;exclam.;A1;ہاں
year;Noun;A1;سال
yellow;Adjective, Noun;A1;پیلا۔زرد
yes;exclam.;A1;جی ہاں
yesterday;AdVerb  Noun;A1;کل
yet;AdVerb  conj.;A2, B2;ابھی تک
you;proNoun;A1;تم
young;Adjective, Noun;A1, B1;نابالغ، جوان
your;det.;A1;آپ
yours;proNoun;A2;تمہارا
yourself;proNoun;A1;اپنے آپ کو۔خود
youth;Noun;B1;نوجوان
zero;number;A2;صفر
zone;Noun;B2;حلقہ۔علاقہ
