a, an;indefinite, article;A1;A、
abandon;Verb;B2;放棄します
ability;Noun;A2;能力
able;Adjective;A2;できます
about;prep. Adverb;A1;約
above;prep. Adverb;A1;上記
abroad;Adverb;A2;海外へ
absolute;Adjective;B2;絶対の
absolutely;Adverb;B1;全く
academic;adj, Noun;B1, B2;アカデミック
accept;Verb;A2;受け入れます
acceptable;Adjective;B2;許容
access;Noun Verb;B1;アクセス
accident;Noun;A2;事故
accommodation;Noun;B1;収容
accompany;Verb;B2;添えます
according to;prep.;A2;による
account;Noun Verb;B1, B2;アカウント
accurate;Adjective;B2;正確
accuse;Verb;B2;訴えます
achieve;Verb;A2;成し遂げる
achievement;Noun;B1;成果
acknowledge;Verb;B2;認める
acquire;Verb;B2;取得
across;prep. Adverb;A1;横切って
act;Verb Noun;A2,B1;行為
action;Noun;A1;アクション
active;Adjective;A2;アクティブ
activity;Noun;A1;アクティビティ
actor;Noun;A1;俳優
actress;Noun;A1;女優
actual;Adjective;B2;実際の
actually;Adverb;A2;実際
ad;Noun;B1;広告
adapt;Verb;B2;適応する
add;Verb;A1;追加
addition;Noun;B1;添加
additional;Adjective;B2;追加
address;Noun Verb;A1,B2;住所
administration;Noun;B2;行政
admire;Verb;B1;賞賛
admit;Verb;B1;認めます
adopt;Verb;B2;採用
adult;Noun adj;A1,A2;アダルト
Advance;Noun Verb adj;B2;前進
Advanced;Adjective;B1;高度
Advantage;Noun;A2;利点
Adventure;Noun;A2;冒険
Advertise;Verb;A2;宣伝します
Advertisement;Noun;A2;広告
Advertising;Noun;A2;広告
Advice;Noun Verb;A1, B1;助言
affair;Noun;B2;事件、出来事
affect;Verb;A2;影響を及ぼす
afford;Verb;B1;与えます
afraid;Adjective;A1;恐れ
after;prep. conj. Adverb;A1,A2;後に
afternoon;Noun;A1;午後
afterwards;Adverb;B2;その後
again;Adverb;A1;再び
against;prep;A2;に対して
age;Noun Verb;A1, B1;年齢
aged;Adjective;B1;老人
agency;Noun;B2;代理店
agenda;Noun;B2;議題
agent;Noun;B1;エージェント
aggressive;Adjective;B2;アグレッシブ
ago;Adverb;A1;前
agree;Verb;A1;一致します
agreement;Noun;B1;契約
ah;exclam.;A2;ああ
ahead;Adverb;B1;先に
aid;Noun Verb;B2;援助
aim;Verb Noun;B1;目的
air;Noun;A1;空気
aircraft;Noun;B2;航空機
airline;Noun;A2;エアライン
airport;Noun;A1;空港
alarm;Noun Verb;B1, B2;警報
album;Noun;B1;アルバム
alcohol;Noun;B1;アルコール
alcoholic;Adjective;B1;アルコール性の
alive;Adjective;A2;生きています
all;det. pron, Adverb;A1, A2;すべて
all right;Adjective, Adverb exclam;A2;大丈夫
allow;Verb;A2;許します
almost;Adverb;A2;ほとんど
alone;Adjective, Adverb;A2;一人で
along;prep. Adverb;A2;沿って
already;Adverb;A2;既に
also;Adverb;A1;さらに
alter;Verb;B2;ALTER
alternative;Noun Adjective;A2, B1;選択肢
although;conj;A2;であるが
always;Adverb;A1;常に
amazed;Adjective;B1;びっくりしました
amazing;Adjective;A1;素晴らしいです
ambition;Noun;B1;野心
ambitious;Adjective;B1;野心的な
among;prep.;A2;間で
amount;Noun Verb;A2, B2;量
analyse;Verb;B1;分析します
analysis;Noun;B1;分析
ancient;Adjective;A2;古代の
and;conj;A1;そして
anger;Noun;B2;怒り
angle;Noun;B2;角度
angry;Adjective;A1;怒りました
animal;Noun;A1;動物
ankle;Noun;A2;足首
anniversary;Noun;B2;記念日
announce;Verb;B1;アナウンス
announcement;Noun;B1;発表
annoy;Verb;B1;いらいらさせます
annoyed;Adjective;B1;イライラ
annoying;Adjective;B1;迷惑な
annual;Adjective;B2;毎年の
another;det. proNoun;A1;別の
answer;Noun Verb;A1;回答
anxious;Adjective;B2;心配して
any;det. proNoun, Adverb;A1, A2;どれか
anybody;pron;A2;誰でも
any more;Adverb;A2;これ以上
anyone;pron;A1;誰でも
anything;pron;A1;何でも
anyway;Adverb;A2;とにかく
anywhere;AdVerb proNoun;A2;どこでも
apart;Adverb;B1;別として
apartment;Noun;A1;アパート
apologize;Verb;B1;謝ります
app;Noun;A2;アプリ
apparent;Adjective;B2;見かけ上
apparently;Adverb;B2;明らかに
appeal;Noun Verb;B2;アピール
appear;Verb;A2;現れる
appearance;Noun;A2;外観
apple;Noun;A1;林檎
application;Noun;B1;応用
apply;Verb;A2;適用します
appointment;Noun;B1;任命
appreciate;Verb;B1;感謝する
approach;Noun Verb;B2;アプローチ
appropriate;Adjective;B2;適切な
approval;Noun;B2;承認
approve;Verb;B2;認めます
approximately;Adverb;B1;約
April;Noun;A1;四月
architect;Noun;A2;建築家
architecture;Noun;A2;建築
area;Noun;A1;範囲
argue;Verb;A2;論じます
argument;Noun;A2;引数
arise;Verb;B2;生じます
arm;Noun;A1;腕
armed;Adjective;B2;武装しました
arms;Noun;B2;武器
army;Noun;A2;軍
around;prep. Adverb;A1;周りに
arrange;Verb;A2;アレンジ
arrangement;Noun;A2;配置
arrest;Verb Noun;B1;逮捕
arrival;Noun;B1;到着
arrive;Verb;A1;着きます
art;Noun;A1;アート
article;Noun;A1;論文
artificial;Adjective;B2;人工的な
artist;Noun;A1;アーティスト
artistic;Adjective;B2;芸術的
as;prep., Adverb conj.;A1, A2;なので
ashamed;Adjective;B2;恥ずかしい
asleep;Adjective;A2;眠っています
ask;Verb;A1;頼みます
aspect;Noun;B2;側面
assess;Verb;B2;評価します
assessment;Noun;B2;評価
assignment;Noun;B1;割り当て
assist;Verb;B1;支援する
assistant;Noun Adjective;A2;アシスタント
associate;Verb;B2;仲間、同僚
associated;Adjective;B2;関連しました
association;Noun;B2;協会
assume;Verb;B2;仮定
at;prep.;A1;に
athlete;Noun;A2;アスリート
atmosphere;Noun;B1;雰囲気
attach;Verb;B1;アタッチ
attack;Noun Verb;A2;攻撃
attempt;Noun Verb;B2;試み
attend;Verb;A2;出席
attention;Noun exclam.;A2;注意
attitude;Noun;B1;姿勢
attract;Verb;B1;引き付けます
attraction;Noun;B1;魅力
attractive;Adjective;A2;魅力的
audience;Noun;A2;聴衆
August;Noun;A1;八月
aunt;Noun;A1;叔母
author;Noun;A2;著者
authority;Noun;B1;権限
autumn;Noun;A1;秋
available;Adjective;A2;利用できます
average;Adjective, Noun Verb;A2, B1;平均
avoid;Verb;A2;避ける
award;Noun Verb;A2, B1;賞
aware;Adjective;B1;気がついて
away;Adverb;A1;先に
awful;Adjective;A2;酷いです
baby;Noun;A1;赤ちゃん
back;Noun AdVerb Adjective, Verb;A1, A2, B2;バック
background;Noun;A2;バックグラウンド
backwards;Adverb;B1;後方
bacteria;Noun;B2;細菌
bad;Adjective;A1;悪い
badly;Adverb;A2;ひどく
bag;Noun;A1;バッグ
bake;Verb;B1;焼く
balance;Noun Verb;B1;残高
ball;Noun;A1;玉
ban;Verb Noun;B1;禁止
banana;Noun;A1;バナナ
band;Noun;A1;バンド
bank (money);Noun;A1;銀行（お金）
bank (river);Noun;B1;銀行（川）
bar;Noun Verb;A2, B2;バー
barrier;Noun;B2;バリア
base;Noun Verb;B1;ベース
baseball;Noun;A2;野球
based;Adjective;A2;ベース
basketball;Noun;A2;バスケットボール
basic;Adjective;B1;基本的な
basically;Adverb;B2;基本的に
basis;Noun;B1;基礎
bath;Noun;A1;バス
bathroom;Noun;A1;バスルーム
battery;Noun;B1;電池
battle;Noun Verb;B1, B2;戦い
be;Verb auxiliary Verb;A1;されます
beach;Noun;A1;ビーチ
bean;Noun;A2;豆
bear (deal with);Verb;B2;クマ（対処）
bear (animal);Noun;A2;クマ（動物）
beat;Verb Noun;A2, B2;ビート
beautiful;Adjective;A1;綺麗な
beauty;Noun;B1;美しさ
because;conj.;A1;なぜなら
become;Verb;A1;なります
bed;Noun;A1;ベッド
bedroom;Noun;A1;ベッドルーム
bee;Noun;B1;蜂
beef;Noun;A2;牛肉
beer;Noun;A1;ビール
before;prep., conj. Adverb;A1, A2;前
beg;Verb;B2;頼みます
begin;Verb;A1;ベギン
beginning;Noun;A1;初め
behave;Verb;A2;振る舞います
behaviour;Noun;A2;動作
behind;prep. Adverb;A1;後ろに
being;Noun;B2;であること
belief;Noun;B1;信念
believe;Verb;A1;信じます
bell;Noun;B1;ベル
belong;Verb;A2;属する
below;Adverb prep.;A1;未満
belt;Noun;A2;ベルト
bend;Verb Noun;B1;曲がり
benefit;Verb NouNoun;A2, B1;ベネフィット
bent;Adjective;B2;屈曲
best;Adjective, AdVerb Noun;A1, A2;ベスト
bet;Verb Noun;B2;ベット
better;Adjective , Adverb , Noun;A1, A2, B1;よりよいです
between;prep., Adverb;A1, A2;の間に
beyond;prep. Adverb;B2;超えて
bicycle;Noun;A1;自転車
big;Adjective;A1;大きい
bike;Noun;A1;自転車
bill;Noun Verb;A1, B2;ビル
billion number; ;A2;億数
bin;Noun;A2;置き場
biology;Noun;A2;生物学
bird;Noun;A1;鳥
birth;Noun;A2;誕生
birthday;Noun;A1;お誕生日
biscuit;Noun;A2;ビスケット
bit;Noun;A2;ビット
bite;Verb Noun;B1;一口
bitter;Adjective;B2;苦い
black;Adjective, Noun;A1;黒
blame;Verb Noun;B2;責め
blank;Adjective, Noun;A2;ブランク
blind;Adjective;B2;ブラインド
block;Noun Verb;B1;ブロック
blog;Noun;A1;ブログ
blonde;Adjective;A1;ブロンド
blood;Noun;A2;血液
blow;Verb;A2;ブロー
blue;Adjective, Noun;A1;青い
board;Noun Verb;A2, B1;ボード
boat;Noun;A1;ボート
body;Noun;A1;体
boil;Verb;A2;煮ます
bomb;Noun Verb;B1;爆弾
bond;Noun;B2;つなぐ
bone;Noun;A2;骨
book;Noun Verb;A1, A2;本
boot;Noun;A1;ブート
border;Noun Verb;B1, B2;境界
bored;Adjective;A1;退屈
boring;Adjective;A1;退屈な
born;Verb;A1;生まれ
borrow;Verb;A2;借りて
boss;Noun;A2;ボス
both;det./proNoun;A1;両方とも
bother;Verb;B1;煩わします
bottle;Noun;A1;ボトル
bottom;NouNoun Adjective;A2;ボトム
bowl;Noun;A2;丼鉢
box;Noun;A1;ボックス
boy;Noun;A1;男の子
boyfriend;Noun;A1;彼氏
brain;Noun;A2;脳
branch;Noun;B1;ブランチ
brand;Noun Verb;B1;ブランド
brave;Adjective;B1;勇者
bread;Noun;A1;パン
break;Verb Noun;A1;ブレーク
breakfast;Noun;A1;朝ごはん
breast;Noun;B2;乳
breath;Noun;B1;呼吸
breathe;Verb;B1;息をします
breathing;Noun;B1;ブリージング
bride;Noun;B1;花嫁
bridge;Noun;A2;ブリッジ
brief;Adjective;B2;ブリーフ
bright;Adjective;A2;明るい
brilliant;Adjective;A2;鮮やかさ
bring;Verb;A1;持って来ます
broad;Adjective;B2;幅広いです
broadcast;Verb Noun;B2;放送
broken;Adjective;A2;壊れた
brother;Noun;A1;兄
brown;Adjective, Noun;A1;褐色
brush;Verb Noun;A2;みがきます
bubble;Noun;B1;バブル
budget;Noun;B2;予算
build;Verb;A1;ビルド
building;Noun;A1;建物
bullet;Noun;B2;弾丸
bunch;Noun;B2;束
burn;Verb Noun;A2, B2;燃やす
bury;Verb;B1;埋め込む
bus;Noun;A1;バス
bush;Noun;B2;ブッシュ
business;Noun;A1;ビジネス
businessman;Noun;A2;ビジネスマン
busy;Adjective;A1;忙しい
but;conj. prep;A1, B2;だが
butter;Noun;A1;バター
button;Noun;A2;ボタン
buy;Verb;A1;購入
by;prep. Adverb;A1, B1;沿って
bye;exclam;A1;バイ
cable;Noun;B2;ケーブル
cafe;Noun;A1;カフェ
cake;Noun;A1;ケーキ
calculate;Verb;B2;計算
call;Verb Noun;A1;コール
calm;Adjective Verb Noun;B1;穏やか
camera;Noun;A1;カメラ
camp;Noun Verb;A2;キャンプ
campaign;Noun Verb;B1;運動
camping;Noun;A2;キャンプ
campus;Noun;B1;キャンパス
can1;modal Verb;A1;CAN1
can2;Noun;A2;CAN2
cancel;Verb;B2;キャンセル
cancer;Noun;B2;癌
candidate;Noun;B1;候補者
cannot;Verb;A1;できません
cap;Noun;B1;キャップ
capable;Adjective;B2;できます
capacity;Noun;B2;容量
capital;Noun Adjective;A1;資本
captain;Noun;B1;キャプテン
capture;Verb Noun;B2;キャプチャー
car;Noun;A1;車
card;Noun;A1;カード
care;Noun Verb;A2;ケア
career;Noun;A1;キャリア
careful;Adjective;A2;注意深いです
carefully;Adverb;A2;注意深く
careless;Adjective;B1;不注意な
carpet;Noun;A2;カーペット
carrot;Noun;A1;にんじん
carry;Verb;A1;運ぶ
cartoon;Noun;A2;漫画
case;Noun;A2;場合
cash;Noun;A2;現金
cast;Noun Verb;B2;キャスト
castle;Noun;A2;城
cat;Noun;A1;ネコ
catch;Verb Noun;A2, B2;キャッチ
category;Noun;B1;カテゴリー
cause;Noun Verb;A2;原因
CD;Noun;A1;CD
ceiling;Noun;B1;天井
celebrate;Verb;A2;祝う
celebration;Noun;B1;お祝い
celebrity;Noun;A2;有名人
cell;Noun;B2;細胞
cent;Noun;A1;セント
central;Adjective;B1;セントラル
centre;Noun Verb;A1, B1;センター
century;Noun;A1;世紀
ceremony;Noun;B1;式
certain;Adjective;A2;一定
certainly;Adverb;A2;もちろん
chain;Noun Verb;B1, B2;鎖
chair;Noun Verb;A1, B2;椅子
chairman;Noun;B2;会長
challenge;Noun Verb;B1, B2;チャレンジ
champion;Noun;B1;チャンピオン
chance;Noun;A2;機会
change;Verb Noun;A1;変化する
channel;Noun;B1;チャネル
chapter;Noun;B1;章
character;Noun;A2;キャラクター
characteristic;Noun Adjective;B2;特性
charge;Noun Verb;B1;充電
charity;Noun;A2;チャリティ
chart;Noun Verb;A1, B2;チャート
chat;Verb Noun;A2;チャット
cheap;Adjective , Adverb;A1, B1;安いです
cheat;Verb Noun;B1;騙します
check;Verb Noun;A1, A2;小切手
chef;Noun;A2;シェフ
cheerful;Adjective;B1;陽気な
cheese;Noun;A1;チーズ
chemical;Adjective, Noun;B1;ケミカル
chemistry;Noun;A2;化学
chest;Noun;B1;胸
chicken;Noun;A1;チキン
chief;Adjective, Noun;B2;チーフ
child;Noun;A1;子
childhood;Noun;B1;子供時代
chip;Noun;A2;チップ
chocolate;Noun;A1;チョコレート
choice;Noun;A2;選択
choose;Verb;A1;選択
church;Noun;A2;教会
cigarette;Noun;A2;シガレット
cinema;Noun;A1;シネマ
circle;Noun Verb;A2;サークル
circumstance;Noun;B2;事情
cite;Verb;B2;引用します
citizen;Noun;B2;市民
city;Noun;A1;市
civil;Adjective;B2;民事上
claim;Verb Noun;B1;請求
class;Noun;A1;クラス
classic;Adjective, Noun;B2;クラシック
classical;Adjective;A2;クラシカル
classroom;Noun;A1;教室
clause;Noun;B1;句
clean;Adjective, Verb;A1;掃除
clear;Adjective, Verb;A2, B1;晴れ
clearly;Adverb;A2;はっきり
clever;Adjective;A2;賢いです
click;Verb Noun;B1;クリック
client;Noun;B1;クライアント
climate;Noun;A2;気候
climb;Verb Noun;A1, B1;登る
clock;Noun;A1;時計
close1;Verb Noun;A1, B2;close1
close2;Adjective , Adverb;A2, B1;close2
closed;Adjective;A2;閉まっている
closely;Adverb;B2;密接に
cloth;Noun;B1;布
clothes;Noun;A1;服
clothing;Noun;A2;衣類
cloud;Noun;A2;雲
club;Noun;A1;クラブ
clue;Noun;B1;手掛かり
coach;Noun Verb;A2, B1;コーチ
coal;Noun;B1;石炭
coast;Noun;A2;海岸
coat;Noun;A1;コート
code;Noun;A2;コード
coffee;Noun;A1;コーヒー
coin;Noun;B1;コイン
cold;Adjective Noun;A1;コールド
collapse;Verb Noun;B2;崩壊
colleague;Noun;A2;同僚
collect;Verb;A2;コレクト
collection;Noun;B1;コレクション
college;Noun;A1;カレッジ
colour;Noun;A1;色
coloured;Adjective;B1;カラード
column;Noun;A2;カラム
combination;Noun;B2;組み合わせ
combine;Verb;B1;コンバイン
come;Verb;A1;来ます
comedy;Noun;A2;コメディ
comfort;Noun Verb;B2;快適さ
comfortable;Adjective;A2;快適
command;Noun Verb;B2;コマンド
comment;Noun Verb;A2, B1;コメント
commercial;Adjective Noun;B1;商業の
commission;Noun Verb;B2;手数料
commit;Verb;B1;コミット
commitment;Noun;B2;コミットメント
committee;Noun;B2;委員会
common;Adjective Noun;A1;一般
commonly;Adverb;B2;一般に
communicate;Verb;A2;コミュニケート
communication;Noun;B1;コミュニケーション
community;Noun;A2;コミュニティ
company;Noun;A1;会社
compare;Verb;A1;比較します
comparison;Noun;B1;比較
compete;Verb;A2;競合
competition;Noun;A2;コンペ
competitor;Noun;B1;競合他社選手
competitive;Adjective;B1;競争の
complain;Verb;A2;文句を言います
complaint;Noun;B1;苦情文句
complete;Adjective Verb;A1;コンプリート
completely;Adverb;A2;完全に
complex;Adjective, Noun;B1, B2;繁雑
complicated;Adjective;B2;複雑
component;Noun;B2;成分
computer;Noun;A1;コンピューター
concentrate;Verb;B1;集中
concentration;Noun;B2;濃度
concept;Noun;B2;概念
concern;Noun Verb;B2;懸念
concerned;Adjective;B2;心配している
concert;Noun;A1;コンサート
conclude;Verb;B1;結論
conclusion;Noun;B1;結論
condition;Noun;A2;状態
conduct;Verb Noun;B2;行動
conference;Noun;A2;会議
confidence;Noun;B2;信頼
confident;Adjective;B1;自信を持って
confirm;Verb;B1;確認
conflict;Noun Verb;B2;コンフリクト
confuse;Verb;B1;混乱させる
confused;Adjective;B1;混乱
confusing;Adjective;B2;混乱
connect;Verb;A2;接続
connected;Adjective;A2;接続
connection;Noun;B1;接続
conscious;Adjective;B2;意識して
consequence;Noun;B1;結果
conservative;Adjective, Noun;B2;保守的
consider;Verb;A2;考えます
consideration;Noun;B2;考慮
consist;Verb;B1;成ります
consistent;Adjective;B2;首尾一貫した
constant;Adjective;B2;絶え間ない
constantly;Adverb;B2;絶えず
construct;Verb;B2;構文
construction;Noun;B2;建設
consume;Verb;B1;消費します
consumer;Noun;B1;消費者
contact;Noun Verb;B1;連絡先
contain;Verb;A2;含む
container;Noun;B1;コンテナ
contemporary;Adjective;B2;コンテンポラリー
content;Noun;B1;コンテンツ
contest;Noun Verb;B2;コンテスト
context;Noun;A2;環境
continent;Noun;A2;大陸
continue;Verb;A2;継続する
continuous;Adjective;B1;連続
contract;Noun Verb;B2;契約する
contrast;Noun Verb;B1;コントラスト
contribute;Verb;B2;助ける
contribution;Noun;B2;貢献
control;Noun Verb;A2;コントロール
convenient;Adjective;B1;便利
conversation;Noun;A1;会話
convert;Verb;B2;変換
convince;Verb;B1;確信させます
convinced;Adjective;B2;確信して
cook;Verb Noun;A1, A2;クック
cooker;Noun;A2;炊飯器
cooking;Noun;A1;料理
cool;Adjective, Verb;A1, B1;涼しい
copy;Noun Verb;A2;コピー
core;Noun Adjective;B2;芯
corner;Noun;A2;コーナー
corporate;Adjective;B2;会社の
correct;Adjective Verb;A1;正しい
correctly;Adverb;A2;正し
cost;Noun Verb;A1;費用
costume;Noun;B1;コスチューム
cottage;Noun;B1;コテージ
cotton;Noun;B1;コットン
could;Verb;A1;たぶん......だろう
council;Noun;B2;協議会
count;Verb Noun;A2, B1;カウント
country;Noun;A1;国
countryside;Noun;B1;田舎
county;Noun;B2;郡
couple;Noun;A2;カップル
courage;Noun;B2;勇気
course;Noun;A1;コース
court;Noun;B1;裁判所
cousin;Noun;A1;いとこ
cover;Verb Noun;A2, B1;カバー
covered;Adjective;B1;カバー
cow;Noun;A1;牛
crash;Noun Verb;B2;クラッシュ
crazy;Adjective;A2;クレージー
cream;Noun Adjective;A1, B1;クリーム
create;Verb;A1;作ります
creation;Noun;B2;創造
creative;Adjective;A2;創造的
creature;Noun;B2;生物
credit;Noun Verb;A2, B2;クレジット
crew;Noun;B2;クルー
crime;Noun;A2;犯罪
criminal;Noun Adjective;A2, B1;犯罪者
crisis;Noun;B2;危機
criterion;Noun;B2;基準
critic;Noun;B2;評論家
critical;Adjective;B2;クリティカル
criticism;Noun;B2;批判
criticize;Verb;B2;批判します
crop;Noun;B2;収穫
cross;Verb Noun;A2;クロス
crowd;Noun;A2;群集
crowded;Adjective;A2;混雑
crucial;Adjective;B2;重要
cruel;Adjective;B1;酷いです
cry;Verb Noun;A2, B2;泣く
cultural;Adjective;B1;文化的
culture;Noun;A1;文化
cup;Noun;A1;カップ
cupboard;Noun;A2;食器棚
cure;Verb Noun;B2;治す
curly;Adjective;A2;縮れた
currency;Noun;B1;通貨
current;Adjective, Noun;B1, B2;電流
currently;Adverb;B1;現在
curtain;Noun;B1;カーテン
curve;Noun Verb;B2;曲線
curved;Adjective;B2;曲がりました
custom;Noun;B1;カスタム
customer;Noun;A1;お客様
cut;Verb , Noun;A1, B1;切る
cycle;Noun Verb;A2, B1;サイクル
dad;Noun;A1;パパ
daily;Adjective, Adverb;A2, B1;日々
damage;Noun Verb;B1;ダメージ
dance;Noun Verb;A1;ダンス
dancer;Noun;A1;踊り子
dancing;Noun;A1;ダンシング
danger;Noun;A2;危険
dangerous;Adjective;A1;危険な
dark;Adjective, Noun;A1, A2;闇
data;Noun;A2;データ
date;Noun Verb;A1, B2;日付
daughter;Noun;A1;娘
day;Noun;A1;日
dead;Adjective;A2;デッド
deal;Verb Noun;A2, B1;対処
dear;Adjective, exclam;A1, A2;親愛な
death;Noun;A2;死
debate;Noun Verb;B2;ディベート
debt;Noun;B2;債務
decade;Noun;B1;一昔
December;Noun;A1;12月
decent;Adjective;B2;まともな
decide;Verb;A1;決めます
decision;Noun;A2;決定
declare;Verb;B2;宣言
decline;Verb Noun;B2;低下
decorate;Verb;B1;飾る
decoration;Noun;B2;デコレーション
decrease;Verb Noun;B2;減少
deep;Adjective, Adverb;A2, B1;深い
deeply;Adverb;B2;深く
defeat;Verb Noun;B2;敗北
defence;Noun;B2;防衛
defend;Verb;B2;守る
define;Verb;B1;定義
definite;Adjective;B1;確か
definitely;Adverb;A2;間違いなく
definition;Noun;B1;定義
degree;Noun;A2;程度
delay;Verb Noun;B2;ディレイ
deliberate;Adjective;B2;意図的
deliberately;Adverb;B2;わざと
delicious;Adjective;A1;おいしい
delight;Verb Noun;B2;喜び
delighted;Adjective;B2;喜んで
deliver;Verb;B1;届けます
delivery;Noun;B2;配達
demand;Noun Verb;B2;要求する
demonstrate;Verb;B2;証明します
dentist;Noun;A2;歯科医
deny;Verb;B2;否定します
department;Noun;A2;部門
departure;Noun;B1;出発
depend;Verb;A2;依存
depressed;Adjective;B2;落ち込んで
depressing;Adjective;B2;押し下げます
depth;Noun;B2;深さ
describe;Verb;A1;述べます
description;Noun;A1;説明
desert;Noun Verb;A2, B2;砂漠
deserve;Verb;B2;値する
design;Noun Verb;A1;設計
designer;Noun;A2;デザイナー
desire;Noun Verb;B2;欲望
desk;Noun;A1;机
desperate;Adjective;B2;やけくその
despite;prep;B1;にもかかわらず
destination;Noun;B1;先
destroy;Verb;A2;破壊
detail;Noun Verb;A1, B2;ディテール
detailed;Adjective;B2;詳細に
detect;Verb;B2;検出
detective;Noun;A2;探偵
determine;Verb;B1;定めます
determined;Adjective;B1;決定
develop;Verb;A2;発展させる
development;Noun;B1;開発
device;Noun;A2;端末
diagram;Noun;B1;ダイヤグラム
dialogue;Noun;A1;対話
diamond;Noun;B1;ダイヤモンド
diary;Noun;A2;日記
dictionary;Noun;A1;辞書
die;Verb;A1;死にます
diet;Noun;A1;ダイエット
difference;Noun;A1;差
different;Adjective;A1;異なります
differently;Adverb;A2;異なっ
difficult;Adjective;A1;難しいです
difficulty;Noun;B1;困難
dig;Verb;B2;掘る
digital;Adjective;A2;デジタル
dinner;Noun;A1;晩ごはん
direct;Adjective, Verb Adverb;A2, B1;直接
direction;Noun;A2;方向
directly;Adverb;B1;直接
director;Noun;A2;ディレクター
dirt;Noun;B1;泥
dirty;Adjective;A1;汚れた
Dis Adverbantage;Noun;B1;ディスAdverbantage
disagree;Verb;A2;同意
disappear;Verb;A2;姿を消す
disappointed;Adjective;B1;失望
disappointing;Adjective;B1;失望
disaster;Noun;A2;災害
disc;Noun;B2;ディスク
discipline;Noun;B2;懲戒
discount;Noun Verb;B1, B2;ディスカウント
discover;Verb;A2;発見する
discovery;Noun;A2;発見
discuss;Verb;A1;話し合います
discussion;Noun;A2;討論
disease;Noun;A2;疾患
dish;Noun;A1;皿
dishonest;Adjective;B2;不正直
dislike;Verb Noun;B1;嫌い
dismiss;Verb;B2;退出させる
display;Verb Noun;B2;表示
distance;Noun;A2;距離
distribute;Verb;B2;分配します
distribution;Noun;B2;分布
district;Noun;B2;地区
divide;Verb Noun;B1, B2;分割
division;Noun;B2;分割
divorced;Adjective;A2;離婚
do;Verb auxiliary verb;A1;行う
doctor;Noun;A1;医師
document;Noun Verb;A2, B2;資料
documentary;Noun;B1;ドキュメンタリー
dog;Noun;A1;犬
dollar;Noun;A1;ドル
domestic;Adjective;B2;国内の
dominate;Verb;B2;支配
donate;Verb;B1;寄付
door;Noun;A1;ドア
double;Adjective det. proNoun Verb , Adverb;A2, B1;ダブル
doubt;Noun Verb;B1;疑問に思う
down;Adverb Prep;A1;ダウン
download;Verb Noun;A2;ダウンロード
downstairs;Adverb , Adjective;A1, A2;階下
downwards;Adverb;B2;下向き
dozen;Noun det;B2;ダース
draft;Noun Verb;B2;ドラフト
drag;Verb;B2;引っ張る
drama;Noun;A2;ドラマ
dramatic;Adjective;B2;劇的
draw;Verb;A1;ドロー
drawing;Noun;A2;お絵かき
dream;Noun Verb;A2;夢
dress;Noun Verb;A1;ドレス
dressed;Adjective;B1;服を着て
drink;Noun Verb;A1;ドリンク
drive;Verb Noun;A1, A2;ドライブ
driver;Noun;A1;運転者
driving;Noun;A2;駆動
drop;Verb Noun;A2, B1;落とす
drug;Noun;A2;薬
drum;Noun;B1;ドラム
drunk;Adjective;B1;酔っ
dry;Adjective, Verb;A2;ドライ
due;Adjective;B1;原因
during;prep;A1;間に
dust;Noun;B1;ほこり
duty;Noun;B1;関税
DVD;Noun;A1;DVD
each;det./proNoun/Adverb;A1;各
ear;Noun;A1;耳
early;Adjective Adverb;A1;早いです
earn;Verb;A2;得ます
earth;Noun;A2;地球
earthquake;Noun;B1;地震
easily;Adverb;A2;簡単に
east;Noun Adjective Adverb;A1;東
eastern;Adjective;B1;東の
easy;Adjective;A1;イージー
eat;Verb;A1;食べる
economic;Adjective;B1;経済の
economy;Noun;B1;経済
edge;Noun;B1;縁
edit;Verb;B2;編集します
edition;Noun;B2;版
editor;Noun;B1;編集者
educate;Verb;B1;教育します
educated;Adjective;B1;教育を受けました
education;Noun;A2;教育
educational;Adjective;B1;教育の
effect;Noun;A2;効果
effective;Adjective;B1;効果的な
effectively;Adverb;B1;効果的
efficient;Adjective;B2;効率的
effort;Noun;B1;努力
egg;Noun;A1;卵
eight;number;A1;8
eighteen;number;A1;18
eighty;number;A1;80人
either;det./proNoun Adverb;A2;どちらか
elderly;Adjective;B2;年配
elect;Verb;B2;次期
election;Noun;B1;選挙
electric;Adjective;A2;電気の
electrical;Adjective;A2;電気
electricity;Noun;A2;電気
electronic;Adjective;A2;電子
element;Noun;B1;素子
elephant;Noun;A1;象
eleven;number;A1;十一
else;Adverb;A1;そうしないと
elsewhere;Adverb;B2;他の場所
email;Noun Verb;A1;Eメール
embarrassed;Adjective;B1;恥ずかしい
embarrassing;Adjective;B1;恥ずかしいです
emerge;Verb;B2;出てきます
emergency;Noun;B1;緊急
emotion;Noun;B1;感情
emotional;Adjective;B2;感情の
emphasis;Noun;B2;重点
emphasize;Verb;B2;強調
employ;Verb;A2;採用
employee;Noun;A2;従業員
employer;Noun;A2;雇用者
employment;Noun;B1;雇用
empty;Adjective, Verb;A2, B1;空の
enable;Verb;B2;有効
encounter;Verb Noun;B2;出会い
encourage;Verb;B1;奨励します
end;Noun Verb;A1;終わり
ending;Noun;A2;エンディング
enemy;Noun;B1;敵
energy;Noun;A2;エネルギー
engage;Verb;B2;従事する
engaged;Adjective;B1;従事して
engine;Noun;A2;エンジン
engineer;Noun;A2;エンジニア
engineering;Noun;B1;エンジニアリング
enhance;Verb;B2;強化
enjoy;Verb;A1;楽しい
enormous;Adjective;A2;莫大
enough;det. proNoun Adverb;A1;足りる
enquiry;Noun;B2;問い合わせ
ensure;Verb;B2;確保
enter;Verb;A2;入る
entertain;Verb;B1;楽しま
entertainment;Noun;B1;エンターテインメント
enthusiasm;Noun;B2;熱意
enthusiastic;Adjective;B2;熱心な
entire;Adjective;B2;全体
entirely;Adverb;B2;全く
entrance;Noun;B1;入り口
entry;Noun;B1;エントリ
environment;Noun;A2;環境
environmental;Adjective;B1;環境の
episode;Noun;B1;エピソード
equal;Adjective, Verb Noun;B1, B2;等しい
equally;Adverb;B1;平等に
equipment;Noun;A2;装置
error;Noun;A2;エラー
escape;Verb Noun;B1;逃れる
especially;Adverb;A2;特に
essay;Noun;A2;エッセイ
essential;Adjective;B1;不可欠
establish;Verb;B2;設立する
estate;Noun;B2;エステート
estimate;Verb Noun;B2;推計
ethical;Adjective;B2;倫理的な
euro;Noun;A1;ユーロ
evaluate;Verb;B2;評価します
even;AdVerb Adjective;A1, B2;さえ
evening;Noun;A1;イブニング
event;Noun;A1;イベント
eventually;Adverb;B1;結局
ever;Adverb;A1;今までに
every;det;A1;すべての
everybody;proNoun;A1;皆
everyday;Adjective;A2;毎日
everyone;proNoun;A1;全員
everything;proNoun;A1;すべて
everywhere;Adverb;A2;どこにでも
evidence;Noun;A2;証拠
evil;Adjective, Noun;B2;悪の
exact;Adjective;A2;精密
exactly;Adverb;A2;丁度
exam;Noun;A1;試験
examination;Noun;B2;検査
examine;Verb;B1;診る
example;Noun;A1;例
excellent;Adjective;A2;優れた
except;prep, conj;A2, B1;除きます
exchange;Noun Verb;B1;両替
excited;Adjective;A1;興奮
excitement;Noun;B1;興奮
exciting;Adjective;A1;エキサイティング
excuse;Noun Verb;B2;言い訳
executive;Noun Adjective;B2;エグゼクティブ
exercise;Noun Verb;A1;運動
exhibition;Noun;B1;エキシビション
exist;Verb;A2;が存在
existence;Noun;B2;存在
expand;Verb;B1;広がります
expect;Verb;A2;期待します
expectation;Noun;B2;期待
expected;Adjective;B1;予想
expedition;Noun;B1;遠征
expense;Noun;B2;費用
expensive;Adjective;A1;高価な
experience;Noun Verb;A2, B1;経験
experienced;Adjective;B1;経験豊かな
experiment;Noun Verb;A2, B1;実験
expert;Noun Adjective;A2;専門
explain;Verb;A1;説明します
explanation;Noun;A2;説明
explode;Verb;B1;爆発します
exploration;Noun;B2;探検
explore;Verb;B1;見る
explosion;Noun;B1;爆発
export;Noun Verb;B1;書き出す
expose;Verb;B2;晒します
express;Verb;A2;急行
expression;Noun;A2;表現
extend;Verb;B2;延ばします
extent;Noun;B2;エクステント
external;Adjective;B2;外部の
extra;Adjective, Noun Adverb;A1, B1;エクストラ
extraordinary;Adjective;B2;素晴らしいです
extreme;Adjective, Noun;A2, B2;極端な
extremely;Adverb;A2;極めて
eye;Noun;A1;眼
face;Noun Verb;A1, B1;面
facility;Noun;B2;施設
fact;Noun;A1;事実
factor;Noun;A2;因子
factory;Noun;A2;工場
fail;Verb;A2;不合格
failure;Noun;B2;故障
fair;Adjective;A2;公正な
fairly;Adverb;B1;かなり
faith;Noun;B2;信仰
fall;Verb Noun;A1, A2;秋
FALSE;Adjective;A1;FALSE
familiar;Adjective;B1;よく知られています
family;Noun Adjective;A1;家族
famous;Adjective;A1;名高いです
fan;Noun;A2;ファン
fancy;Verb Adjective;B1;ファンシー
fantastic;Adjective;A1;ファンタスティック
far;Adverb , Adjective;A1, B1;遥か
farm;Noun Verb;A1, A2;ファーム
farmer;Noun;A1;農家
farming;Noun;A2;耕作
fascinating;Adjective;B1;魅力的
fashion;Noun;A2;ファッション
fashionable;Adjective;B1;ファッショナブル
fast;Adjective, Adverb;A1;速いです
fasten;Verb;B1;留めます
fat;Adjective, Noun;A1, A2;太い
father;Noun;A1;お父さん
fault;Noun;B2;欠陥
favour;Noun Verb;B1, B2;好意
favourite;Adjective, Noun;A1;お気に入り
fear;Noun Verb;A2, B1;恐れ
feather;Noun;B2;フェザー
feature;Noun Verb;A2, B1;特徴
February;Noun;A1;2月
fee;Noun;B2;費用
feed;Verb Noun;A2, B2;フィード
feedback;Noun;B2;フィードバック
feel;Verb Noun;A1, B2;感じます
feeling;Noun;A1;感じ
fellow;Adjective;B2;仲間
female;Adjective, Noun;A2;女性
fence;Noun;B1;フェンス
festival;Noun;A1;祭り
few;det./Adjective, proNoun;A1;少数
fiction;Noun;A2;フィクション
field;Noun;A2;フィールド
fifteen;number;A1;15
fifth;number;A1;第五の
fifty;number;A1;五十
fight;Verb Noun;A2;戦い
fighting;Noun;B1;戦い
figure;Noun Verb;A2, B2;フィギュア
file;Noun Verb;B1, B2;ファイル
fill;Verb;A1;フィル
film;Noun Verb;A1, A2;映画
final;Adjective, Noun;A1, A2;最後の
finally;Adverb;A2;最後に
finance;Noun Verb;B2;ファイナンス
financial;Adjective;B1;金融
find;Verb;A1;見つけます
finding;Noun;B2;発見
fine;Adjective;A1;罰金
finger;Noun;A2;指
finish;Verb Noun;A1, A2;仕上がり
fire;Noun Verb;A1, B1;火
firm;Noun;B2;当社
first;det./number.AdVerb Noun;A1, A2;最初
firstly;Adverb;A2;まず、
fish;Noun Verb;A1, A2;魚
fishing;Noun;A2;釣り
fit;Verb Adjective;A2;フィット
fitness;Noun;B1;フィットネス
five;number;A1;五
fix;Verb Noun;A2, B2;修正
fixed;Adjective;B1;修繕
flag;Noun;B1;国旗
flame;Noun;B2;火炎
flash;Noun Verb;B2;閃光
flat;Noun Adjective;A1, A2;平らな
flexible;Adjective;B2;フレキシブル
flight;Noun;A1;フライト
float;Verb;B2;浮く
flood;Noun Verb;B1;洪水
floor;Noun;A1;床
flour;Noun;B1;小麦粉
flow;Verb Noun;B1;フロー
flower;Noun;A1;花
flu;Noun;A2;インフルエンザ
fly;Verb Noun;A1, A2;飛ぶ
flying;Noun Adjective;A2;飛行
focus;Verb Noun;A2;フォーカス
fold;Verb Noun;B1, B2;折ります
folding;Adjective;B2;折りたたみ
folk;Noun Adjective;B1;フォーク
follow;Verb;A1;従います
following;Adjective, Noun prep;A2, B1, B2;以下
food;Noun;A1;食物
foot;Noun;A1;足
football;Noun;A1;フットボール
for;prep.;A1;ために
force;NounVerb;B1;力
foreign;Adjective;A2;外国の
forest;Noun;A2;森林
forever;Adverb;B1;永久に
forget;Verb;A1;忘れる
forgive;Verb;B2;許します
fork;Noun;A2;フォーク
form;NounVerb;A1;形
formal;Adjective;A2;フォーマル
former;Adjective;B2;前者
fortunately;Adverb;A2;幸いにも
fortune;Noun;B2;幸運
forty;number;A1;四十
forward;AdVerb Adjective;A2, B2;前方に
found;Verb;B2;ました
four;number;A1;四
fourteen;number;A1;十四
fourth;number;A1;第4
frame;NounVerb;B1;フレーム
free;Adjective, AdVerb Verb;A1,A2,B2;自由
freedom;Noun;B2;自由
freeze;Verb;B1;氷結
frequency;Noun;B2;周波数
frequently;Adverb;B1;しばしば
fresh;Adjective;A2;新鮮な
Friday;Noun;A1;金曜日
fridge;Noun;A2;冷蔵庫
friend;Noun;A1;友人
friendly;Adjective;A1;優しいです
friendship;Noun;B1;友情
frighten;Verb;B1;怖がらせます
frightened;Adjective;B1;おびえ
frightening;Adjective;B1;怖いです
frog;Noun;A2;カエル
from;prep;A1;から
front;Noun Adjective;A1;フロント
frozen;Adjective;B1;フローズン
fruit;Noun;A1;フルーツ
fry;Verb;B1;稚魚
fuel;Noun Verb;B1, B2;燃料
full;Adjective;A1;いっぱい
fully;Adverb;B2;十分
fun;Noun Adjective;A1, A2;遊び
function;Noun Verb;B1, B2;関数
fund;Noun Verb;B2;基金
fundamental;Adjective;B2;基本的な
funding;Noun;B2;資金調達
funny;Adjective;A1;おもしろいです
fur;Noun;B1;毛皮
furniture;Noun;A2;家具
further;Adjective, Adverb;A2, B1;さらに
furthermore;Adverb;B2;更に
future;Noun Adjective;A1, A2;未来
gain;Verb Noun;B2;利得
gallery;Noun;A2;画廊
game;Noun;A1;ゲーム
gang;Noun;B2;ギャング
gap;Noun;A2;ギャップ
garage;Noun;B1;ガレージ
garden;Noun;A1;庭園
gas;Noun;A2;ガス
gate;Noun;A2;ゲート
gather;Verb;B1;ギャザー
general;Adjective;A2;一般的な
generally;Adverb;B1;概して
generate;Verb;B2;生む
generation;Noun;B1;世代
generous;Adjective;B1;寛容な
genre;Noun;B2;ジャンル
gentle;Adjective;B1;穏やか
gentleman;Noun;B1;紳士
geography;Noun;A1;地理
get;Verb;A1;取得する
ghost;Noun;B1;幽霊
giant;Adjective, Noun;B1;巨人
gift;Noun;A2;贈り物
girl;Noun;A1;女の子
girlfriend;Noun;A1;ガールフレンド
give;Verb;A1;与える
glad;Adjective;B1;嬉しいです
glass;Noun;A1;ガラス
global;Adjective;B1;グローバル
glove;Noun;B1;グローブ
go;Verb Noun;A1, B1;行きます
goal;Noun;A2;ゴール
God;Noun;A2;神
gold;Noun Adjective;A2;ゴールド
golf;Noun;A2;ゴルフ
good;Adjective, Noun;A1, A2;良い
goodbye;exclam. Noun;A1;さようなら
goods;Noun;B1;品
govern;Verb;B2;治めます
government;Noun;A2;政府
grab;Verb;B2;つかむ
grade;Noun Verb;B1, B2;グレード
gradually;Adverb;B2;徐々に
graduate;Noun Verb;B1;卒業
grain;Noun;B1;粒
grand;Adjective;B2;壮大な
grandfather;Noun;A1;祖父
grandmother;Noun;A1;祖母
grandparent;Noun;A1;祖父母
grant;Verb Noun;B2;付与
grass;Noun;A2;草
grateful;Adjective;B1;感謝します
great;Adjective;A1;すごい
green;Adjective, Noun;A1;緑
greet;Verb;A2;挨拶
grey;Adjective, Noun;A1;グレー
ground;Noun;A2;接地
group;Noun;A1;グループ
grow;Verb;A1;育ちます
growth;Noun;B1;成長
guarantee;Verb Noun;B2;保証
guard;Noun Verb;B1;ガード
guess;Verb Noun;A1;推測
guest;Noun;A2;ゲスト
guide;Noun Verb;A2;ガイド
guilty;Adjective;B1;有罪の
guitar;Noun;A1;ギター
gun;Noun;A2;銃
guy;Noun;A2;男
gym;Noun;A1;ジム
habit;Noun;A2;習慣
hair;Noun;A1;ヘア
half;Noundet.proNoun, Adverb;A1, A2;ハーフ
hall;Noun;A2;ホール
hand;Noun Verb;A1, B1;手
handle;Verb Noun;B2;扱う
hang;Verb;B1;ハング
happen;Verb;A1;起こります
happily;Adverb;A2;幸せに
happiness;Noun;B1;幸福
happy;Adjective;A1;ハッピー
hard;Adjective, Adverb;A1;ハード
hardly;Adverb;B1;漸く
harm;Noun Verb;B2;害
harmful;Adjective;B2;有害
hat;Noun;A1;帽子
hate;Verb Noun;A1, B1;嫌い
have;Verb auxiliary Verb;A1, A2;持ってる
have to modal;Verb;A1;モーダルに持っています
he;proNoun;A1;彼
head;Noun Verb;A1, B1;頭
headache;Noun;A2;頭痛
headline;Noun;B1;見出し
health;Noun;A1;健康
healthy;Adjective;A1;元気
hear;Verb;A1;聞く
hearing;Noun;B2;聴覚
heart;Noun;A2;ハート
heat;Noun Verb;A2;熱
heating;Noun;B1;暖房
heaven;Noun;B2;天国
heavily;Adverb;B1;ずっしり
heavy;Adjective;A2;ヘビー
heel;Noun;B2;ヒール
height;Noun;A2;高さ
helicopter;Noun;B1;ヘリコプター
hell;Noun;B2;地獄
hello;exclam./Noun;A1;こんにちは
help;Verb Noun;A1;助けて
helpful;Adjective;A2;有用
her;proNoundet;A1;彼女の
here;Adverb;A1;ここに
hero;Noun;A2;ヒーロー
hers;proNoun;A2;彼女の物
herself;proNoun;A2;彼女自身
hesitate;Verb;B2;ためらいます
hey;exclam;A1;ちょっと
hi;exclam;A1;こんにちは
hide;Verb;A2;隠す
high;Adjective, AdVerb Noun;A1, A2, B2;高い
highlight;Verb Noun;B1;ハイライト
highly;Adverb;B1;高度に
hill;Noun;A2;丘
him;proNoun;A1;彼を
himself;proNoun;A2;彼自身
hire;Verb Noun;B1, B2;雇う
his;det. proNoun;A1, A2;彼の
historic;Adjective;B1;歴史的
historical;Adjective;B1;歴史的
history;Noun;A1;歴史
hit;Verb Noun;A2;ヒット
hobby;Noun;A1;趣味
hockey;Noun;A2;ホッケー
hold;Verb Noun;A2, B2;ホールド
hole;Noun;A2;穴
holiday;Noun;A1;休日
hollow;Adjective;B2;空洞
holy;Adjective;B2;聖なる
home;Noun AdVerb Adjective;A1, A2;家
homework;Noun;A1;宿題
honest;Adjective;B1;正直な
honour;Noun Verb;B2;名誉
hope;Verb Noun;A1, A2;望む
horrible;Adjective;B1;恐ろしい
horror;Noun;B1;ホラー
horse;Noun;A1;うま
hospital;Noun;A1;病院
host;Noun Verb;B1, B2;ホスト
hot;Adjective;A1;ホット
hotel;Noun;A1;ホテル
hour;Noun;A1;時間
house;Noun Verb;A1, B2;家
household;Noun;B2;家庭
housing;Noun;B2;ハウジング
how;Adverb;A1;どうやって
however;Adverb;A1;しかしながら
huge;Adjective;A2;巨大
human;Adjective, Noun;A2;人間
humorous;Adjective;B2;滑稽
humour;Noun;B2;ユーモア
hundred;number;A1;百
hungry;Adjective;A1;空腹の
hunt;Verb Noun;B1, B2;ハント
hunting;Noun;B2;狩猟
hurricane;Noun;B1;ハリケーン
hurry;Noun Verb;B1;急ぎます
hurt;Verb Adjective Noun;A2, B2;傷つい
husband;Noun;A1;夫
I;proNoun;A1;私
ice;Noun;A1;氷
ice cream;Noun;A1;アイスクリーム
idea;Noun;A1;考え
ideal;Adjective , Noun;A2, B2;理想的
identify;Verb;A2;識別
identity;Noun;B1;身元
if;conj.;A1;もし
ignore;Verb;B1;無視します
ill;Adjective;A2;病気で
illegal;Adjective;B1;違法
illness;Noun;A2;病気
illustrate;Verb;B2;説明
illustration;Noun;B2;図
image;Noun;A2;画像
imaginary;Adjective;B1;虚
imagination;Noun;B2;想像力
imagine;Verb;A1;想像します
immediate;Adjective;B1;即座
immediately;Adverb;A2;直ちに
immigrant;Noun;B1;移民
impact;Noun Verb;B1;影響
impatient;Adjective;B2;せっかち
imply;Verb;B2;暗示
import;Noun Verb;B1;インポート
importance;Noun;B1;重要性
important;Adjective;A1;重要
impose;Verb;B2;課す
impossible;Adjective;A2;不可能な
impress;Verb;B2;IMPRESS
impressed;Adjective;B2;感動
impression;Noun;B1;印象
impressive;Adjective;B1;印象的
improve;Verb;A1;改善します
improvement;Noun;B1;改善
in;prep., Adverb;A1;に
inch;Noun;B2;インチ
incident;Noun;B2;インシデント
include;Verb;A1;含めます
included;Adjective;A2;付属
including;prep.;A2;含みます
income;Noun;B2;所得
increase;Verb Noun;A2;増加する
increasingly;Adverb;B2;ますます
incredible;Adjective;A2;信じられません
incredibly;Adverb;B1;信じられないほど
indeed;Adverb;B1;確かに
independent;Adjective;A2;独立の
indicate;Verb;B1;示す
indirect;Adjective;B1;間接の
individual;Noun, adj;A2;個人
indoor;Adjective;B1;屋内
indoors;Adverb;B1;屋内
industrial;Adjective;B2;インダストリアル
industry;Noun;A2;業界
infection;Noun;B2;感染
influence;NounVerb;B1;影響
inform;Verb;B2;通知します
informal;Adjective;A2;非公式
information;Noun;A1;情報
ingredient;Noun;B1;成分
initial;Adjective;B2;初期
initially;Adverb;B2;当初、
initiative;Noun;B2;主導権
injure;Verb;B1;傷行為
injured;Adjective;B1;負傷者
injury;Noun;A2;けが
inner;Adjective;B2;インナー
innocent;Adjective;B1;無実の
insect;Noun;A2;昆虫
inside;prep.Adverb Noun Adjective;A2;内部
insight;Noun;B2;洞察
insist;Verb;B2;言い張ります
inspire;Verb;B2;INSPIRE
install;Verb;B2;インストール
instance;Noun;B2;インスタンス
instead;Adverb;A2;その代わり
institute;Noun;B2;学院
institution;Noun;B2;施設
instruction;Noun;A2;命令
instructor;Noun;A2;インストラクター
instrument;Noun;A2;器械
insurance;Noun;B2;保険
intelligence;Noun;B1;インテリジェンス
intelligent;Adjective;A2;インテリジェント
intend;Verb;B1;予定の
intended;Adjective;B2;意図されました
intense;Adjective;B2;激しいです
intention;Noun;B1;意図
interest;Noun Verb;A1;関心
interested;Adjective;A1;興味がある
interesting;Adjective;A1;面白い
internal;Adjective;B2;内部
international;Adjective;A2;インターナショナル
internet;Noun;A1;インターネット
interpret;Verb;B2;解釈
interrupt;Verb;B2;割り込み
interview;Noun Verb;A1;インタビュー
into;prep.;A1;に
introduce;Verb;A1;導入する
introduction;Noun;A2;前書き
invent;Verb;A2;発明します
invention;Noun;A2;発明
invest;Verb;B1;インベスト
investigate;Verb;B1;調べます
investigation;Noun;B2;調査
investment;Noun;B2;投資
invitation;Noun;A2;招待
invite;Verb;A2;招待する
involve;Verb;A2;巻き込みます
involved;Adjective;B1;関与
iron;Noun Verb;B1;鉄
island;Noun;A1;島
issue;Noun, Verb;B1, B2;問題
IT;Noun;B1;それ
it;proNoun;A1;それ
item;Noun;A2;項目
its;det.;A1;それの
itself;proNoun;A2;自体
jacket;Noun;A1;ジャケット
jam;Noun;A2;混雑する
January;Noun;A1;1月
jazz;Noun;A2;ジャズ
jeans;Noun;A1;ジーンズ
jewellery;Noun;A2;ジュエリー
job;Noun;A1;ジョブ
join;Verb;A1;加わります
joke;Noun Verb;A2;冗談で
journal;Noun;B1;ジャーナル
journalist;Noun;A2;ジャーナリスト
journey;Noun;A1;旅
joy;Noun;B2;喜び
judge;Noun Verb;B1;裁判官
judgement;Noun;B2;判定
juice;Noun;A1;ジュース
July;Noun;A1;七月
jump;Verb Noun;A2;ジャンプ
June;Noun;A1;六月
junior;Adjective;B2;ジュニア
just;Adverb;A1;ただ
justice;Noun;B2;正義
justify;Verb;B2;正当化
keen;Adjective;B1;熱心
keep;Verb;A1;保つ
key;Noun, Adjective Verb;A1, B1;キー
keyboard;Noun;B1;キーボード
kick;Verb Noun;B1;キック
kid;Noun;A2;キッド
kill;Verb;A2;殺します
killing;Noun;B1;殺害
kilometre;Noun;A1;キロメートル
kind(type);Noun;A1;種類（タイプ）
kind(caring);Adjective;B1;種類（思いやり）
king;Noun;A2;キング
kiss;Verb Noun;B1;接吻
kitchen;Noun;A1;キッチン
knee;Noun;A2;膝
knife;Noun;A2;ナイフ
knock;Verb , Noun;A2, B1;ノック
know;Verb;A1;知っています
knowledge;Noun;A2;知識
lab;Noun;A2;ラボ
label;Noun Verb;B1;ラベル
laboratory;Noun;B1;研究室
labour;Noun;B2;労働
lack;Noun Verb;B1;欠如
lady;Noun;A2;レディ
lake;Noun;A2;湖
lamp;Noun;A2;ランプ
land;Noun, Verb;A1, A2;土地
landscape;Noun;B2;ランドスケープ
language;Noun;A1;言語
laptop;Noun;A2;ノートパソコン
large;Adjective;A1;大
largely;Adverb;B2;大部分
last1 (final);det., Adverb n;A1, A2;last1（最終）
last1 (taking time);Verb;A2;last1（時間を割い）
late;Adjective Adverb;A1;遅く
later;Adverb , Adjective;A1, A2;後
latest;Adjective , Noun;B1, B2;最新
laugh;Verb Noun;A1;笑い
laughter;Noun;A2;笑い
launch;Verb Noun;B2;打ち上げ
law;Noun;A2;法律
lawyer;Noun;A2;弁護士
lay;Verb;B1;素人
layer;Noun;B1;層
lazy;Adjective;A2;怠惰な
lead;Verb , Noun;A2, B1;鉛
leader;Noun;A2;盟主
leadership;Noun;B2;リーダーシップ
leading;Adjective;B1;リーディング
leaf;Noun;B1;葉
league;Noun;B2;同盟
lean;Verb;B2;リーン
learn;Verb;A1;学びます
learning;Noun;A2;ラーニング
least;det./proNoun Adverb;A2;最低
leather;Noun;B1;レザー
leave;Verb , Noun;A1, B2;休暇
lecture;Noun Verb;A2;講義
left;Adjective Adverb Verb;A1;左
leg;Noun;A1;脚
legal;Adjective;B1;法的
leisure;Noun;B1;余暇
lemon;Noun;A2;レモン
lend;Verb;A2;貸します
length;Noun;B1;長さ
less;det./pro Noun Adverb;A2;もっと少なく
lesson;Noun;A1;レッスン
let;Verb;A1;てみましょう
letter;Noun;A1;文字
level;Noun, Adjective , Verb;A2, B1, B2;レベル
library;Noun;A1;図書館
licence;Noun;B2;ライセンス
lie;Verb;A1;横たわる
lie;Verb Noun;B2;横たわる
life;Noun;A1;生活
lifestyle;Noun;A2;ライフスタイル
lift;Verb;Noun;リフト
light (from the sun/a lamp);Noun Adverb , Verb;A1, A2;（太陽/ランプからの光）
light (not heavy);Adjective;A2;光（重いません）
like (similar);prep.;A1;（似ている）のような
like (find sb/sth pleasant);Verb , n;A1, B1;以下のような（SB / STH楽しい見つけます。）
Noun;B1; ;名詞
likely;Adjective;A2;恐らく
limit;Noun Verb;B1;リミット
limited;Adjective;B2;限られました
line;Noun, Verb;A1, B2;ライン
link;Noun Verb;A2;リンク
lion;Noun;A1;ライオン
lip;Noun;B1;リップ
liquid;Noun Adjective;B1;液体
list;Noun Verb;A1;リスト
listen;Verb;A1;聴く
listener;Noun;A2;リスナー
literature;Noun;B1;文献
little;Adjective det./proNoun, Adverb;A1, A2;少し
live1;Verb;A1;live1
live2;Adjective Adverb;B1;live2に格納
lively;Adjective;B2;にぎやか
living;Adjective Noun;B1;生活
load;Noun Verb;B2;負荷
loan;Noun;B2;ローン
local;Adjective , Noun;A1, B1;地元
locate;Verb;B1;見つけます
located;Adjective;B1;位置
location;Noun;B1;ロケーション
lock;Verb Noun;A2;ロック
logical;Adjective;B2;論理的
lonely;Adjective;B1;寂しい
long;Adjective Adverb;A1;長いです
long-term;Adjective Adverb;B2;長期
look;Verb , Noun;A1, A2;外観
loose;Adjective;B2;緩いです
lord;Noun;B2;主
lorry;Noun;A2;貨物自動車
lose;Verb;A1;失う
loss;Noun;B1;損失
lost;Adjective;A2;失われました
lot;proNoun det. Adverb;A1;たくさん
loud;Adjective Adverb;A2;うるさいです
loudly;Adverb;A2;大声で
love;Noun Verb;A1;愛
lovely;Adjective;A2;美しい
low;Adjective Adverb , n;A2, B2;低いです
lower;Verb;B2;下
luck;Noun;A2;幸運
lucky;Adjective;A2;幸運な
lunch;Noun;A1;ランチ
lung;Noun;B2;肺
luxury;Noun;B1;贅沢
machine;Noun;A1;機械
mad;Adjective;B1;怒っ
magazine;Noun;A1;マガジン
magic;Noun Adjective;B1;マジック
mail;Noun Verb;A2;郵便物
main;Adjective;A1;メイン
mainly;Adverb;B1;主に
maintain;Verb;B2;維持します
major;Adjective;A2;主要な
majority;Noun;B2;大多数
make;Verb , Noun;A1, B2;メイク
male;Adjective Noun;A2;男性
mall;Noun;B1;モール
man;Noun;A1;おとこ
manage;Verb;A2;管理します
management;Noun;B1;管理
manager;Noun;A2;マネージャー
manner;Noun;A2;やり方
many;det./proNoun;A1;たくさんの
map;Noun, Verb;A1, B2;地図
March;Noun;A1;行進
mark;Verb Noun;A2;マーク
market;Noun, Verb;A1, B1;市場
marketing;Noun;B1;マーケティング
marriage;Noun;B1;結婚
married;Adjective;A1;既婚
marry;Verb;A2;結婚します
mass;Noun Adjective;B2;質量
massive;Adjective;B2;大規模な
master;Noun Verb;B2;主人
match (contest/correspond);Noun Verb;A1;マッチ（コンテスト/相当）
matching;Adjective;B2;マッチング
material;Noun, Adjective;A2, B2;素材
mathematics;Noun;A2;数学
maths;Noun;A2;数学
matter;Noun Verb;A2;案件
maximum;Adjective Noun;B2;最大
May;Noun;A1;五月
may modal;Verb;A2;モーダルあり
maybe;Adverb;A1;多分
me;proNoun;A1;私に
meal;Noun;A1;食事
mean;Verb;A1;平均
meaning;Noun;A1;意味
means;Noun;B2;手段
meanwhile;Adverb;B1;その間に
measure;Verb Noun;B1;対策
measurement;Noun;B2;測定
meat;Noun;A1;肉
media;Noun;A2;メディア
medical;Adjective;A2;医療の
medicine;Noun;A2;薬
medium;Adjective , Noun;B1, B2;中
meet;Verb;A1;会います
meeting;Noun;A1;会議
melt;Verb;B2;メルト
member;Noun;A1;メンバー
memory;Noun;A2;メモリ
mental;Adjective;B1;メンタル
mention;Verb , Noun;A2, B1;言及
menu;Noun;A1;メニュー
mess;Noun Verb;B1;乱雑
message;Noun;A1;メッセージ
metal;Noun;A2;金属
method;Noun;A2;方法
metre;Noun;A1;メートル
middle;Noun Adjective;A2;中間
midnight;Noun;A1;真夜中
might modal;Verb;A2;モーダルかもしれません
mild;Adjective;B1;軽度
mile;Noun;A1;マイル
military;Adjective Noun;B2;軍事的
milk;Noun;A1;牛乳
million number; ;A1;百万数
mind;Noun Verb;A2;マインド
mine (belongs to me);proNoun;A2;鉱山（私のもの）
mine (hole in the ground);Noun;B1;鉱山（地面の穴）
mineral;Noun;B2;ミネラル
minimum;Adjective Noun;B2;最小
minister;Noun;B2;牧師
minor;Adjective;B2;マイナー
minority;Noun;B2;少数
minute;Noun;A1;分
mirror;Noun;A2;鏡
miss;Verb;A1;お嬢
missing;Adjective;A2;行方不明
mission;Noun;B2;ミッション
mistake;Noun, Verb;A1, B2;間違い
mix;Verb Noun;B1;ミックス
mixed;Adjective;B2;ミックス
mixture;Noun;B1;混合
mobile;Adjective Noun;A2;モバイル
model;Noun, Verb;A1, B2;モデル
modern;Adjective;A1;近代的
modify;Verb;B2;変更
moment;Noun;A1;瞬間
Monday;Noun;A1;月曜
money;Noun;A1;お金
monitor;Noun Verb;B2;モニター
monkey;Noun;A2;モンキー
month;Noun;A1;月
mood;Noun;B1;気分
moon;Noun;A2;月
moral;Adjective Noun;B2;道徳の
more;det./proNoun Adverb;A1;もっと
morning;Noun;A1;朝
most;det./proNoun Adverb;A1;最も
mostly;Adverb;A2;大半
mother;Noun;A1;母
motor;Noun Adjective;B2;モーター
motorcycle;Noun;A2;オートバイ
mount;Verb;B2;マウント
mountain;Noun;A1;山
mouse;Noun;A1;マウス
mouth;Noun;A1;口
move;Verb , Noun;A1, B1;動き
movement;Noun;A2;移動
movie;Noun;A1;映画
much;det./proNoun Adverb;A1;はるかに
mud;Noun;B1;泥
multiple;Adjective;B2;複数
multiply;Verb;B2;かける
mum;Noun;A1;お母さん
murder;NounVerb;B1;殺人
muscle;Noun;B1;筋
museum;Noun;A1;博物館
music;Noun;A1;音楽
musical;Adjective , Noun;A2, B1;ミュージカル
musician;Noun;A2;音楽家
must modal;Verb;A1;モーダルなければなりません
my;det.;A1;ぼくの
myself;proNoun;A2;私自身
mysterious;Adjective;B2;神秘的
mystery;Noun;B1;神秘
nail;Noun;B1;爪
name;Noun Verb;A1;名前
narrative;Noun Adjective;B1;説話
narrow;Adjective , Verb;A2, B2;狭い
nation;Noun;B1;国家
national;Adjective , Noun;A2, B2;国民
native;Adjective Noun;B1;ネイティブ
natural;Adjective;A1;ナチュラル
naturally;Adverb;B1;当然
nature;Noun;A2;自然
near;prep. Adjective Adverb;A1;近く
nearly;Adverb;A2;ほとんど
neat;Adjective;B2;すっきり
necessarily;Adverb;B1;必ずしも
necessary;Adjective;A2;必要
neck;Noun;A2;首
need;Verb , Noun, modal Verb;A1, A2, B1;必要
needle;Noun;B1;針
negative;Adjective , Noun;A1, B2;負
neighbour;Noun;A1;隣人
neighbourhood;Noun;B1;ご近所
neither;det./proNoun, Adverb;A2, B1;どちらもありません
nerve;Noun;B2;神経
nervous;Adjective;A2;ナーバス
net;Noun;B1;ネット
network;Noun;A2;通信網
never;Adverb;A1;決して
nevertheless;Adverb;B2;それにもかかわらず
new;Adjective;A1;新着
news;Noun;A1;ニュース
newspaper;Noun;A1;新聞
next;Adjective Adverb , Noun;A1, B1;次
next to;prep.;A1;の隣に
nice;Adjective;A1;すてきな
night;Noun;A1;夜
nightmare;Noun;B2;悪夢
nine;number;A1;九つ
nineteen;number;A1;十九
ninety;number;A1;90
no;exclam. det.;A1;番号
no one;proNoun;A1;誰も
nobody;proNoun;A1;だれも
noise;Noun;A2;ノイズ
noisy;Adjective;A2;騒々しい
none;pro Noun;A2;なし
nor;conj./Adverb;B1;も
normal;Adjective , Noun;A2, B1;正常
normally;Adverb;A2;通常は
north;Noun Adjective Adverb;A1;北
northern;Adjective;B1;北方
nose;Noun;A1;鼻
not;Adverb;A1;ではありません
note;Noun Verb;A1, B1;注意
nothing;proNoun;A1;何も
notice;Verb Noun;A2;通知
notion;Noun;B2;概念
novel;Noun;A2;小説
November;Noun;A1;十一月
now;Adverb , conj.;A1, B1;今
nowhere;Adverb;A2;どこにも
nuclear;Adjective;B1;核の
number;Noun, Verb;A1, A2;数
numerous;Adjective;B2;数々
nurse;Noun;A1;ナース
nut;Noun;A2;ナット
obey;Verb;B2;従う
object;Noun Verb;A1, B2;オブジェクト
objective;Noun Adjective;B2;目的
obligation;Noun;B2;義務
observation;Noun;B2;観察
observe;Verb;B2;観察する
obtain;Verb;B2;入手します
obvious;Adjective;B1;明らか
obviously;Adverb;B1;明らかに
occasion;Noun;B1;時
occasionally;Adverb;B2;時には
occur;Verb;B1;発生する
ocean;Noun;A2;海洋
o’clock;Adverb;A1;時
October;Noun;A1;10月
odd;Adjective;B1;奇妙な
of;prep.;A1;の
off;Adverb prep.;A1;オフ
offence;Noun;B2;犯罪
offend;Verb;B2;怒らせます
offensive;Adjective;B2;攻撃
offer;Verb Noun;A2;提供
office;Noun;A1;オフィス
officer;Noun;A2;役員
official;Adjective , Noun;B1, B2;公式
often;Adverb;A1;しばしば
oh;exclam.;A1;ああ
oil;Noun;A2;油
OK;exclam. Adjective /Adverb;A1;OK
old;Adjective;A1;古い
old-fashioned;Adjective;B1;古風な
on;prep. Adverb;A1;オン
once;Adverb , conj.;A1, B1;一度
one;number-det. proNoun;A1;1
onion;Noun;A1;玉ねぎ
online;Adjective Adverb;A1;オンライン
only;Adjective Adverb;A1;のみ
onto;prep.;A2;へ
open;Adjective Verb;A1;開いた
opening;Noun;B2;オープニング
operate;Verb;B2;操作します
operation;Noun;B1;操作
opinion;Noun;A1;意見
opponent;Noun;B2;相手
opportunity;Noun;A2;機会
oppose;Verb;B2;反対します
opposed;Adjective;B2;反対
opposite;Adjective Adverb prep. Noun;A1;逆の
opposition;Noun;B2;反対
option;Noun;A2;オプション
or;conj.;A1;若しくは
orange;Noun Adjective;A1;オレンジ
order;Noun Verb;A1;注文
ordinary;Adjective;A2;一般
organ;Noun;B2;器官
organization;Noun;A2;組織
organize;Verb;A2;整理
organized;Adjective;B1;組織された
organizer;Noun;B1;主催者
origin;Noun;B2;原点
original;Adjective , Noun;A2, B1;元の
originally;Adverb;B1;元々
other;Adjective /proNoun;A1;他の
otherwise;Adverb;B2;さもないと
ought;modal Verb;B1;べき
our;det.;A1;私達の
ours;proNoun;B1;私たちのもの
ourselves;proNoun;A2;自分自身
out;Adverb /prep.;A1;でる
outcome;Noun;B2;結果
outdoor;Adjective;B1;アウトドア
outdoors;Adverb;B1;屋外
outer;Adjective;B2;アウター
outline;Noun Verb;B2;概要
outside;Adverb , prep. nouNoun Adjective;A1, A2;外側
oven;Noun;A2;オーブン
over;prep. Adverb;A1;オーバー
overall;Adjective Adverb;B2;全体
owe;Verb;B2;負います
own;Adjective /proNoun, Verb;A1, A2;自分の
owner;Noun;A2;オーナー
pace;Noun, Verb;B2;ペース
pack;Verb , Noun;A2, B1;パック
package;Noun, Verb;B1, B2;パッケージ
page;Noun;A1;ページ
pain;Noun;A2;痛み
painful;Adjective;B1;痛いです
paint;Verb Noun;A1;ペイント
painter;Noun;A2;画家
painting;Noun;A1;ペインティング
pair;Noun;A1;ペア
palace;Noun;A2;宮殿
pale;Adjective;B1;淡いです
pan;Noun;B1;パン
panel;Noun;B2;パネル
pants;Noun;A2;パンツ
paper;Noun;A1;論文
paragraph;Noun;A1;段落
parent;Noun;A1;親
park;Noun Verb;A1;パーク
parking;Noun;A2;パーキング
parliament;Noun;B2;議会
part;Noun;A1;部
participant;Noun;B2;参加者
participate;Verb;B1;参加します
particular;Adjective;A2;特定の
particularly;Adverb;B1;特に
partly;Adverb;B2;一部に
partner;Noun;A1;相棒
party;Noun;A1;パーティー
pass;Verb , Noun;A2, B1;パス
passage;Noun;B2;通路
passenger;Noun;A2;旅客
passion;Noun;B1;情熱
passport;Noun;A1;パスポート
past;Adjective Noun prep., Adverb;A1, A2;過去
path;Noun;B1;道
patient;Noun, Adjective;A2, B2;患者
pattern;Noun;A2;パターン
pay;Verb , Noun;A1, A2;支払う
payment;Noun;B1;支払い
peace;Noun;A2;平和
peaceful;Adjective;B1;平穏
pen;Noun;A1;ペン
pencil;Noun;A1;鉛筆
penny;Noun;A2;ペニー
pension;Noun;B2;年金
people;Noun;A1;人
pepper;Noun;A1;コショウ
per;prep.;A2;あたり
per cent;Noun Adjective /Adverb;A2;パーセント
percentage;Noun;B1;パーセンテージ
perfect;Adjective;A1;パーフェクト
perfectly;Adverb;B1;完全に
perform;Verb;A2;行います
performance;Noun;B1;演奏
perhaps;Adverb;A2;多分
period;Noun;A1;限目
permanent;Adjective;B2;恒久
permission;Noun;A2;許可
permit;Verb Noun;B2;許可
person;Noun;A1;人
personal;Adjective;A1;個人的な
personality;Noun;A2;人
personally;Adverb;B1;自ら
perspective;Noun;B2;展望
persuade;Verb;B1;言い聞かせる
pet;Noun;A2;ペット
petrol;Noun;A2;ガソリン
phase;Noun;B2;段階
phenomenon;Noun;B2;現象
philosophy;Noun;B2;哲学
phone;Noun Verb;A1;電話
photo;Noun;A1;写真
photograph;Noun, Verb;A1, A2;写真
photographer;Noun;B1;写真家
photography;Noun;B1;写真術
phrase;Noun;A1;句
physical;Adjective;A2;物理的
physics;Noun;A2;物理
piano;Noun;A1;ピアノ
pick;Verb , Noun;A2, B2;ピック
picture;Noun, Verb;A1, B2;画像
piece;Noun;A1;ピース
pig;Noun;A1;豚
pile;Noun Verb;B2;パイル
pilot;Noun;A2;パイロット
pin;Noun Verb;B1;ピン
pink;Adjective Noun;A1;ピンク
pipe;Noun;B1;パイプ
pitch;Noun;B2;ピッチ
place;Noun Verb;A1, B1;場所
plain;Adjective;B2;平野
plan;Noun Verb;A1;予定
plane;Noun;A1;飛行機
planet;Noun;A2;惑星
planning;Noun;B1;プランニング
plant;Noun Verb;A1, A2;工場
plastic;Noun Adjective;A2;プラスチック
plate;Noun;A2;プレート
platform;Noun;A2;プラットホーム
play;Verb Noun;A1;演奏する
player;Noun;A1;プレーヤー
pleasant;Adjective;B1;楽しいです
please;exclam., Verb;A1, A2;お願いします
pleased;Adjective;A2;喜んで
pleasure;Noun;B1;喜び
plenty;proNoun;B1;豊富
plot;Noun, Verb;B1, B2;プロット
plus;prep., Adjective conj., Noun;B1, B2;プラス
pocket;Noun;A2;ポケット
poem;Noun;B1;詩
poet;Noun;B1;詩人
poetry;Noun;B1;詩
point;Noun, Verb;A1, B1;ポイント
pointed;Adjective;B2;尖った
poison;Noun Verb;B1;毒
poisonous;Adjective;B1;有毒
police;Noun;A1;警察
policeman;Noun;A1;警官
policy;Noun;B1;ポリシー
polite;Adjective;A2;丁寧
political;Adjective;B1;政治的
politician;Noun;B1;政治家
politics;Noun;B1;政治
pollution;Noun;A2;汚染
pool;Noun;A1;プール
poor;Adjective;A1;貧しいです
pop;Noun Adjective;A2;ポップ
popular;Adjective;A1;人気のあります
popularity;Noun;B2;人気
population;Noun;A2;人口
port;Noun;B1;港
portrait;Noun;B1;肖像画
pose;Verb;B2;ポーズ
position;Noun, Verb;A2, B2;ポジション
positive;Adjective , Noun;A1, B2;ポジティブ
possess;Verb;B2;所有します
possession;Noun;A2;所持
possibility;Noun;A2;可能性
possible;Adjective;A1;可能
possibly;Adverb;B1;おそらく
post;Noun Verb;A1;役職
poster;Noun;A2;ポスター
pot;Noun;B1;ポット
potato;Noun;A1;じゃがいも
potential;Adjective Noun;B2;潜在的な
pound;Noun;A1;ポンド
pour;Verb;B1;注ぐ
poverty;Noun;B1;貧困
powder;Noun;B1;パウダー
power;Noun, Verb;A2, B2;パワー
powerful;Adjective;B1;強いです
practical;Adjective;B1;実用的
practice;Noun;A1;練習
practise;Verb;A1;練習
praise;Noun Verb;B2;賞賛
pray;Verb;B1;祈る
prayer;Noun;B1;祈り
predict;Verb;A2;予測します
prediction;Noun;B1;予測
prefer;Verb;A1;好む
pregnant;Adjective;B2;妊娠しています
preparation;Noun;B2;準備
prepare;Verb;A1;作ります
prepared;Adjective;B1;準備
presence;Noun;B2;プレゼンス
present;Adjective Noun, Verb;A1, A2;現在
presentation;Noun;B1;プレゼンテーション
preserve;Verb;B2;保存します
president;Noun;A2;大統領
press;Verb Noun;B1;押す
pressure;Noun;B1;圧力
pretend;Verb;B1;偽ります
pretty;Adjective Adverb;A1;可愛い
prevent;Verb;A2;防ぐ
previous;Adjective;B1;前
previously;Adverb;B1;以前に
price;Noun, Verb;A1, B2;価格
priest;Noun;B1;祭司
primary;Adjective;B1;主要
prime;Adjective;B2;プライム
prince;Noun;B1;王子
princess;Noun;B1;王女
principle;Noun;B2;原理
print;Verb , Noun;A2, B2;プリント
printer;Noun;A2;プリンタ
printing;Noun;B1;印刷
priority;Noun;B2;優先
prison;Noun;A2;刑務所
prisoner;Noun;B1;囚人
privacy;Noun;B2;プライバシー
private;Adjective;B1;民間
prize;Noun;A2;賞
probably;Adverb;A1;恐らく
problem;Noun;A1;問題
procedure;Noun;B2;手順
process;Noun, Verb;A2, B2;処理する
produce;Verb , Verb;A2, B2;作物
producer;Noun;B1;プロデューサー
product;Noun;A1;製品
production;Noun;B1;製造
profession;Noun;B1;職業
professional;Adjective , Noun;A2, B2;プロフェッショナル
professor;Noun;A2;教授
profile;Noun;A2;プロフィール
profit;Noun;B1;利益
program;Noun, Verb;A2, B1;プログラム
programme;Noun;A1;プログラム
progress;Noun, Verb;A2, B2;進捗
project;Noun, Verb;A1, B2;事業
promise;Verb Noun;A2;約束する
promote;Verb;B1;プロモート
pronounce;Verb;A2;発音する
proof;Noun;B2;証明
proper;Adjective;B1;適切な
properly;Adverb;B1;正しく
property;Noun;B1;プロパティ
proposal;Noun;B2;提案
propose;Verb;B2;提案します
prospect;Noun;B2;見込み
protect;Verb;A2;守ります
protection;Noun;B2;保護
protest;Noun Verb;B1;抗議
proud;Adjective;B1;誇りに思う
prove;Verb;B1;証明します
provide;Verb;A2;供給する
psychologist;Noun;B2;心理学者
psychology;Noun;B2;心理学
pub;Noun;A2;パブ
public;Adjective Noun;A2;公衆
publication;Noun;B2;出版
publish;Verb;A2;出版します
pull;Verb , Noun;A2, B1;引く
punish;Verb;B1;罰します
punishment;Noun;B1;罰
pupil;Noun;B2;瞳
purchase;Noun Verb;B2;購入
pure;Adjective;B2;ピュア
purple;Adjective Noun;A1;紫の
purpose;Noun;A2;目的
pursue;Verb;B2;求めます
push;Verb , Noun;A2, B1;押す
put;Verb;A1;置きます
qualification;Noun;B1;資格
qualified;Adjective;B1;資格のあります
qualify;Verb;B1;資格
quality;Noun;A2;品質
quantity;Noun;A2;量
quarter;Noun;A1;四半期
queen;Noun;A2;女王
question;Noun, Verb;A1, A2;質問
queue;Noun Verb;B1;キュー
quick;Adjective;A1;速いです
quickly;Adverb;A1;早く
quiet;Adjective;A1;静か
quietly;Adverb;A2;静かに
quit;Verb;B1;終了する
quite;Adverb;A1;かなり
quotation;Noun;B1;引用
quote;Verb Noun;B1;見積もり
race (competition);NounVerb;A2;レース（競争）
race (people);Noun;B1;レース（人）
racing;Noun;B1;レーシング
radio;Noun;A1;無線
railway;Noun;A2;鉄道
rain;Noun Verb;A1;雨
raise;Verb;A2;レイズ
range;Noun, Verb;B1, B2;範囲
rank;Noun Verb;B2;順位
rapid;Adjective;B2;急速
rapidly;Adverb;B2;すばやく
rare;Adjective;B1;レア
rarely;Adverb;B1;めったにありません
rate;Noun, Verb;A2, B2;割合
rather;Adverb;A2;かなり
raw;Adjective;B2;生
reach;Verb , Noun;A2, B2;リーチ
react;Verb;A2;反応します
reaction;Noun;B1;反応
read;Verb;A1;読んだ
reader;Noun;A1;読者
reading;Noun;A1;読書
ready;Adjective;A1;準備ができて
real;Adjective;A1;リアル
realistic;Adjective;B2;現実的
reality;Noun;B1;現実
realize;Verb;A2;気付く
really;Adverb;A1;本当に
reason;Noun;A1;理由
reasonable;Adjective;B2;合理的
recall;Verb;B2;想起
receipt;Noun;B1;領収書
receive;Verb;A2;受け取ります
recent;Adjective;A2;最近
recently;Adverb;A2;最近
reception;Noun;A2;受信
recipe;Noun;A2;レシピ
recognize;Verb;A2;認めます
recommend;Verb;A2;推薦します
recommendation;Noun;B1;勧告
record;Noun Verb;A2;記録
recording;Noun;A2;録音
recover;Verb;B2;回復します
recycle;Verb;A2;リサイクル
red;Adjective Noun;A1;赤
reduce;Verb;A2;減らします
reduction;Noun;B2;削減
refer;Verb;A2;参照します
reference;Noun;B1;参照
reflect;Verb;B1;反射する
refuse;Verb;A2;ごみ
regard;Verb Noun;B2;について
region;Noun;A2;領域
regional;Adjective;B2;地域の
register;Verb Noun;B2;登録
regret;Verb Noun;B2;後悔
regular;Adjective;A2;定期的な
regularly;Adverb;B1;定期的に
regulation;Noun;B2;規制
reject;Verb;B1;拒絶します
relate;Verb;B1;関連
related;Adjective;B1;関連
relation;Noun;B1;関係
relationship;Noun;A2;関係
relative;Adjective Noun;B1;相対的
relatively;Adverb;B2;比較的に
relax;Verb;A1;リラックス
relaxed;Adjective;B1;リラックス
relaxing;Adjective;B1;リラックス
release;Verb Noun;B1;解除
relevant;Adjective;B2;関連しました
reliable;Adjective;B1;信頼性のある
relief;Noun;B2;救済
religion;Noun;B1;宗教
religious;Adjective;B1;宗教的な
rely;Verb;B2;頼ります
remain;Verb;B1;残ります
remark;Noun Verb;B2;リマーク
remember;Verb;A1;思い出します
remind;Verb;B1;思い出させます
remote;Adjective;B1;遠隔
remove;Verb;A2;削除する
rent;Noun Verb;B1;家賃
repair;Verb , Noun;A2, B1;修復
repeat;Verb , Noun;A1, B1;繰り返す
repeated;Adjective;B1;繰り返し
replace;Verb;A2;置き換えます
reply;Verb Noun;A2;応答
report;Noun, Verb;A1, A2;報告する
reporter;Noun;A2;レポーター
represent;Verb;B1;代表します
representative;Noun Adjective;B2;代表
reputation;Noun;B2;評判
request;Noun, Verb;A2, B1;リクエスト
require;Verb;B1;必要とする
requirement;Noun;B2;要件
rescue;Verb Noun;B2;救援
research;Noun Verb;A2;研究
researcher;Noun;A2;研究者
reservation;Noun;B1;予約
reserve;Noun Verb;B2;予備
resident;NounAdjective;B2;居住者
resist;Verb;B2;抵抗します
resolve;Verb;B2;決意
resort;Noun;B2;リゾート
resource;Noun;B1;資源
respect;Noun Verb;B1;尊敬
respond;Verb;A2;応答
response;Noun;A2;応答
responsibility;Noun;B1;責任
responsible;Adjective;B1;責任者
rest (remaining part);Noun;A2;残り（残りの部分）
rest (sleep/relax);Noun Verb;A2;残り（スリープ/リラックス）
restaurant;Noun;A1;飲食店
result;Noun, Verb;A1, B1;結果
retain;Verb;B2;保ちます
retire;Verb;B1;引退します
retired;Adjective;B1;引退しました
return;Verb Noun;A1;リターン
reveal;Verb;B2;明らかにする
review;Noun Verb;A2;レビュー
revise;Verb;B1;改訂します
revolution;Noun;B2;革命
reward;Noun Verb;B2;褒賞
rhythm;Noun;B2;リズム
rice;Noun;A1;ご飯
rich;Adjective;A1;リッチ
rid;Verb;B2;取り除きます
ride;Verb , Noun;A1, A2;ライド
right;Adjective Adverb Noun;A1;正しい
ring;Noun;A2;リング
ring;Verb , Noun;A2, B1;リング
rise;Verb , Noun;A2, B1;上がり
risk;Noun Verb;B1;危険
river;Noun;A1;川
road;Noun;A1;道路
robot;Noun;B1;ロボット
rock (stone);Noun;A2;岩石）
rock (music);Noun;A2;ロックミュージック）
role;Noun;A2;役割
roll;Verb Noun;B1;ロール
romantic;Adjective;B1;ロマンチック
roof;Noun;A2;ルーフ
room;Noun;A1;ルーム
root;Noun;B2;ルート
rope;Noun;B1;ロープ
rough;Adjective;B1;粗い
round;Adjective Adverb prep., Noun;A2, B2;円形
route;Noun;A2;ルート
routine;Noun, Adjective;A1, B2;ルーチン
row;Noun;B1;行
royal;Adjective;B1;王立
rub;Verb;B2;こする
rubber;Noun Adjective;B2;ゴム
rubbish;Noun;A2;ゴミ
rude;Adjective;A2;無礼
rugby;Noun;B1;ラグビー
rule;Noun, Verb;A1, B1;ルール
run;Verb , Noun;A1, A2;ラン
runner;Noun;A2;ランナー
running;Noun;A2;ランニング
rural;Adjective;B2;農村
rush;Verb Noun;B2;ラッシュ
sad;Adjective;A1;悲しい
sadly;Adverb;A2;悲しげに
safe;Adjective;A2;安全
safety;Noun;B1;安全性
sail;Verb , Noun;A2, B1;帆
sailing;Noun;A2;帆走
sailor;Noun;B1;船乗り
salad;Noun;A1;サラダ
salary;Noun;A2;給料
sale;Noun;A2;セール
salt;Noun;A1;塩
same;Adjective proNoun Adverb;A1;同じ
sample;Noun, Verb;B1, B2;サンプル
sand;Noun;B1;砂
sandwich;Noun;A1;サンドイッチ
satellite;Noun;B2;衛星
satisfied;Adjective;B2;満足
satisfy;Verb;B2;満足させる
Saturday;Noun;A1;土曜日
sauce;Noun;A2;ソース
save;Verb;A2;保存する
saving;Noun;B2;節約
say;Verb;A1;いう
scale;Noun;B2;規模
scan;Verb;B1;スキャン
scared;Adjective;A2;おびえました
scary;Adjective;A2;怖いです
scene;Noun;A2;シーン
schedule;Noun, Verb;A2, B2;スケジュール
scheme;Noun;B2;スキーム
school;Noun;A1;学校
science;Noun;A1;理科
scientific;Adjective;B1;科学的
scientist;Noun;A1;科学者
score;Verb Noun;A2;スコア
scream;Verb Noun;B2;悲鳴
screen;NounVerb;A2, B2;画面
script;Noun;B1;脚本
sculpture;Noun;B1;彫刻
sea;Noun;A1;海
search;Noun Verb;A2;探す
season;Noun;A2;シーズン
seat;Noun Verb;A2, B2;シート
second1 (next after the first);et./ number, Adverb;A1, A2;second1（最初の後の次）
second1 (unit of time);Noun;A1;second1（時間単位）
secondary;Adjective;B1;二次
secondly;Adverb;A2;第二に
secret;Adjective, Noun;A2;秘密の
secretary;Noun;A2;秘書
section;Noun;A1;セクション
sector;Noun;B2;セクタ
secure;Verb Adjective;B2;確保します
security;Noun;B1;セキュリティ
see;Verb;A1;見る
seed;Noun;B1;シード
seek;Verb;B2;求める
seem;Verb;A2;思われる
select;Verb;B2;選択する
selection;Noun;B2;選択
self;Noun;B2;自己
sell;Verb;A1;売る
send;Verb;A1;送信
senior;Adjective;B2;上級
sense;Noun Verb;A2, B2;感覚
sensible;Adjective;B1;賢明
sensitive;Adjective;B2;敏感
sentence;Noun Verb;A1, B2;文
separate;Adjective, Verb;A2, B1;分ける
September;Noun;A1;九月
sequence;Noun;B2;シーケンス
series;Noun;A2;シリーズ
serious;Adjective;A2;深刻
seriously;Adverb;B1;ひどく
servant;Noun;B1;サーバント
serve;Verb;A2;サーブ
service;Noun;A2;サービス
session;Noun;B2;セッション
set (put);Verb;B1;セット（PUT）
set (group);Noun;B1;セット（グループ）
setting;Noun;B1;セッティング
settle;Verb;B2;解決する
seven;number;A1;セブン
seventeen;number;A1;17
seventy;number;A1;70
several;det./proNoun;A2;いくつかの
severe;Adjective;B2;重度
sex;Noun;B1;性別
sexual;Adjective;B1;性的
shade;Noun;B2;シェード
shadow;Noun;B2;影
shake;Verb Noun;A2, B1;シェイク
shall;modal Verb;A2;条
shallow;Adjective;B2;浅い
shame;Noun;B2;恥
shape;Noun Verb;A2, B2;形状
share;Verb Noun;A1, B1;共有
sharp;Adjective;B1;シャープ
she;proNoun;A1;彼女
sheep;Noun;A1;羊
sheet;Noun;A2;シート
shelf;Noun;B1;棚
shell;Noun;B1;シェル
shelter;Noun Verb;B2;シェルター
shift;Noun Verb;B1, B2;シフト
shine;Verb;B1;輝く
shiny;Adjective;B1;シャイニー
ship;Noun Verb;A2, B2;輸送する
shirt;Noun;A1;シャツ
shock;Noun Verb;B2;ショック
shocked;Adjective;B2;ショックを受けました
shoe;Noun;A1;靴
shoot;Verb;B1;シュート
shooting;Noun;B2;撮影
shop;Noun Verb;A1;ショップ
shopping;Noun;A1;ショッピング
short;Adjective;A1;ショート
shot;Noun;B2;ショット
should;modal Verb;A1;SHOULD
shoulder;Noun;A2;ショルダー
shout;Verb Noun;A2;叫び
show;Verb Noun;A1;公演
shower;Noun;A1;シャワー
shut;Verb Adjective;A2;シャット
shy;Adjective;B1;シャイ
sick;Adjective;A1;病気
side;Noun;A2;側
sight;Noun;B1;視力
sign;Noun Verb;A2;符号
signal;Noun Verb;B1;信号
significant;Adjective;B2;重要
significantly;Adverb;B2;大幅に
silence;Noun;B2;沈黙
silent;Adjective;B1;サイレント
silk;Noun;B2;シルク
silly;Adjective;B1;ばかげました
silver;Noun Adjective;A2;銀
similar;Adjective;A1;同様の
similarity;Noun;B1;相似
similarly;Adverb;B1;同様に
simple;Adjective;A2;シンプル
simply;Adverb;B1;単に
since;prep. conj., Adverb;A2, B1;から
sincere;Adjective;B2;誠実
sing;Verb;A1;歌う
singer;Noun;A1;歌手
singing;Noun;A2;歌うこと
single;Adjective Noun;A2;シングル
sink;Verb;B1;シンク
sir;Noun;A2;お客様
sister;Noun;A1;シスター
sit;Verb;A1;SIT
site;Noun;A2;地点
situation;Noun;A1;状況
six;number;A1;六
sixteen;number;A1;16
sixty;number;A1;六十
size;Noun;A2;サイズ
ski;Verb Noun;A2;スキー
skiing;Noun;A2;スキー
skill;Noun;A1;スキル
skin;Noun;A2;肌
skirt;Noun;A1;スカート
sky;Noun;A2;空
slave;Noun;B2;奴隷
sleep;Verb , Noun;A1, A2;睡眠
slice;Noun Verb;B1;スライス
slide;Verb Noun;B2;滑り台
slight;Adjective;B2;わずかな
slightly;Adverb;B1;わずかに
slip;Verb;B2;スリップ
slope;Noun Verb;B2;スロープ
slow;Adjective , Verb;A1, B1;スロー
slowly;Adverb;A2;ゆっくり
small;Adjective;A1;小さい
smart;Adjective;B1;スマート
smartphone;Noun;A2;スマートフォン
smell;Verb Noun;A2;香り
smile;Verb Noun;A2;スマイル
smoke;Noun Verb;A2;煙
smoking;Noun;A2;喫煙
smooth;Adjective;B1;滑らか
snake;Noun;A1;ヘビ
snow;Noun Verb;A1;雪
so;Adverb conj.;A1;そう
soap;Noun;A2;石鹸
soccer;Noun;A2;サッカー
social;Adjective;A2;ソーシャル
society;Noun;A2;社会
sock;Noun;A2;靴下
soft;Adjective;A2;柔らかい
software;Noun;B1;ソフトウェア
soil;Noun;B1;土
solar;Adjective;B2;太陽
soldier;Noun;A2;兵士
solid;Adjective Noun;B1;固体
solution;Noun;A2;解決
solve;Verb;A2;解決する
some;det. proNoun;A1;いくつか
somebody;proNoun;A1;誰か
someone;proNoun;A1;誰か
something;proNoun;A1;何か
sometimes;Adverb;A1;時々
somewhat;Adverb;B2;幾分
somewhere;Adverb proNoun;A2;何処か
son;Noun;A1;息子
song;Noun;A1;歌
soon;Adverb;A1;やがて
sorry;Adjective exclam.;A1;ごめんなさい
sort;Noun, Verb;A2, B1;ソート
soul;Noun;B2;魂
sound;Noun Verb;A1;音
soup;Noun;A1;スープ
source;Noun;A2;ソース
south;Noun Adjective Adverb;A1;南
southern;Adjective;B1;南方の
space;Noun;A1;スペース
speak;Verb;A1;話す
speaker;Noun;A2;スピーカー
special;Adjective;A1;特殊な
specialist;Noun Adjective;B2;専門家
species;Noun;B2;種
specific;Adjective;A2;明確な
specifically;Adverb;B1;特に
speech;Noun;A2;スピーチ
speed;Noun, Verb;A2, B2;速度
spell;Verb;A1;スペル
spelling;Noun;A1;つづり
spend;Verb;A1;費やす
spending;Noun;B1;支出
spicy;Adjective;B1;スパイシー
spider;Noun;A2;クモ
spirit;Noun;B1;精神
spiritual;Adjective;B2;スピリチュアル
split;Verb Noun;B2;スプリット
spoken;Adjective;B1;話した
sponsor;Verb Noun;B2;スポンサー
spoon;Noun;A2;スプーン
sport;Noun;A1;スポーツ
spot;Noun, Verb;B1, B2;スポット
spread;Verb , Noun;B1, B2;拡大
spring;Noun, Verb;A1, B1;春
square;Adjective Noun;A2;平方
stable;Adjective;B2;安定しました
stadium;Noun;B1;スタジアム
staff;Noun;B1;スタッフ
stage;Noun, Verb;A2, B2;ステージ
stair;Noun;A2;階段
stamp;Noun;A2;切手
stand;Verb , Noun;A1, B2;スタンド
standard;Noun Adjective;B1;標準
star;Noun, Verb;A1, A2;星
stare;Verb;B2;見詰める
start;Verb , Noun;A1, A2;開始
state;Noun, Adjective , v;A2, B1;状態
statement;Noun;A1;ステートメント
station;Noun;A1;駅
statistic;Noun;B1;統計的
statue;Noun;B1;立像
status;Noun;B2;状態
stay;Verb , Noun;A1, A2;滞在
steady;Adjective;B2;安定しました
steal;Verb;A2;スチール
steel;Noun;B2;鋼
steep;Adjective;B2;急な
step;Noun, Verb;A2, B2;ステップ
stick (push into/attach);Verb;B1;スティック（プッシュへ/添付）
stick (piece of wood);Noun;B1;スティック（木片）
sticky;Adjective;B2;スティッキー
stiff;Adjective;B2;硬いです
still;Adverb , Adjective;A1, B1;やはり
stock;Noun;B2;株式
stomach;Noun;A2;胃
stone;Noun;A2;結石
stop;Verb Noun;A1;やめる
store;Noun, Verb;A2, B1;お店
storm;Noun;A2;嵐
story;Noun;A1;物語
straight;Adverb Adjective;A2;まっすぐ
strange;Adjective;A2;奇妙
stranger;Noun;B1;ストレンジャー
strategy;Noun;A2;戦略
stream;Noun;B2;ストリーム
street;Noun;A1;通り
strength;Noun;B1;力
stress;Noun Verb;A2;ストレス
stretch;Verb Noun;B2;ストレッチ
strict;Adjective;B2;厳密
strike;Verb Noun;B2;攻撃
string;Noun;B1;ストリング
strong;Adjective;A1;強い
strongly;Adverb;B1;強く
structure;Noun, Verb;A2, B2;構造
struggle;Verb Noun;B2;闘い
student;Noun;A1;学生
studio;Noun;B1;スタジオ
study;Noun Verb;A1;調査
stuff;Noun, Verb;B1, B2;スタッフ
stupid;Adjective;A2;愚か
style;Noun;A1;スタイル
subject;Noun, Adjective;A1, B2;主題
submit;Verb;B2;参加する
substance;Noun;B1;物質
succeed;Verb;A2;成功します
success;Noun;A1;成功
successful;Adjective;A2;成功しました
successfully;Adverb;B1;うまく
such;det./proNoun;A2;そのような
sudden;Adjective;B1;突然
suddenly;Adverb;A2;突然
suffer;Verb;B1;苦しみます
sugar;Noun;A1;シュガー
suggest;Verb;A2;提案します
suggestion;Noun;A2;提案
suit;Noun, Verb;A2, B1;スーツ
suitable;Adjective;B1;適当
sum;Noun Verb;B2;和
summarize;Verb;B1;要約します
summary;Noun;B1;概要
summer;Noun;A1;夏
sun;Noun;A1;太陽
Sunday;Noun;A1;日曜日
supermarket;Noun;A1;スーパーマーケット
supply;Noun Verb;B1;サプライ
support;Verb Noun;A2;サポート
supporter;Noun;B1;サポーター
suppose;Verb;A2;思います
sure;Adjective , Adverb;A1, A2;承知しました
surely;Adverb;B1;確かに
surface;Noun;B1;表面
surgery;Noun;B2;手術
surprise;Noun Verb;A2;驚き
surprised;Adjective;A2;驚きました
surprising;Adjective;A2;驚くべき
surround;Verb;B2;囲む
surrounding;Adjective;B2;囲繞
survey;Noun, Verb;A2, B2;調査
survive;Verb;B1;生き残ります
suspect;Verb Noun;B2;容疑者
swear;Verb;B2;誓う
sweater;Noun;A1;セーター
sweep;Verb;B2;掃く
sweet;Adjective Noun;A2;甘い
swim;Verb , Noun;A1, B1;泳ぐ
swimming;Noun;A1;水泳
switch;Verb , Noun;B1, B2;スイッチ
symbol;Noun;A2;シンボル
sympathy;Noun;B2;同情
symptom;Noun;B1;症状
system;Noun;A2;システム
table;Noun;A1;テーブル
tablet;Noun;A2;タブレット
tail;Noun;B1;尾
take;Verb;A1;取る
tale;Noun;B2;物語
talent;Noun;B1;才能
talented;Adjective;B1;才能
talk;Verb , Noun;A1, A2;トーク
tall;Adjective;A1;背が高いです
tank;Noun;B2;タンク
tape;Noun;B1;テープ
target;Noun, Verb;A2, B2;目標
task;Noun;A2;仕事
taste;Noun Verb;A2;味
tax;Noun Verb;B1;税金
taxi;Noun;A1;タクシー
tea;Noun;A1;お茶
teach;Verb;A1;教える
teacher;Noun;A1;先生
teaching;Noun;A2;教育
team;Noun;A1;チーム
tear1;Verb Noun;B2;tear1
tear2;Noun;B2;tear2
technical;Adjective;B1;テクニカル
technique;Noun;B1;技術
technology;Noun;A2;技術
teenage;Adjective;A2;ティーンエイジ
teenager;Noun;A1;ティーンエイジャー
telephone;Noun Verb;A1;電話
television;Noun;A1;テレビ
tell;Verb;A1;伝えます
temperature;Noun;A2;温度
temporary;Adjective;B2;一時的
ten;number;A1;十
tend;Verb;B1;傾向があります
tennis;Noun;A1;テニス
tent;Noun;B1;テント
term;Noun, Verb;A2, B2;期間
terrible;Adjective;A1;ひどいです
test;Noun Verb;A1;テスト
text;Noun, Verb;A1, A2;テキスト
than;conj.;A1;より
thank;Verb;A1;感謝
thanks;exclam. Noun;A1;感謝
that;det. proNoun conj., Adverb;A1, B1;それ
the;definite article;A1;インクルード
theatre;Noun;A1;劇場
their;det.;A1;彼らの
theirs;proNoun;B1;彼ら
them;proNoun;A1;それら
theme;Noun;B1;テーマ
themselves;proNoun;A2;自分自身
then;Adverb;A1;それから
theory;Noun;B1;理論
therapy;Noun;B2;治療
there;Adverb;A1;そこ
therefore;Adverb;B1;故に
they;proNoun;A1;彼ら
thick;Adjective;A2;厚い
thief;Noun;A2;泥棒
thin;Adjective;A2;薄い
thing;Noun;A1;事
think;Verb;A1;考えます
thinking;Noun;A2;考え
third;number, Noun;A1, A2;第三
thirsty;Adjective;A1;喉が渇いた
thirteen;number;A1;13
thirty;number;A1;30
this;det./proNoun, Adverb;A1, B1;この
though;conj. Adverb;B1;にもかかわらず
thought;Noun;A2;思想
thousand;number;A1;千
threat;Noun;B2;脅威
threaten;Verb;B2;脅かす
three;number;A1;三
throat;Noun;B1;喉
through;prep. Adverb;A1;使って
throughout;prep./Adverb;B1;ずっと
throw;Verb;A2;スロー
Thursday;Noun;A1;木曜日
thus;Adverb;B2;こうして
ticket;Noun;A1;チケット
tidy;Adjective v;A2;整頓
tie;Verb Noun;A2;ネクタイ
tight;Adjective;B1;タイト
till;conj./prep.;B1;迄
time;Noun, Verb;A1, B2;時間
tin;Noun;B1;錫
tiny;Adjective;B1;小さな
tip;Noun, Verb;A2, B1;ヒント
tired;Adjective;A1;疲れました
title;Noun;A1, B2;題名
to;prep., infinitive marker;A1;に
today;Adverb Noun;A1;今日
toe;Noun;B1;足の指
together;Adverb;A1;一緒
toilet;Noun;A1;トイレ
tomato;Noun;A1;トマト
tomorrow;Adverb Noun;A1;明日
tone;Noun;B2;トーン
tongue;Noun;B1;舌
tonight;Adverb n;A1;今晩
too;Adverb;A1;余りに
tool;Noun;A2;ツール
tooth;Noun;A1;歯
top;Noun, Adjective;A2;上
topic;Noun;A1;トピック
total;Adjective Noun;B1;トータル
totally;Adverb;B1;全く
touch;Verb , Noun;A2, B1;接する
tough;Adjective;B2;タフ
tour;Noun, Verb;A2, B1;旅行
tourism;Noun;A2;観光
tourist;Noun;A1;ツーリスト
towards;prep.;A2;向かって
towel;Noun;A2;タオル
tower;Noun;A2;タワー
town;Noun;A1;町
toy;Noun, Adjective;A2;おもちゃ
track;Noun, Verb;A2, B2;追跡
trade;Noun, Verb;B1;トレード
tradition;Noun;A2;伝統
traditional;Adjective;A2;伝統的な
traffic;Noun;A1;トラフィック
train;Noun, Verb;A1, A2;列車
trainer;Noun;A2;トレーナー
training;Noun;A2;トレーニング
transfer;Verb Noun;B2;転送
transform;Verb;B2;変換
transition;Noun;B2;遷移
translate;Verb;B1;訳します
translation;Noun;B1;翻訳
transport;Noun, Verb;A2, B1;輸送
travel;Verb Noun;A1;トラベル
traveller;Noun;A2;旅行者
treat;Verb;B1;御馳走
treatment;Noun;B1;処理
tree;Noun;A1;木
trend;Noun;B1;傾向
trial;Noun;B2;トライアル
trick;Noun Verb;B1;騙す
trip;Noun, Verb;A1, B2;旅行
tropical;Adjective;B2;トロピカル
trouble;Noun, Verb;A2, B2;トラブル
trousers;Noun;A1;ズボン
truck;Noun;A2;トラック
TRUE;Adjective;A1;TRUE
truly;Adverb;B2;真に
trust;Noun Verb;B2;信頼
truth;Noun;B1;真実
try;Verb , Noun;A1, B2;試します
T-shirt;Noun;A1;Tシャツ
tube;Noun;B1;チューブ
Tuesday;Noun;A1;火曜日
tune;Noun;B2;曲
tunnel;Noun;B2;トンネル
turn;Verb Noun;A1;順番
TV;Noun;A1;テレビ
twelve;number;A1;12
twenty;number;A1;二十
twice;Adverb;A1;二回
twin;Noun Adjective;A2;ツイン
two;number;A1;二
type;Noun, Verb;A1, B1;タイプ
typical;Adjective;A2;典型的な
typically;Adverb;B1;一般的に
tyre;Noun;B1;タイヤ
ugly;Adjective;B1;醜い
ultimately;Adverb;B2;最終的には
umbrella;Noun;A1;傘
unable;Adjective;B1;できません
uncle;Noun;A1;おじさん
uncomfortable;Adjective;B1;不快な
unconscious;Adjective;B2;無意識
under;prep. Adj;A1;下
underground;Adjective Adverb;A2;地下
understand;Verb;A1;理解する
understanding;Noun;A2;理解
underwear;Noun;B1;下着
unemployed;Adjective;B1;失業者
unemployment;Noun;B1;失業
unexpected;Adjective;B2;予想外
unfair;Adjective;B1;アンフェア
unfortunately;Adverb;A2;不運にも
unhappy;Adjective;A2;不幸
uniform;Noun;A2;ユニフォーム
union;Noun;B1;連合
unique;Adjective;B2;ユニーク
unit;Noun;A2;単位
united;Adjective;A2;ユナイテッド
universe;Noun;B2;宇宙
university;Noun;A1;大学
unknown;Adjective;B2;わからない
unless;conj.;B1;ない限り、
unlike;prep.;B1;異なり、
unlikely;Adjective;B1;そう
unnecessary;Adjective;B1;不要
unpleasant;Adjective;B1;不快
until;conj./prep.;A1;まで
unusual;Adjective;A2;珍しいです
up;Adverb proNoun;A1;アップ
update;Verb Noun;B1;更新
upon;prep.;B1;に
upper;Adjective;B2;アッパー
upset;Adjective v;B1;動揺
upstairs;Adverb , Adjective;A1, A2;二階
upwards;Adverb;B2;上向きに
urban;Adjective;B2;都市
urge;Verb;B2;衝動
us;proNoun;A1;我ら
use;Verb , Noun;A1, A2;使用する
used;Adjective;B1;中古
used to;modal Verb;A2;慣れている
useful;Adjective;A1;有用
user;Noun;A2;ユーザー
usual;Adjective;A2;一般
usually;Adverb;A1;通常
vacation;Noun;A1;休暇
valley;Noun;A2;谷
valuable;Adjective;B1;貴重
value;Noun, Verb;B1, B2;値
van;Noun;A2;バン
variety;Noun;A2;多様
various;Adjective;B1;諸
vary;Verb;B2;変わります
vast;Adjective;B2;莫大
vegetable;Noun;A1;野菜
vehicle;Noun;A2;車両
venue;Noun;B2;会場
version;Noun;B1;バージョン
very;Adverb , Adjective;A1, B1;非常に
via;prep.;B2;経由
victim;Noun;B1;犠牲者
victory;Noun;B2;勝利
video;Noun;A1;ビデオ
view;Noun, Verb;A2,;見る
viewer;Noun;B1;ビューア
village;Noun;A1;村
violence;Noun;B2;暴力
violent;Adjective;B1;激しいです
virtual;Adjective;B2;バーチャル
virus;Noun;A2;ウイルス
vision;Noun;B2;ビジョン
visit;Verb Noun;A1;訪問
visitor;Noun;A1;ビジター
visual;Adjective;B2;ビジュアル
vital;Adjective;B2;肝要
vitamin;Noun;B2;ビタミン
voice;Noun;A2;ボイス
volume;Noun;B2;ボリューム
volunteer;Noun Verb;B1;ボランティア
vote;Noun Verb;B1;投票
wage;Noun;B2;工賃
wait;Verb , Noun;A1, A2;待つ
waiter;Noun;A1;ウェイター
wake;Verb;A1;ウェイク
walk;Verb Noun;A1;歩く
wall;Noun;A1;壁
want;Verb;A1;欲しいです
war;Noun;A2;戦争
warm;Adjective , v;A1, B1;暖かいです
warn;Verb;B1;警告します
warning;Noun;B1;警告
wash;Verb , Noun;A1, A2;ウォッシュ
washing;Noun;A2;洗浄
waste;Noun v, Adjective;B1;無駄
watch;Verb Noun;A1;見る
water;Noun, Verb;A1, B1;水
wave;Noun;A2, B1;波
way;Noun;A1, B2;仕方
we;proNoun;A1;我々
weak;Adjective;A2;弱い
weakness;Noun;B2;弱点
wealth;Noun;B2;富
wealthy;Adjective;B2;豊か
weapon;Noun;B1;武器
wear;Verb;A1;着る
weather;Noun;A1;天気
web;Noun;A2;ウェブ
website;Noun;A1;ウェブサイト
wedding;Noun;A2;結婚式
Wednesday;Noun;A1;水曜日
week;Noun;A1;週間
weekend;Noun;A1;週末
weigh;Verb;B1;量ります
weight;Noun;A2;重量
welcome;exclam. Verb Adjective , n;A1, A2;ようこそ
well;Adverb , Adjective , exclam.;A1;上手
west;Noun Adjective Adverb;A1;西
western;Adjective;B1;西洋の
wet;Adjective;A2;ぬれました
what;proNoun/det.;A1;何
whatever;det./proNoun;B1;なんでも
wheel;Noun;A2;ホイール
when;Adverb proNounconj.;A1;いつ
whenever;conj.;B1;都度
where;Adverb conj.;A1;どこ
whereas;conj.;B2;一方、
wherever;conj.;B2;どこ
whether;conj.;B1;かどうか
which;proNoun/det.;A1;これ
while;conj., Noun;A2, B1;同時に
whisper;Verb Noun;B2;囁き
white;Adjective Noun;A1;白い
who;proNoun;A1;WHO
whole;Adjective , n;A2, B1;全体
whom;proNoun;B2;誰
whose;det./proNoun;A2;その
why;Adverb;A1;なぜ
wide;Adjective;A2;ワイド
widely;Adverb;B2;広く
wife;Noun;A1;妻
wild;Adjective;A2;野生
wildlife;Noun;B2;野生動物
will;modal, Noun Verb;A1,;意志
willing;Adjective;B2;喜んで
win;Verb , Noun;A1, B1;勝つ
wind1;Noun;A2;WIND1
wind2;Verb;B2;WIND2
window;Noun;A1;窓
wine;Noun;A1;ワイン
wing;Noun;B1;羽
winner;Noun;A2;勝者
winter;Noun;A1;冬
wire;Noun;B2;ワイヤー
wise;Adjective;B2;賢い
wish;Verb Noun;A2;願い
with;prep.;A1;とともに
within;prep.;B1;以内に
without;prep.;A1;無し
witness;Noun Verb;B2;証人
woman;Noun;A1;女性
wonder;Verb Noun;B1;ワンダー
wonderful;Adjective;A1;素晴らしい
wood;Noun;A2;木材
wooden;Adjective;A2;木製
wool;Noun;B1;ウール
word;Noun;A1;語
work;Verb Noun;A1;作業
worker;Noun;A1;ワーカー
working;Adjective;A2;ワーキング
world;Noun;A1;世界
worldwide;Adjective Adverb;B1;世界的に
worried;Adjective;A2;心配
worry;Verb Noun;A2, B1;心配
worse;Adjective, AdVerb Noun;A2,B1, B2;さらに悪いです
worst;Adjective, AdVerb;A2,B1, B2;最悪
worth;Adjective, Noun;B1, B2;価値
would;modal, Verb;A1;でしょう
wound;Noun Verb;B2;創傷
wow;exclam.;A2;ワオ
wrap;Verv;B2;ラップ
write;Verb;A1;書く
writer;Noun;A1;ライター
writing;Noun;A1;書き込み
written;Adjective;B1;書かれました
wrong;Adjective, AdVerb Noun;A1, B1, B2;違う
yard;Noun;B1;ヤード
yeah;exclam.;A1;ええ
year;Noun;A1;年
yellow;Adjective, Noun;A1;黄
yes;exclam.;A1;はい
yesterday;AdVerb Noun;A1;昨日
yet;AdVerb conj.;A2, B2;未だ
you;proNoun;A1;君は
young;Adjective, Noun;A1, B1;若い
your;det.;A1;きみの
yours;proNoun;A2;あなたのもの
yourself;proNoun;A1;自分自身
youth;Noun;B1;若者
zero;number;A2;ゼロ
zone;Noun;B2;ゾーン
