a, an;indefinite, article;A1;нэг нь
abandon;Verb;B2;орхих
ability;Noun;A2;чадвар
able;Adjective;A2;боломжтой
about;prep. Adverb;A1;тухай
above;prep. Adverb;A1;дээрх
abroad;Adverb;A2;гадаадад
absolute;Adjective;B2;үнэмлэхүй
absolutely;Adverb;B1;үнэхээр
academic;adj, Noun;B1, B2;эрдэм шинжилгээний
accept;Verb;A2;хүлээн авах
acceptable;Adjective;B2;хүлээн зөвшөөрөх
access;Noun Verb;B1;нэвтрэх
accident;Noun;A2;осол
accommodation;Noun;B1;байр
accompany;Verb;B2;дагалдан
according to;prep.;A2;холбоотой
account;Noun Verb;B1, B2;данс
accurate;Adjective;B2;үнэн зөв
accuse;Verb;B2;буруутгах
achieve;Verb;A2;хүрэхийн
achievement;Noun;B1;амжилт
acknowledge;Verb;B2;хүлээн зөвшөөрч байна
acquire;Verb;B2;олж авах
across;prep. Adverb;A1;даяар
act;Verb Noun;A2,B1;үйл ажиллагаа
action;Noun;A1;арга хэмжээ авах
active;Adjective;A2;идэвхтэй
activity;Noun;A1;үйл ажиллагаа
actor;Noun;A1;жүжигчин
actress;Noun;A1;жүжигчин
actual;Adjective;B2;бодит
actually;Adverb;A2;үнэндээ
ad;Noun;B1;зар
adapt;Verb;B2;дасан зохицох
add;Verb;A1;нэмнэ
addition;Noun;B1;нэмэлт
additional;Adjective;B2;нэмэлт
address;Noun Verb;A1,B2;хаяг
administration;Noun;B2;засаг захиргаа
admire;Verb;B1;биширдэг
admit;Verb;B1;хүлээн зөвшөөрөх
adopt;Verb;B2;батлах
adult;Noun adj;A1,A2;насанд хүрсэн
Advance;Noun Verb adj;B2;урьдчилсан
Advanced;Adjective;B1;Нарийвчилсан
Advantage;Noun;A2;давуу тал
Adventure;Noun;A2;Адал явдал Адал явдал
Advertise;Verb;A2;сурталчлах
Advertisement;Noun;A2;Зар сурталчилгаа
Advertising;Noun;A2;Зар сурталчилгаа
Advice;Noun Verb;A1, B1;Зөвлөгөө
affair;Noun;B2;хэрэг
affect;Verb;A2;нөлөөлдөг
afford;Verb;B1;төлж
afraid;Adjective;A1;ай
after;prep. conj. Adverb;A1,A2;дараа
afternoon;Noun;A1;үдээс хойш
afterwards;Adverb;B2;дараа нь
again;Adverb;A1;дахин
against;prep;A2;эсрэг
age;Noun Verb;A1, B1;нас
aged;Adjective;B1;насны
agency;Noun;B2;байгууллага
agenda;Noun;B2;хөтөлбөр
agent;Noun;B1;агент
aggressive;Adjective;B2;түрэмгий
ago;Adverb;A1;өмнө
agree;Verb;A1;хүлээн зөвшөөрч байна
agreement;Noun;B1;гэрээ
ah;exclam.;A2;аа
ahead;Adverb;B1;өмнө
aid;Noun Verb;B2;тусламж
aim;Verb Noun;B1;зорилго
air;Noun;A1;агаар
aircraft;Noun;B2;нисэх онгоц
airline;Noun;A2;агаарын тээврийн
airport;Noun;A1;нисэх онгоцны буудал
alarm;Noun Verb;B1, B2;дохиоллын
album;Noun;B1;зургийн цомог
alcohol;Noun;B1;согтууруулах ундаа
alcoholic;Adjective;B1;согтууруулах ундаа
alive;Adjective;A2;амьдаар нь
all;det. pron, Adverb;A1, A2;бүх
all right;Adjective, Adverb exclam;A2;бүх эрх
allow;Verb;A2;зөвшөөрөх
almost;Adverb;A2;бараг л
alone;Adjective, Adverb;A2;ганцаараа
along;prep. Adverb;A2;хамт
already;Adverb;A2;аль хэдийн
also;Adverb;A1;мөн
alter;Verb;B2;Уолтер
alternative;Noun Adjective;A2, B1;өөр
although;conj;A2;хэдийгээр
always;Adverb;A1;үргэлж
amazed;Adjective;B1;гайхаж
amazing;Adjective;A1;гайхалтай
ambition;Noun;B1;нэр төр
ambitious;Adjective;B1;амбицтай
among;prep.;A2;дунд
amount;Noun Verb;A2, B2;хэмжээ
analyse;Verb;B1;дүн шинжилгээ хийх
analysis;Noun;B1;дүн шинжилгээ хийх
ancient;Adjective;A2;эртний
and;conj;A1;болон
anger;Noun;B2;уур хилэн
angle;Noun;B2;өнцөг
angry;Adjective;A1;ууртай
animal;Noun;A1;мал, амьтны
ankle;Noun;A2;шагай
anniversary;Noun;B2;жилийн ой
announce;Verb;B1;зарлана
announcement;Noun;B1;зар
annoy;Verb;B1;цухалдуулах
annoyed;Adjective;B1;залхаж
annoying;Adjective;B1;залхаамаар
annual;Adjective;B2;жил бүрийн
another;det. proNoun;A1;өөр нэг
answer;Noun Verb;A1;хариулт нь
anxious;Adjective;B2;тэсэн ядан хүлээж
any;det. proNoun, Adverb;A1, A2;ямар ч
anybody;pron;A2;хэн
any more;Adverb;A2;ямар ч
anyone;pron;A1;Хэрэв хэн нэгэн нь
anything;pron;A1;ямар нэг зүйл
anyway;Adverb;A2;ямар ч байсан
anywhere;AdVerb proNoun;A2;хаанаас ч
apart;Adverb;B1;гадна
apartment;Noun;A1;орон сууц
apologize;Verb;B1;уучлал
app;Noun;A2;апп
apparent;Adjective;B2;илэрхий
apparently;Adverb;B2;бололтой
appeal;Noun Verb;B2;давж заалдах
appear;Verb;A2;гарч ирэх
appearance;Noun;A2;Гадаад төрх
apple;Noun;A1;алим
application;Noun;B1;програм
apply;Verb;A2;хэрэглэнэ
appointment;Noun;B1;томилох
appreciate;Verb;B1;талархдаг
approach;Noun Verb;B2;арга
appropriate;Adjective;B2;зохих
approval;Noun;B2;батлах
approve;Verb;B2;зөвшөөрөх
approximately;Adverb;B1;ойролцоогоор
April;Noun;A1;дөрөвдүгээр сар
architect;Noun;A2;архитектор
architecture;Noun;A2;архитектур
area;Noun;A1;газар
argue;Verb;A2;маргадаг
argument;Noun;A2;баталгаа
arise;Verb;B2;гарч ирэх
arm;Noun;A1;гар
armed;Adjective;B2;зэвсэглэсэн
arms;Noun;B2;зэвсэг
army;Noun;A2;цэргийн
around;prep. Adverb;A1;эргэн тойронд
arrange;Verb;A2;зохион байгуулах
arrangement;Noun;A2;зохион байгуулалт
arrest;Verb Noun;B1;баривчлах
arrival;Noun;B1;ирэх
arrive;Verb;A1;ирэх
art;Noun;A1;урлаг
article;Noun;A1;нийтлэл
artificial;Adjective;B2;хиймэл
artist;Noun;A1;уран бүтээлч
artistic;Adjective;B2;уран сайхны
as;prep., Adverb conj.;A1, A2;зэрэг
ashamed;Adjective;B2;ичиж
asleep;Adjective;A2;унтаж
ask;Verb;A1;асуух
aspect;Noun;B2;асуудал
assess;Verb;B2;үнэлэх
assessment;Noun;B2;үнэлгээ
assignment;Noun;B1;даалгавар
assist;Verb;B1;туслах
assistant;Noun Adjective;A2;туслах
associate;Verb;B2;хараат компани
associated;Adjective;B2;холбогдох
association;Noun;B2;Холбоо
assume;Verb;B2;гэж
at;prep.;A1;үед
athlete;Noun;A2;тамирчин
atmosphere;Noun;B1;уур амьсгал
attach;Verb;B1;хавсаргах
attack;Noun Verb;A2;халдлага
attempt;Noun Verb;B2;оролдлого
attend;Verb;A2;тувшний
attention;Noun exclam.;A2;анхаарал хандуулах
attitude;Noun;B1;хандлага
attract;Verb;B1;татах
attraction;Noun;B1;татах
attractive;Adjective;A2;татах
audience;Noun;A2;үзэгч сонсогчид
August;Noun;A1;Наймдугаар сар
aunt;Noun;A1;авга эгч
author;Noun;A2;зохиогч
authority;Noun;B1;эрх бүхий байгууллага
autumn;Noun;A1;намар
available;Adjective;A2;боломжтой
average;Adjective, Noun Verb;A2, B1;дундаж
avoid;Verb;A2;зайлсхий
award;Noun Verb;A2, B1;шагналыг
aware;Adjective;B1;мэдэж
away;Adverb;A1;хол
awful;Adjective;A2;аймшигт
baby;Noun;A1;хүүхэд
back;Noun AdVerb Adjective, Verb;A1, A2, B2;буцах
background;Noun;A2;суурь
backwards;Adverb;B1;арагшаа
bacteria;Noun;B2;нян
bad;Adjective;A1;муу
badly;Adverb;A2;муу
bag;Noun;A1;баг
bake;Verb;B1;жигнэх
balance;Noun Verb;B1;тэнцэл
ball;Noun;A1;бөмбөг
ban;Verb Noun;B1;Бан
banana;Noun;A1;банан
band;Noun;A1;хамтлаг
bank (money);Noun;A1;банкны (мөнгө)
bank (river);Noun;B1;банк (голын)
bar;Noun Verb;A2, B2;хууль
barrier;Noun;B2;саад бэрхшээл
base;Noun Verb;B1;үндсэн
baseball;Noun;A2;бейсболын
based;Adjective;A2;дээр суурилсан
basketball;Noun;A2;сагсан бөмбөгийн
basic;Adjective;B1;үндсэн
basically;Adverb;B2;үндсэндээ
basis;Noun;B1;үндэс
bath;Noun;A1;халуун
bathroom;Noun;A1;ариун цэврийн өрөө
battery;Noun;B1;зай
battle;Noun Verb;B1, B2;тулаан
be;Verb auxiliary Verb;A1;байх
beach;Noun;A1;далайн эрэг
bean;Noun;A2;буурцагны
bear (deal with);Verb;B2;баавгай (хамт хэмжээ)
bear (animal);Noun;A2;баавгай (амьтан)
beat;Verb Noun;A2, B2;цохих
beautiful;Adjective;A1;сайхан
beauty;Noun;B1;гоо сайхан
because;conj.;A1;учир нь
become;Verb;A1;болох
bed;Noun;A1;ор
bedroom;Noun;A1;унтлагын өрөө
bee;Noun;B1;зөгий
beef;Noun;A2;үхрийн мах
beer;Noun;A1;шар айраг
before;prep., conj. Adverb;A1, A2;өмнө
beg;Verb;B2;гүйх
begin;Verb;A1;Эхлэх
beginning;Noun;A1;эхлэл
behave;Verb;A2;биеэ авч явах
behaviour;Noun;A2;зан үйл
behind;prep. Adverb;A1;ард
being;Noun;B2;сайхан
belief;Noun;B1;итгэл үнэмшил
believe;Verb;A1;итгэж байна
bell;Noun;B1;хонх
belong;Verb;A2;харьяалагдаж
below;Adverb prep.;A1;доорх
belt;Noun;A2;бүс
bend;Verb Noun;B1;нугалах
benefit;Verb NouNoun;A2, B1;үр ашиг
bent;Adjective;B2;авъяас
best;Adjective, AdVerb Noun;A1, A2;хамгийн сайн
bet;Verb Noun;B2;бооцоо
better;Adjective , Adverb , Noun;A1, A2, B1;илүү сайн
between;prep., Adverb;A1, A2;хооронд
beyond;prep. Adverb;B2;цааш
bicycle;Noun;A1;унадаг дугуй
big;Adjective;A1;том
bike;Noun;A1;дугуй
bill;Noun Verb;A1, B2;Билл
billion number; ;A2;тэрбум дугаар
bin;Noun;A2;бин
biology;Noun;A2;биологийн
bird;Noun;A1;шувуу
birth;Noun;A2;төрөлт
birthday;Noun;A1;төрсөн өдөр
biscuit;Noun;A2;жигнэмэг
bit;Noun;A2;хэсэг
bite;Verb Noun;B1;хазах
bitter;Adjective;B2;гашуун
black;Adjective, Noun;A1;хар
blame;Verb Noun;B2;яллах
blank;Adjective, Noun;A2;хоосон
blind;Adjective;B2;сохор
block;Noun Verb;B1;блок
blog;Noun;A1;блог
blonde;Adjective;A1;шаргал
blood;Noun;A2;цусны
blow;Verb;A2;цохилт
blue;Adjective, Noun;A1;хөх
board;Noun Verb;A2, B1;ТУЗ-ийн
boat;Noun;A1;завь
body;Noun;A1;байгууллага
boil;Verb;A2;буцлах
bomb;Noun Verb;B1;бөмбөг
bond;Noun;B2;бонд
bone;Noun;A2;ясны
book;Noun Verb;A1, A2;ном
boot;Noun;A1;ачаалах
border;Noun Verb;B1, B2;хилийн
bored;Adjective;A1;уйдаж
boring;Adjective;A1;уйтгартай
born;Verb;A1;-нд төрсөн
borrow;Verb;A2;зээл
boss;Noun;A2;босс
both;det./proNoun;A1;аль аль нь
bother;Verb;B1;санаа зовох
bottle;Noun;A1;лонх
bottom;NouNoun Adjective;A2;доод
bowl;Noun;A2;аяга
box;Noun;A1;хайрцаг
boy;Noun;A1;хүү
boyfriend;Noun;A1;найз залуу
brain;Noun;A2;тархи
branch;Noun;B1;салбар
brand;Noun Verb;B1;брэнд
brave;Adjective;B1;зоригтой
bread;Noun;A1;талх
break;Verb Noun;A1;завсарлага
breakfast;Noun;A1;өглөөний цай
breast;Noun;B2;хөхний
breath;Noun;B1;амьсгал
breathe;Verb;B1;амьсгалж
breathing;Noun;B1;амьсгалын
bride;Noun;B1;сүйт бүсгүй
bridge;Noun;A2;гүүр
brief;Adjective;B2;товч
bright;Adjective;A2;тод
brilliant;Adjective;A2;гайхалтай
bring;Verb;A1;авчирдаг
broad;Adjective;B2;өргөн
broadcast;Verb Noun;B2;цацах
broken;Adjective;A2;эвдэрсэн
brother;Noun;A1;ах дүү
brown;Adjective, Noun;A1;бор
brush;Verb Noun;A2;сойз
bubble;Noun;B1;хөөс
budget;Noun;B2;төсөв
build;Verb;A1;бүтээх
building;Noun;A1;барилга
bullet;Noun;B2;сум
bunch;Noun;B2;баглаа
burn;Verb Noun;A2, B2;шарахын
bury;Verb;B1;булшлах
bus;Noun;A1;автобус
bush;Noun;B2;бут
business;Noun;A1;ажил
businessman;Noun;A2;бизнесмэн
busy;Adjective;A1;завгүй
but;conj. prep;A1, B2;гэхдээ
butter;Noun;A1;тос
button;Noun;A2;товч
buy;Verb;A1;худалдан авах
by;prep. Adverb;A1, B1;гэхэд
bye;exclam;A1;баяртай
cable;Noun;B2;кабель
cafe;Noun;A1;кафе
cake;Noun;A1;бялуу
calculate;Verb;B2;тооцоолох
call;Verb Noun;A1;дуудлага
calm;Adjective Verb Noun;B1;тайван
camera;Noun;A1;зургийн аппарат
camp;Noun Verb;A2;бааз
campaign;Noun Verb;B1;кампанит ажил
camping;Noun;A2;кемпийн
campus;Noun;B1;кампус
can1;modal Verb;A1;can1
can2;Noun;A2;can2
cancel;Verb;B2;хүчингүй болгох
cancer;Noun;B2;хорт хавдар
candidate;Noun;B1;нэр дэвшигч
cannot;Verb;A1;чадахгүй юм
cap;Noun;B1;малгай
capable;Adjective;B2;чадвартай
capacity;Noun;B2;хүчин чадал
capital;Noun Adjective;A1;нийслэл
captain;Noun;B1;ахмад
capture;Verb Noun;B2;барих
car;Noun;A1;автомашин
card;Noun;A1;карт
care;Noun Verb;A2;тусламж
career;Noun;A1;ажил мэргэжил
careful;Adjective;A2;болгоомжтой
carefully;Adverb;A2;анхааралтай
careless;Adjective;B1;хайхрамжгүй
carpet;Noun;A2;хивс
carrot;Noun;A1;лууван
carry;Verb;A1;дагуулдаг
cartoon;Noun;A2;хүүхэлдэйн
case;Noun;A2;хэрэг
cash;Noun;A2;бэлэн мөнгө
cast;Noun Verb;B2;цутгамал
castle;Noun;A2;цайз
cat;Noun;A1;муур
catch;Verb Noun;A2, B2;барих
category;Noun;B1;зэрэг
cause;Noun Verb;A2;шалтгаан
CD;Noun;A1;CD
ceiling;Noun;B1;таазны
celebrate;Verb;A2;тэмдэглэх
celebration;Noun;B1;баяр
celebrity;Noun;A2;од
cell;Noun;B2;эсийн
cent;Noun;A1;хувь
central;Adjective;B1;төв
centre;Noun Verb;A1, B1;төв
century;Noun;A1;-р зууны
ceremony;Noun;B1;ёслол
certain;Adjective;A2;тодорхой
certainly;Adverb;A2;мэдээж
chain;Noun Verb;B1, B2;гинжин
chair;Noun Verb;A1, B2;дарга
chairman;Noun;B2;ТУЗ-ийн дарга
challenge;Noun Verb;B1, B2;сорилт
champion;Noun;B1;аварга
chance;Noun;A2;боломж
change;Verb Noun;A1;өөрчлөлт
channel;Noun;B1;суваг
chapter;Noun;B1;-р бүлэг
character;Noun;A2;тэмдэгт
characteristic;Noun Adjective;B2;шинж чанар
charge;Noun Verb;B1;хураамж
charity;Noun;A2;буяны
chart;Noun Verb;A1, B2;зураг
chat;Verb Noun;A2;чатлах
cheap;Adjective , Adverb;A1, B1;хямд
cheat;Verb Noun;B1;баширлах
check;Verb Noun;A1, A2;шалгах
chef;Noun;A2;тогооч
cheerful;Adjective;B1;хөгжилтэй
cheese;Noun;A1;бяслаг
chemical;Adjective, Noun;B1;химийн
chemistry;Noun;A2;химийн
chest;Noun;B1;цээжний
chicken;Noun;A1;тахианы
chief;Adjective, Noun;B2;ерөнхий
child;Noun;A1;хүүхэд
childhood;Noun;B1;бага насны
chip;Noun;A2;чип
chocolate;Noun;A1;шоколад
choice;Noun;A2;сонголт
choose;Verb;A1;сонгох
church;Noun;A2;сүм
cigarette;Noun;A2;тамхины
cinema;Noun;A1;кино театр
circle;Noun Verb;A2;тойрог
circumstance;Noun;B2;нөхцөл байдал
cite;Verb;B2;иш татах
citizen;Noun;B2;иргэн
city;Noun;A1;хот
civil;Adjective;B2;иргэний
claim;Verb Noun;B1;шаардлага
class;Noun;A1;анги
classic;Adjective, Noun;B2;сонгодог
classical;Adjective;A2;сонгодог
classroom;Noun;A1;хичээлийн
clause;Noun;B1;заалт
clean;Adjective, Verb;A1;цэвэр
clear;Adjective, Verb;A2, B1;тодорхой
clearly;Adverb;A2;тодорхой
clever;Adjective;A2;ухаантай
click;Verb Noun;B1;дарж
client;Noun;B1;үйлчлүүлэгч
climate;Noun;A2;уур амьсгалын
climb;Verb Noun;A1, B1;авирч
clock;Noun;A1;цаг
close1;Verb Noun;A1, B2;close1
close2;Adjective , Adverb;A2, B1;close2
closed;Adjective;A2;хаалттай
closely;Adverb;B2;ойрхон
cloth;Noun;B1;даавуу
clothes;Noun;A1;хувцас
clothing;Noun;A2;хувцас
cloud;Noun;A2;үүл
club;Noun;A1;клуб
clue;Noun;B1;учиг
coach;Noun Verb;A2, B1;дасгалжуулагч
coal;Noun;B1;нүүрсний
coast;Noun;A2;эрэг
coat;Noun;A1;цув
code;Noun;A2;код
coffee;Noun;A1;кофе
coin;Noun;B1;зоос
cold;Adjective Noun;A1;хүйтэн
collapse;Verb Noun;B2;уналт
colleague;Noun;A2;хамтран зүтгэгч
collect;Verb;A2;цуглуул
collection;Noun;B1;цуглуулах
college;Noun;A1;коллежийн
colour;Noun;A1;өнгө
coloured;Adjective;B1;өнгөтэй
column;Noun;A2;багана
combination;Noun;B2;хослол
combine;Verb;B1;холбох
come;Verb;A1;ирж
comedy;Noun;A2;инээдмийн
comfort;Noun Verb;B2;тайтгарал
comfortable;Adjective;A2;тав тухтай
command;Noun Verb;B2;тушаал
comment;Noun Verb;A2, B1;сэтгэгдэл
commercial;Adjective Noun;B1;арилжааны
commission;Noun Verb;B2;үүрэг
commit;Verb;B1;хийх
commitment;Noun;B2;амлалт
committee;Noun;B2;хороо
common;Adjective Noun;A1;нийтлэг
commonly;Adverb;B2;нийтлэг
communicate;Verb;A2;харилцах
communication;Noun;B1;харилцаа холбоо
community;Noun;A2;олон нийтийн
company;Noun;A1;Тус компани
compare;Verb;A1;харьцуулах
comparison;Noun;B1;харьцуулалт
compete;Verb;A2;өрсөлдөхгүй
competition;Noun;A2;тэмцээн
competitor;Noun;B1;өрсөлдөгч
competitive;Adjective;B1;өрсөлдөх чадвартай
complain;Verb;A2;гомдол
complaint;Noun;B1;гомдол
complete;Adjective Verb;A1;иж бүрэн
completely;Adverb;A2;бүрэн
complex;Adjective, Noun;B1, B2;нарийн төвөгтэй
complicated;Adjective;B2;төвөгтэй
component;Noun;B2;бүрэлдэхүүн хэсэг
computer;Noun;A1;компьютер
concentrate;Verb;B1;баяжмал
concentration;Noun;B2;агууламж
concept;Noun;B2;үзэл баримтлал
concern;Noun Verb;B2;асуудал
concerned;Adjective;B2;холбогдох
concert;Noun;A1;тоглолт
conclude;Verb;B1;дуусгах
conclusion;Noun;B1;дүгнэлт
condition;Noun;A2;нөхцөл байдал
conduct;Verb Noun;B2;биеэ авч явах байдал
conference;Noun;A2;бага хурал
confidence;Noun;B2;өөртөө итгэх итгэл
confident;Adjective;B1;итгэлтэй
confirm;Verb;B1;баталгаа
conflict;Noun Verb;B2;зөрчилдөөн
confuse;Verb;B1;төөрөгдүүлж
confused;Adjective;B1;андуурч
confusing;Adjective;B2;ойлгомжгүй
connect;Verb;A2;холбогддог
connected;Adjective;A2;холбогдсон
connection;Noun;B1;холболт
conscious;Adjective;B2;ухамсартай
consequence;Noun;B1;үр дагавар
conservative;Adjective, Noun;B2;консерватив
consider;Verb;A2;авч үзэх
consideration;Noun;B2;авч үзэх
consist;Verb;B1;бүрдэнэ
consistent;Adjective;B2;тууштай
constant;Adjective;B2;тогтмол
constantly;Adverb;B2;байнга
construct;Verb;B2;бүтцийг
construction;Noun;B2;барилгын ажил
consume;Verb;B1;хэрэглэж
consumer;Noun;B1;хэрэглээний
contact;Noun Verb;B1;Холбоо барих
contain;Verb;A2;агуулсан
container;Noun;B1;чингэлэг
contemporary;Adjective;B2;орчин үеийн
content;Noun;B1;агуулга
contest;Noun Verb;B2;уралдаан
context;Noun;A2;нөхцөл байдал
continent;Noun;A2;тив
continue;Verb;A2;үргэлжлүүлэн
continuous;Adjective;B1;Үргэлжилсэн
contract;Noun Verb;B2;гэрээ
contrast;Noun Verb;B1;тодосгогч
contribute;Verb;B2;хувь нэмэр оруулах
contribution;Noun;B2;хувь нэмэр оруулах
control;Noun Verb;A2;хяналтын
convenient;Adjective;B1;тохиромжтой
conversation;Noun;A1;үг
convert;Verb;B2;хөрвөгч
convince;Verb;B1;итгүүлэхийн
convinced;Adjective;B2;ятгаж
cook;Verb Noun;A1, A2;тогооч
cooker;Noun;A2;агшаагч
cooking;Noun;A1;хоол хийх
cool;Adjective, Verb;A1, B1;хүйтэн
copy;Noun Verb;A2;хуулбар
core;Noun Adjective;B2;үндсэн
corner;Noun;A2;булангийн
corporate;Adjective;B2;аж ахуйн нэгжийн
correct;Adjective Verb;A1;зөв
correctly;Adverb;A2;зөв
cost;Noun Verb;A1;зардал
costume;Noun;B1;хувцасны
cottage;Noun;B1;зуслангийн байшин
cotton;Noun;B1;хөвөн
could;Verb;A1;болох
council;Noun;B2;зөвлөл
count;Verb Noun;A2, B1;тоо
country;Noun;A1;улс
countryside;Noun;B1;хөдөө орон
county;Noun;B2;County
couple;Noun;A2;хос
courage;Noun;B2;эр зориг
course;Noun;A1;Мэдээж хэрэг
court;Noun;B1;шүүх
cousin;Noun;A1;үеэл
cover;Verb Noun;A2, B1;хамгаалах
covered;Adjective;B1;хамрагдсан
cow;Noun;A1;үнээ
crash;Noun Verb;B2;Сүйрэл
crazy;Adjective;A2;галзуу
cream;Noun Adjective;A1, B1;тос
create;Verb;A1;бий болгох
creation;Noun;B2;бий болгох
creative;Adjective;A2;бүтээлч
creature;Noun;B2;нь уран зөгнөлт зүйлс
credit;Noun Verb;A2, B2;зээлийн
crew;Noun;B2;багийн
crime;Noun;A2;гэмт хэрэг
criminal;Noun Adjective;A2, B1;эрүүгийн
crisis;Noun;B2;хямрал
criterion;Noun;B2;шалгуур
critic;Noun;B2;шүүмжлэгч
critical;Adjective;B2;чухал
criticism;Noun;B2;шүүмжлэл
criticize;Verb;B2;шүүмжилдэг
crop;Noun;B2;газар тариалан
cross;Verb Noun;A2;хөндлөн
crowd;Noun;A2;олон хүн
crowded;Adjective;A2;шахагдан
crucial;Adjective;B2;чухал ач холбогдолтой
cruel;Adjective;B1;хэрцгий
cry;Verb Noun;A2, B2;хашхирах
cultural;Adjective;B1;соёлын
culture;Noun;A1;соёл
cup;Noun;A1;аяга
cupboard;Noun;A2;Засгийн газрын
cure;Verb Noun;B2;эмчилгээ
curly;Adjective;A2;буржгар
currency;Noun;B1;валютын
current;Adjective, Noun;B1, B2;Одоогийн
currently;Adverb;B1;одоогийн байдлаар
curtain;Noun;B1;хөшиг
curve;Noun Verb;B2;муруй
curved;Adjective;B2;муруй
custom;Noun;B1;өөрчлөн
customer;Noun;A1;хэрэглэгчийн
cut;Verb , Noun;A1, B1;тайрах
cycle;Noun Verb;A2, B1;мөчлөг
dad;Noun;A1;аав
daily;Adjective, Adverb;A2, B1;өдөр тутмын
damage;Noun Verb;B1;хохирол
dance;Noun Verb;A1;бүжиг
dancer;Noun;A1;бүжигчин
dancing;Noun;A1;бүжгийн
danger;Noun;A2;аюул
dangerous;Adjective;A1;аюултай
dark;Adjective, Noun;A1, A2;харанхуй
data;Noun;A2;мэдээ
date;Noun Verb;A1, B2;он сар өдөр
daughter;Noun;A1;охин
day;Noun;A1;өдөр
dead;Adjective;A2;нас барсан
deal;Verb Noun;A2, B1;гэрээ
dear;Adjective, exclam;A1, A2;хонгор минь
death;Noun;A2;үхэл
debate;Noun Verb;B2;мэтгэлцээн
debt;Noun;B2;өрийн
decade;Noun;B1;арван жилийн
December;Noun;A1;Арванхоёрдугаар сар
decent;Adjective;B2;сайн
decide;Verb;A1;шийдвэр
decision;Noun;A2;шийдвэр
declare;Verb;B2;тунхаглах
decline;Verb Noun;B2;бууралт
decorate;Verb;B1;засах
decoration;Noun;B2;чимэглэл
decrease;Verb Noun;B2;буурсан
deep;Adjective, Adverb;A2, B1;гүн
deeply;Adverb;B2;гүнзгий
defeat;Verb Noun;B2;ялагдал
defence;Noun;B2;батлан ​​хамгаалах
defend;Verb;B2;хамгаалах
define;Verb;B1;тодорхойлох
definite;Adjective;B1;тодорхой
definitely;Adverb;A2;мэдээж
definition;Noun;B1;тодорхойлолт
degree;Noun;A2;зэрэг
delay;Verb Noun;B2;саатал
deliberate;Adjective;B2;санаатайгаар
deliberately;Adverb;B2;санаатайгаар
delicious;Adjective;A1;амттай
delight;Verb Noun;B2;баясал
delighted;Adjective;B2;баяртай
deliver;Verb;B1;хүргэх
delivery;Noun;B2;хүргэх
demand;Noun Verb;B2;эрэлт хэрэгцээ
demonstrate;Verb;B2;харуулах
dentist;Noun;A2;шүдний эмч
deny;Verb;B2;үгүйсгэдэг
department;Noun;A2;газар
departure;Noun;B1;буцах
depend;Verb;A2;шалтгаална
depressed;Adjective;B2;сэтгэлээр унасан
depressing;Adjective;B2;сулруулах
depth;Noun;B2;гүн
describe;Verb;A1;тайлбарлах
description;Noun;A1;тодорхойлолт
desert;Noun Verb;A2, B2;цөл
deserve;Verb;B2;олох
design;Noun Verb;A1;зураг төсөл
designer;Noun;A2;загвар зохион бүтээгч
desire;Noun Verb;B2;хүсэл
desk;Noun;A1;ширээ
desperate;Adjective;B2;хүнд хэцүү
despite;prep;B1;байгаа хэдий ч
destination;Noun;B1;очих газар
destroy;Verb;A2;устгах
detail;Noun Verb;A1, B2;дэлгэрэнгүй
detailed;Adjective;B2;дэлгэрэнгүй
detect;Verb;B2;илрүүлэх
detective;Noun;A2;мөрдөгч
determine;Verb;B1;тодорхойлох
determined;Adjective;B1;тогтоосон
develop;Verb;A2;боловсруулах
development;Noun;B1;хөгжил
device;Noun;A2;төхөөрөмж
diagram;Noun;B1;диаграмм
dialogue;Noun;A1;яриа
diamond;Noun;B1;алмазан
diary;Noun;A2;дэвтэр
dictionary;Noun;A1;толь бичиг
die;Verb;A1;үхэх
diet;Noun;A1;хоолны дэглэм
difference;Noun;A1;ялгаа
different;Adjective;A1;өөр өөр
differently;Adverb;A2;өөр өөр
difficult;Adjective;A1;хүнд хэцүү
difficulty;Noun;B1;хэцүү
dig;Verb;B2;ухах
digital;Adjective;A2;дижитал
dinner;Noun;A1;оройн хоол
direct;Adjective, Verb Adverb;A2, B1;шууд
direction;Noun;A2;чиглэл
directly;Adverb;B1;шууд
director;Noun;A2;захирал
dirt;Noun;B1;шороон
dirty;Adjective;A1;бохир
Dis Adverbantage;Noun;B1;DIS Adverbantage
disagree;Verb;A2;санал нийлэхгүй
disappear;Verb;A2;алга
disappointed;Adjective;B1;дундуур
disappointing;Adjective;B1;харамсалтай
disaster;Noun;A2;гамшгийн
disc;Noun;B2;диск
discipline;Noun;B2;сахилга бат
discount;Noun Verb;B1, B2;хөнгөлөлт
discover;Verb;A2;Discover
discovery;Noun;A2;нээлт
discuss;Verb;A1;хэлэлцэх
discussion;Noun;A2;хэлэлцүүлэг
disease;Noun;A2;өвчин
dish;Noun;A1;хоол
dishonest;Adjective;B2;шударга бус
dislike;Verb Noun;B1;Дургүй
dismiss;Verb;B2;чөлөөлөх
display;Verb Noun;B2;дэлгэц
distance;Noun;A2;зайн
distribute;Verb;B2;хуваарилах
distribution;Noun;B2;хуваарилалт
district;Noun;B2;дүүргийн
divide;Verb Noun;B1, B2;хуваагдал
division;Noun;B2;хэлтэс
divorced;Adjective;A2;салсан
do;Verb auxiliary verb;A1;хийх
doctor;Noun;A1;эмч
document;Noun Verb;A2, B2;баримт бичиг
documentary;Noun;B1;баримтат кино
dog;Noun;A1;нохой
dollar;Noun;A1;долларын
domestic;Adjective;B2;дотоодын
dominate;Verb;B2;давамгайлах
donate;Verb;B1;хандивлаж
door;Noun;A1;хаалганы
double;Adjective det. proNoun Verb , Adverb;A2, B1;хоёр
doubt;Noun Verb;B1;эргэлзээгүй
down;Adverb Prep;A1;доош нь
download;Verb Noun;A2;татаж авах
downstairs;Adverb , Adjective;A1, A2;доод
downwards;Adverb;B2;доошоо
dozen;Noun det;B2;арван
draft;Noun Verb;B2;төсөл
drag;Verb;B2;татах
drama;Noun;A2;жүжиг
dramatic;Adjective;B2;эрс
draw;Verb;A1;зурах
drawing;Noun;A2;зураг
dream;Noun Verb;A2;мөрөөдөж
dress;Noun Verb;A1;хувцас
dressed;Adjective;B1;хувцасласан
drink;Noun Verb;A1;ундаа
drive;Verb Noun;A1, A2;хөтөч
driver;Noun;A1;драйвер
driving;Noun;A2;жолооны
drop;Verb Noun;A2, B1;унагаах
drug;Noun;A2;мансууруулах бодис
drum;Noun;B1;бөмбөрийн
drunk;Adjective;B1;согтуу
dry;Adjective, Verb;A2;хуурай
due;Adjective;B1;улмаас
during;prep;A1;үед
dust;Noun;B1;тоос
duty;Noun;B1;үүрэг
DVD;Noun;A1;DVD
each;det./proNoun/Adverb;A1;тус бүр
ear;Noun;A1;чих
early;Adjective Adverb;A1;эрт
earn;Verb;A2;олох
earth;Noun;A2;дэлхий
earthquake;Noun;B1;газар хөдлөлт
easily;Adverb;A2;амархан
east;Noun Adjective Adverb;A1;зүүн
eastern;Adjective;B1;зүүн
easy;Adjective;A1;хялбар
eat;Verb;A1;идэх
economic;Adjective;B1;эдийн засгийн
economy;Noun;B1;эдийн засаг
edge;Noun;B1;зах
edit;Verb;B2;засварлах
edition;Noun;B2;хэвлэл
editor;Noun;B1;редактор
educate;Verb;B1;сургах
educated;Adjective;B1;боловсрол
education;Noun;A2;боловсрол
educational;Adjective;B1;боловсролын
effect;Noun;A2;үр нөлөө
effective;Adjective;B1;үр дүнтэй
effectively;Adverb;B1;үр дүнтэй
efficient;Adjective;B2;үр ашигтай
effort;Noun;B1;хүчин чармайлт
egg;Noun;A1;өндөг
eight;number;A1;найман
eighteen;number;A1;арван найман
eighty;number;A1;наян
either;det./proNoun Adverb;A2;аль нэг
elderly;Adjective;B2;ахмад настан
elect;Verb;B2;сонгох
election;Noun;B1;сонгууль
electric;Adjective;A2;цахилгаан
electrical;Adjective;A2;цахилгааны
electricity;Noun;A2;цахилгаан эрчим хүчний
electronic;Adjective;A2;электрон
element;Noun;B1;бүрэлдэхүүн
elephant;Noun;A1;заан
eleven;number;A1;арван нэгэн
else;Adverb;A1;бас
elsewhere;Adverb;B2;бусад
email;Noun Verb;A1;И-мэйл
embarrassed;Adjective;B1;ичсэн
embarrassing;Adjective;B1;ичгэвэртэй
emerge;Verb;B2;гарч
emergency;Noun;B1;онцгой байдлын
emotion;Noun;B1;сэтгэл хөдлөл
emotional;Adjective;B2;сэтгэл санааны
emphasis;Noun;B2;хүч
emphasize;Verb;B2;онцлон
employ;Verb;A2;ажиллуулдаг
employee;Noun;A2;ажилтан
employer;Noun;A2;Ажил олгогч нь
employment;Noun;B1;ажил эрхлэлт
empty;Adjective, Verb;A2, B1;хоосон
enable;Verb;B2;идэвхжүүлэхийн
encounter;Verb Noun;B2;учрал
encourage;Verb;B1;дэмжих
end;Noun Verb;A1;Төгсгөл
ending;Noun;A2;дуусах
enemy;Noun;B1;дайсан
energy;Noun;A2;эрчим хүчний
engage;Verb;B2;татан оролцуулах
engaged;Adjective;B1;эрхэлж байгаа
engine;Noun;A2;хөдөлгүүр
engineer;Noun;A2;инженер
engineering;Noun;B1;инженерийн
enhance;Verb;B2;сайжруулах
enjoy;Verb;A1;эдэлнэ
enormous;Adjective;A2;асар их
enough;det. proNoun Adverb;A1;хангалттай
enquiry;Noun;B2;лавлагаа
ensure;Verb;B2;хангах
enter;Verb;A2;оруулах
entertain;Verb;B1;зугаацуулах
entertainment;Noun;B1;үзвэр үйлчилгээ
enthusiasm;Noun;B2;урам зориг
enthusiastic;Adjective;B2;урам зоригтой
entire;Adjective;B2;бүхэлд нь
entirely;Adverb;B2;бүхэлдээ
entrance;Noun;B1;элсэлтийн
entry;Noun;B1;нэвтрэх
environment;Noun;A2;орчин
environmental;Adjective;B1;хүрээлэн буй орчны
episode;Noun;B1;хэрэг явдал
equal;Adjective, Verb Noun;B1, B2;тэнцүү
equally;Adverb;B1;нэгэн адил
equipment;Noun;A2;тоног төхөөрөмж
error;Noun;A2;алдаа
escape;Verb Noun;B1;зугтахыг
especially;Adverb;A2;ялангуяа
essay;Noun;A2;Эссэ бичих
essential;Adjective;B1;чухал
establish;Verb;B2;бий болгох
estate;Noun;B2;үл хөдлөх хөрөнгийн
estimate;Verb Noun;B2;тооцоо
ethical;Adjective;B2;ёс зүйн
euro;Noun;A1;еврогийн
evaluate;Verb;B2;үнэлэх
even;AdVerb Adjective;A1, B2;тэр ч байтугай
evening;Noun;A1;орой
event;Noun;A1;үйл явдал
eventually;Adverb;B1;эцэст нь
ever;Adverb;A1;хэзээ нэгэн цагт
every;det;A1;бүр
everybody;proNoun;A1;хүн бүр
everyday;Adjective;A2;өдөр тутмын
everyone;proNoun;A1;хүн бүр
everything;proNoun;A1;бүх зүйл
everywhere;Adverb;A2;хаа сайгүй
evidence;Noun;A2;нотлох баримт
evil;Adjective, Noun;B2;муу
exact;Adjective;A2;Ончтой
exactly;Adverb;A2;яг
exam;Noun;A1;шалгалт
examination;Noun;B2;шалгалт
examine;Verb;B1;шалгана
example;Noun;A1;жишээ нь
excellent;Adjective;A2;маш сайн
except;prep, conj;A2, B1;бусад
exchange;Noun Verb;B1;валютын
excited;Adjective;A1;баяртай
excitement;Noun;B1;сэтгэл хөөрөл
exciting;Adjective;A1;сэтгэл хөдөлгөм
excuse;Noun Verb;B2;шалтаг
executive;Noun Adjective;B2;гүйцэтгэх
exercise;Noun Verb;A1;дасгал
exhibition;Noun;B1;үзэсгэлэн
exist;Verb;A2;оршиж
existence;Noun;B2;оршин
expand;Verb;B1;өргөжүүлэх
expect;Verb;A2;хүлээх
expectation;Noun;B2;хүлээлт
expected;Adjective;B1;хүлээгдэж буй
expedition;Noun;B1;экспедиц
expense;Noun;B2;зардал
expensive;Adjective;A1;үнэтэй
experience;Noun Verb;A2, B1;туршлага
experienced;Adjective;B1;туршлагатай
experiment;Noun Verb;A2, B1;туршилт
expert;Noun Adjective;A2;шинжээч
explain;Verb;A1;тайлбарлах
explanation;Noun;A2;тайлбар
explode;Verb;B1;дэлбэрч
exploration;Noun;B2;хайгуулын
explore;Verb;B1;хайх
explosion;Noun;B1;дэлбэрэлт
export;Noun Verb;B1;экспортын
expose;Verb;B2;ил
express;Verb;A2;буухиа
expression;Noun;A2;илэрхийлэл
extend;Verb;B2;сунгах
extent;Noun;B2;хэмжээ
external;Adjective;B2;гадна
extra;Adjective, Noun Adverb;A1, B1;нэмэлт
extraordinary;Adjective;B2;ер бусын
extreme;Adjective, Noun;A2, B2;хэт их
extremely;Adverb;A2;маш их
eye;Noun;A1;нүд
face;Noun Verb;A1, B1;нүүр
facility;Noun;B2;байгууламж
fact;Noun;A1;баримт
factor;Noun;A2;хүчин зүйл
factory;Noun;A2;үйлдвэр
fail;Verb;A2;Саатал
failure;Noun;B2;дутагдал
fair;Adjective;A2;шударга
fairly;Adverb;B1;нэлээн
faith;Noun;B2;итгэл
fall;Verb Noun;A1, A2;унах
FALSE;Adjective;A1;ХУДАЛ
familiar;Adjective;B1;танил
family;Noun Adjective;A1;гэр бүл
famous;Adjective;A1;алдартай
fan;Noun;A2;сэнс
fancy;Verb Adjective;B1;сонирхолтой
fantastic;Adjective;A1;гайхалтай
far;Adverb , Adjective;A1, B1;хол
farm;Noun Verb;A1, A2;аж ахуй
farmer;Noun;A1;фермер
farming;Noun;A2;аж ахуй
fascinating;Adjective;B1;гайхамшигтай
fashion;Noun;A2;загвар
fashionable;Adjective;B1;моод
fast;Adjective, Adverb;A1;хурдан
fasten;Verb;B1;товчлох
fat;Adjective, Noun;A1, A2;өөх
father;Noun;A1;аав нь
fault;Noun;B2;гэмтэл
favour;Noun Verb;B1, B2;тааллыг
favourite;Adjective, Noun;A1;дуртай
fear;Noun Verb;A2, B1;айдас
feather;Noun;B2;од
feature;Noun Verb;A2, B1;онцлог
February;Noun;A1;хоёрдугаар сар
fee;Noun;B2;хураамж
feed;Verb Noun;A2, B2;тэжээл
feedback;Noun;B2;санал
feel;Verb Noun;A1, B2;мэдрэх
feeling;Noun;A1;мэдрэмж
fellow;Adjective;B2;хамт
female;Adjective, Noun;A2;эмэгтэй
fence;Noun;B1;хашаа
festival;Noun;A1;наадам
few;det./Adjective, proNoun;A1;хэдэн
fiction;Noun;A2;уран зохиол
field;Noun;A2;талбар
fifteen;number;A1;арван таван
fifth;number;A1;тав дахь
fifty;number;A1;тавин
fight;Verb Noun;A2;тэмцэл
fighting;Noun;B1;тэмцэх
figure;Noun Verb;A2, B2;зураг
file;Noun Verb;B1, B2;файл
fill;Verb;A1;дүүргэлтийн
film;Noun Verb;A1, A2;кино
final;Adjective, Noun;A1, A2;эцсийн
finally;Adverb;A2;эцэст нь
finance;Noun Verb;B2;санхүү
financial;Adjective;B1;санхүүгийн
find;Verb;A1;олох
finding;Noun;B2;дүгнэлт
fine;Adjective;A1;нарийн
finger;Noun;A2;хуруу
finish;Verb Noun;A1, A2;барианы
fire;Noun Verb;A1, B1;гал
firm;Noun;B2;компани
first;det./number.AdVerb Noun;A1, A2;эхний
firstly;Adverb;A2;юуны өмнө
fish;Noun Verb;A1, A2;загас
fishing;Noun;A2;загас барих
fit;Verb Adjective;A2;тохиромжтой
fitness;Noun;B1;фитнесс
five;number;A1;таван
fix;Verb Noun;A2, B2;засах
fixed;Adjective;B1;тогтмол
flag;Noun;B1;туг
flame;Noun;B2;дөл
flash;Noun Verb;B2;флэш
flat;Noun Adjective;A1, A2;хавтгай
flexible;Adjective;B2;уян хатан
flight;Noun;A1;нислэгийн
float;Verb;B2;° в ° гч
flood;Noun Verb;B1;үер
floor;Noun;A1;шал
flour;Noun;B1;гурил
flow;Verb Noun;B1;урсгал
flower;Noun;A1;цэцэг
flu;Noun;A2;ханиадны
fly;Verb Noun;A1, A2;нисэх
flying;Noun Adjective;A2;нисдэг
focus;Verb Noun;A2;анхаарал хандуулах
fold;Verb Noun;B1, B2;нугалаа
folding;Adjective;B2;нугалах
folk;Noun Adjective;B1;ардын
follow;Verb;A1;дагах
following;Adjective, Noun prep;A2, B1, B2;дараах
food;Noun;A1;хоол хүнс
foot;Noun;A1;хөл
football;Noun;A1;хөл бөмбөгийн
for;prep.;A1;нь
force;NounVerb;B1;хүч
foreign;Adjective;A2;гадаад
forest;Noun;A2;ойн
forever;Adverb;B1;үүрд мөнх
forget;Verb;A1;март
forgive;Verb;B2;уучлаач
fork;Noun;A2;сэрээ
form;NounVerb;A1;хэлбэр
formal;Adjective;A2;албан ёсны
former;Adjective;B2;хуучин
fortunately;Adverb;A2;Аз болоход
fortune;Noun;B2;аз
forty;number;A1;дөчин
forward;AdVerb Adjective;A2, B2;урагш
found;Verb;B2;олдлоо
four;number;A1;дөрвөн
fourteen;number;A1;арван дөрвөн
fourth;number;A1;дөрөв дэх
frame;NounVerb;B1;хүрээ
free;Adjective, AdVerb Verb;A1,A2,B2;үнэгүй
freedom;Noun;B2;эрх чөлөө
freeze;Verb;B1;хөлдөөх
frequency;Noun;B2;давтамж
frequently;Adverb;B1;байнга
fresh;Adjective;A2;шинэ
Friday;Noun;A1;Баасан
fridge;Noun;A2;хөргөгч
friend;Noun;A1;найз
friendly;Adjective;A1;ээлтэй
friendship;Noun;B1;нөхөрлөл
frighten;Verb;B1;айлгаж
frightened;Adjective;B1;айж
frightening;Adjective;B1;аймшигтай
frog;Noun;A2;мэлхий
from;prep;A1;нь
front;Noun Adjective;A1;урд
frozen;Adjective;B1;хөлдөөсөн
fruit;Noun;A1;жимс
fry;Verb;B1;шарсан мах
fuel;Noun Verb;B1, B2;түлш
full;Adjective;A1;бүрэн
fully;Adverb;B2;бүрэн
fun;Noun Adjective;A1, A2;хөгжилтэй
function;Noun Verb;B1, B2;үйл ажиллагаа
fund;Noun Verb;B2;сан
fundamental;Adjective;B2;үндсэн
funding;Noun;B2;санхүүжилт
funny;Adjective;A1;хөгжилтэй
fur;Noun;B1;үслэг эдлэл
furniture;Noun;A2;тавилга
further;Adjective, Adverb;A2, B1;цаашид
furthermore;Adverb;B2;Цаашилбал
future;Noun Adjective;A1, A2;ирээдүй
gain;Verb Noun;B2;олз
gallery;Noun;A2;Зургийн цомог
game;Noun;A1;тоглоом
gang;Noun;B2;булэглэн
gap;Noun;A2;ялгаа
garage;Noun;B1;гараж
garden;Noun;A1;бэлчээрийн мал аж ахуйн
gas;Noun;A2;хий
gate;Noun;A2;хаалга
gather;Verb;B1;цуглуулах
general;Adjective;A2;ерөнхий
generally;Adverb;B1;ерөнхийдөө
generate;Verb;B2;бий болгох
generation;Noun;B1;үе
generous;Adjective;B1;өгөөмөр
genre;Noun;B2;төрөл
gentle;Adjective;B1;зөөлөн
gentleman;Noun;B1;эрхэм
geography;Noun;A1;газар зүй
get;Verb;A1;Эхлэх
ghost;Noun;B1;сүнс
giant;Adjective, Noun;B1;аварга том
gift;Noun;A2;бэлэг
girl;Noun;A1;охин
girlfriend;Noun;A1;найз охин
give;Verb;A1;өгөх
glad;Adjective;B1;баяртай
glass;Noun;A1;шилэн
global;Adjective;B1;дэлхийн
glove;Noun;B1;бээлий
go;Verb Noun;A1, B1;Go
goal;Noun;A2;зорилго
God;Noun;A2;Бурхан
gold;Noun Adjective;A2;алт
golf;Noun;A2;гольфийн
good;Adjective, Noun;A1, A2;сайн
goodbye;exclam. Noun;A1;Баяртай
goods;Noun;B1;бараа
govern;Verb;B2;удирдах
government;Noun;A2;Засгийн газар
grab;Verb;B2;шүүрэх
grade;Noun Verb;B1, B2;зэрэг
gradually;Adverb;B2;аажмаар
graduate;Noun Verb;B1;төгсөгч
grain;Noun;B1;үр тариа
grand;Adjective;B2;их
grandfather;Noun;A1;өвөө нь
grandmother;Noun;A1;эмээ
grandparent;Noun;A1;өвөө, эмээ
grant;Verb Noun;B2;буцалтгүй тусламж
grass;Noun;A2;өвс
grateful;Adjective;B1;талархдаг
great;Adjective;A1;агуу их
green;Adjective, Noun;A1;ногоон
greet;Verb;A2;мэндлэх
grey;Adjective, Noun;A1;саарал
ground;Noun;A2;газар
group;Noun;A1;бүлэг
grow;Verb;A1;ургадаг
growth;Noun;B1;өсөлт
guarantee;Verb Noun;B2;баталгаа
guard;Noun Verb;B1;хамгаалах
guess;Verb Noun;A1;тааж
guest;Noun;A2;зочин
guide;Noun Verb;A2;гарын авлага
guilty;Adjective;B1;гэм буруутай
guitar;Noun;A1;гитар
gun;Noun;A2;буу
guy;Noun;A2;залуу
gym;Noun;A1;биеийн тамирын
habit;Noun;A2;зуршил
hair;Noun;A1;үс
half;Noundet.proNoun, Adverb;A1, A2;хагас
hall;Noun;A2;танхим
hand;Noun Verb;A1, B1;гар
handle;Verb Noun;B2;бариул
hang;Verb;B1;зүүх
happen;Verb;A1;болох
happily;Adverb;A2;аз жаргалтайгаар
happiness;Noun;B1;аз жаргал
happy;Adjective;A1;аз жаргалтай
hard;Adjective, Adverb;A1;хатуу
hardly;Adverb;B1;бараг
harm;Noun Verb;B2;хор хөнөөл
harmful;Adjective;B2;хортой
hat;Noun;A1;малгай
hate;Verb Noun;A1, B1;үзэн ядалт
have;Verb auxiliary Verb;A1, A2;байна
have to modal;Verb;A1;байх терлийн
he;proNoun;A1;тэр
head;Noun Verb;A1, B1;дарга
headache;Noun;A2;толгой өвдөх
headline;Noun;B1;гарчиг
health;Noun;A1;эрүүл мэнд
healthy;Adjective;A1;эрүүл
hear;Verb;A1;сонсох
hearing;Noun;B2;сонсголын
heart;Noun;A2;зүрх
heat;Noun Verb;A2;дулаан
heating;Noun;B1;халаалт
heaven;Noun;B2;тэнгэр
heavily;Adverb;B1;их
heavy;Adjective;A2;хүнд
heel;Noun;B2;өсгий
height;Noun;A2;өндөр
helicopter;Noun;B1;нисдэг тэрэг
hell;Noun;B2;там
hello;exclam./Noun;A1;Сайн уу
help;Verb Noun;A1;Туслаач
helpful;Adjective;A2;тустай
her;proNoundet;A1;түүнийг
here;Adverb;A1;энд
hero;Noun;A2;баатар
hers;proNoun;A2;аваагүй шүүх
herself;proNoun;A2;өөрөө
hesitate;Verb;B2;эргэлзэх
hey;exclam;A1;Хөөе
hi;exclam;A1;сайн байна уу
hide;Verb;A2;нуух
high;Adjective, AdVerb Noun;A1, A2, B2;өндөр
highlight;Verb Noun;B1;тодотгодог
highly;Adverb;B1;маш их
hill;Noun;A2;Хилл
him;proNoun;A1;түүнийг
himself;proNoun;A2;өөрөө
hire;Verb Noun;B1, B2;хөлслөх
his;det. proNoun;A1, A2;өөрийн
historic;Adjective;B1;түүхэн
historical;Adjective;B1;түүхэн
history;Noun;A1;түүх
hit;Verb Noun;A2;хит
hobby;Noun;A1;хобби
hockey;Noun;A2;хоккей
hold;Verb Noun;A2, B2;барих
hole;Noun;A2;нүх
holiday;Noun;A1;баярын
hollow;Adjective;B2;хөндий
holy;Adjective;B2;ариун
home;Noun AdVerb Adjective;A1, A2;Нүүр хуудас
homework;Noun;A1;гэрийн даалгавар
honest;Adjective;B1;үнэнч шударга
honour;Noun Verb;B2;нэр төрийн хэрэг
hope;Verb Noun;A1, A2;найдвар
horrible;Adjective;B1;аймшигтай
horror;Noun;B1;аймшгийн
horse;Noun;A1;морь
hospital;Noun;A1;эмнэлэг
host;Noun Verb;B1, B2;хост
hot;Adjective;A1;халуун
hotel;Noun;A1;зочид буудал
hour;Noun;A1;цаг
house;Noun Verb;A1, B2;байшин
household;Noun;B2;гэр ахуйн
housing;Noun;B2;орон сууц
how;Adverb;A1;Хэрхэн
however;Adverb;A1;Гэсэн хэдий ч
huge;Adjective;A2;асар их
human;Adjective, Noun;A2;хүний
humorous;Adjective;B2;хошин
humour;Noun;B2;хошигнол
hundred;number;A1;зуун
hungry;Adjective;A1;олон
hunt;Verb Noun;B1, B2;ан
hunting;Noun;B2;ан
hurricane;Noun;B1;хар салхины
hurry;Noun Verb;B1;яарах
hurt;Verb Adjective Noun;A2, B2;бэртсэн
husband;Noun;A1;нөхөр нь
I;proNoun;A1;би
ice;Noun;A1;мөс
ice cream;Noun;A1;зайрмагны
idea;Noun;A1;санаа
ideal;Adjective , Noun;A2, B2;тохиромжтой
identify;Verb;A2;тодорхойлох
identity;Noun;B1;таних
if;conj.;A1;бол
ignore;Verb;B1;үл тоомсорлох
ill;Adjective;A2;өвчтэй
illegal;Adjective;B1;хууль бус
illness;Noun;A2;өвчлөл
illustrate;Verb;B2;харуулах
illustration;Noun;B2;жишээ
image;Noun;A2;зураг
imaginary;Adjective;B1;хуурмаг
imagination;Noun;B2;төсөөлөл
imagine;Verb;A1;төсөөлөхөд
immediate;Adjective;B1;нэн даруй
immediately;Adverb;A2;нэн даруй
immigrant;Noun;B1;цагаач
impact;Noun Verb;B1;үр нөлөө
impatient;Adjective;B2;тэвчээргүй
imply;Verb;B2;гэсэн үг
import;Noun Verb;B1;импортын
importance;Noun;B1;ач холбогдол
important;Adjective;A1;чухал
impose;Verb;B2;ногдуулах
impossible;Adjective;A2;боломжгүй
impress;Verb;B2;Impress
impressed;Adjective;B2;таалагдсан
impression;Noun;B1;сэтгэгдэл
impressive;Adjective;B1;Сэтгэл хөдөлгөм
improve;Verb;A1;сайжруулах
improvement;Noun;B1;сайжруулах
in;prep., Adverb;A1;онд
inch;Noun;B2;инч
incident;Noun;B2;үйл явдал
include;Verb;A1;оруулах
included;Adjective;A2;оруулах
including;prep.;A2;зэрэг
income;Noun;B2;орлого
increase;Verb Noun;A2;өсөлт
increasingly;Adverb;B2;улам
incredible;Adjective;A2;гайхалтай
incredibly;Adverb;B1;гайхалтай
indeed;Adverb;B1;үнэхээр
independent;Adjective;A2;бие даасан
indicate;Verb;B1;харуулж байна
indirect;Adjective;B1;шууд бус
individual;Noun, adj;A2;хувь
indoor;Adjective;B1;дотор
indoors;Adverb;B1;дотор
industrial;Adjective;B2;аж үйлдвэрийн
industry;Noun;A2;аж үйлдвэрийн
infection;Noun;B2;халдвар
influence;NounVerb;B1;нөлөө
inform;Verb;B2;мэдээлэх
informal;Adjective;A2;албан бус
information;Noun;A1;мэдээлэл
ingredient;Noun;B1;бүрэлдэхүүн хэсэг
initial;Adjective;B2;анхны
initially;Adverb;B2;анх
initiative;Noun;B2;санаачлага
injure;Verb;B1;гэмтэлээс
injured;Adjective;B1;гэмтсэн
injury;Noun;A2;гэмтэл
inner;Adjective;B2;дотоод
innocent;Adjective;B1;гэм зэмгүй
insect;Noun;A2;шавьж
inside;prep.Adverb Noun Adjective;A2;дотор
insight;Noun;B2;өгүүлжээ
insist;Verb;B2;шаардах
inspire;Verb;B2;Inspire
install;Verb;B2;суулгах
instance;Noun;B2;жишээ нь
instead;Adverb;A2;оронд нь
institute;Noun;B2;хүрээлэн
institution;Noun;B2;байгууллага
instruction;Noun;A2;сургалт
instructor;Noun;A2;багш
instrument;Noun;A2;арга хэрэгсэл
insurance;Noun;B2;даатгалын
intelligence;Noun;B1;тагнуулын
intelligent;Adjective;A2;ухаалаг
intend;Verb;B1;бодох
intended;Adjective;B2;зорилготой
intense;Adjective;B2;хүчтэй
intention;Noun;B1;зорилт
interest;Noun Verb;A1;хүү
interested;Adjective;A1;сонирхогч
interesting;Adjective;A1;сонирхолтой
internal;Adjective;B2;дотоод
international;Adjective;A2;олон улсын
internet;Noun;A1;интернэт
interpret;Verb;B2;тайлбарлах
interrupt;Verb;B2;тасалдал
interview;Noun Verb;A1;ярилцлага
into;prep.;A1;руу
introduce;Verb;A1;нэвтрүүлэх
introduction;Noun;A2;оршил
invent;Verb;A2;зохиох
invention;Noun;A2;шинэ бүтээл
invest;Verb;B1;хөрөнгө оруулах
investigate;Verb;B1;шалгах
investigation;Noun;B2;судалгаа
investment;Noun;B2;хөрөнгө оруулалтын
invitation;Noun;A2;урилга
invite;Verb;A2;урьж байна
involve;Verb;A2;татан оролцуулах
involved;Adjective;B1;оролцогч
iron;Noun Verb;B1;төмөр
island;Noun;A1;арал
issue;Noun, Verb;B1, B2;асуудал
IT;Noun;B1;МТ-ийн
it;proNoun;A1;энэ нь
item;Noun;A2;Зүйлийн
its;det.;A1;өөрийн
itself;proNoun;A2;өөрөө
jacket;Noun;A1;хүрэм
jam;Noun;A2;саатал
January;Noun;A1;оны нэгдүгээр сарын
jazz;Noun;A2;жааз
jeans;Noun;A1;жинсэн өмд
jewellery;Noun;A2;үнэт эдлэл
job;Noun;A1;ажил
join;Verb;A1;нэгдэх
joke;Noun Verb;A2;онигоо
journal;Noun;B1;сэтгүүл
journalist;Noun;A2;сэтгүүлч
journey;Noun;A1;аялал
joy;Noun;B2;баяр хөөр
judge;Noun Verb;B1;шүүгч
judgement;Noun;B2;шүүлт
juice;Noun;A1;шүүс
July;Noun;A1;долдугаар сарын
jump;Verb Noun;A2;үсрэлт
June;Noun;A1;оны зургадугаар сарын
junior;Adjective;B2;бага
just;Adverb;A1;зүгээр л
justice;Noun;B2;шударга ёс
justify;Verb;B2;зөвтгөх
keen;Adjective;B1;Keen
keep;Verb;A1;байлгах
key;Noun, Adjective Verb;A1, B1;гол
keyboard;Noun;B1;гар
kick;Verb Noun;B1;Кик
kid;Noun;A2;гол дүрүүд нь хүүхэд
kill;Verb;A2;алах
killing;Noun;B1;амийг нь хөнөөх
kilometre;Noun;A1;км
kind(type);Noun;A1;төрөл (төрөл)
kind(caring);Adjective;B1;төрөл (халамжтай)
king;Noun;A2;хаан
kiss;Verb Noun;B1;үнсэлт
kitchen;Noun;A1;гал тогооны
knee;Noun;A2;өвдөгний
knife;Noun;A2;хутга
knock;Verb , Noun;A2, B1;тогших
know;Verb;A1;мэдэх
knowledge;Noun;A2;мэдлэг
lab;Noun;A2;лабораторийн
label;Noun Verb;B1;шошго
laboratory;Noun;B1;лабораторийн
labour;Noun;B2;хөдөлмөрийн
lack;Noun Verb;B1;байдал
lady;Noun;A2;эмэгтэй
lake;Noun;A2;нуур
lamp;Noun;A2;гэрэл
land;Noun, Verb;A1, A2;газар
landscape;Noun;B2;ландшафтын
language;Noun;A1;хэл
laptop;Noun;A2;зөөврийн компьютер
large;Adjective;A1;их
largely;Adverb;B2;ихээхэн
last1 (final);det., Adverb n;A1, A2;last1 (эцсийн)
last1 (taking time);Verb;A2;last1 (цаг авах)
late;Adjective Adverb;A1;орой
later;Adverb , Adjective;A1, A2;дараа нь
latest;Adjective , Noun;B1, B2;хамгийн сүүлийн үеийн
laugh;Verb Noun;A1;инээд
laughter;Noun;A2;инээд
launch;Verb Noun;B2;эхлэх
law;Noun;A2;хууль
lawyer;Noun;A2;хуульч
lay;Verb;B1;Lay
layer;Noun;B1;давхарга
lazy;Adjective;A2;залхуу
lead;Verb , Noun;A2, B1;хар тугалга
leader;Noun;A2;удирдагч
leadership;Noun;B2;манлайлал
leading;Adjective;B1;тэргүүлэх
leaf;Noun;B1;хуудас
league;Noun;B2;лигийн
lean;Verb;B2;бөхийх
learn;Verb;A1;сурах
learning;Noun;A2;сургалтын
least;det./proNoun Adverb;A2;наад зах нь
leather;Noun;B1;савхин
leave;Verb , Noun;A1, B2;чөлөө
lecture;Noun Verb;A2;лекц
left;Adjective Adverb Verb;A1;зүүн
leg;Noun;A1;хөл
legal;Adjective;B1;хууль эрх зүйн
leisure;Noun;B1;чөлөөт
lemon;Noun;A2;Лимон
lend;Verb;A2;зээл
length;Noun;B1;урт нь
less;det./pro Noun Adverb;A2;бага
lesson;Noun;A1;хичээл
let;Verb;A1;зөвшөөрөх
letter;Noun;A1;захидал
level;Noun, Adjective , Verb;A2, B1, B2;түвшин
library;Noun;A1;номын сан
licence;Noun;B2;Тусгай зөвшөөрөл
lie;Verb;A1;худал
lie;Verb Noun;B2;худал
life;Noun;A1;амьдрал
lifestyle;Noun;A2;амьдралын хэв маяг
lift;Verb;Noun;өргөх
light (from the sun/a lamp);Noun Adverb , Verb;A1, A2;гэрэл (нарны / нь гэрэл)
light (not heavy);Adjective;A2;гэрэл (хүнд биш)
like (similar);prep.;A1;зэрэг (ижил)
like (find sb/sth pleasant);Verb , n;A1, B1;гэх мэт (олж SB / чагт товчин тааламжтай)
Noun;B1; ;нэр үг
likely;Adjective;A2;магадгүй
limit;Noun Verb;B1;хязгаар
limited;Adjective;B2;хязгаарлагдмал
line;Noun, Verb;A1, B2;шугам
link;Noun Verb;A2;холбоос
lion;Noun;A1;арслан
lip;Noun;B1;уруул
liquid;Noun Adjective;B1;шингэн
list;Noun Verb;A1;жагсаалт
listen;Verb;A1;сонсох
listener;Noun;A2;сонсогч
literature;Noun;B1;уран зохиол
little;Adjective det./proNoun, Adverb;A1, A2;бага зэрэг
live1;Verb;A1;live1
live2;Adjective Adverb;B1;live2
lively;Adjective;B2;амьд
living;Adjective Noun;B1;амьдрах
load;Noun Verb;B2;ачаалал
loan;Noun;B2;зээл
local;Adjective , Noun;A1, B1;орон нутгийн
locate;Verb;B1;олох
located;Adjective;B1;байрладаг
location;Noun;B1;байршил
lock;Verb Noun;A2;цоож
logical;Adjective;B2;логик
lonely;Adjective;B1;ганцаардаж
long;Adjective Adverb;A1;урт
long-term;Adjective Adverb;B2;урт хугацааны
look;Verb , Noun;A1, A2;харагдах
loose;Adjective;B2;тайлснаар
lord;Noun;B2;эзэн
lorry;Noun;A2;тэрэгний
lose;Verb;A1;алдах
loss;Noun;B1;алдагдал
lost;Adjective;A2;алдсан
lot;proNoun det. Adverb;A1;маш их
loud;Adjective Adverb;A2;чанга
loudly;Adverb;A2;чангаар
love;Noun Verb;A1;хайр
lovely;Adjective;A2;сайхан
low;Adjective Adverb , n;A2, B2;бага
lower;Verb;B2;бага
luck;Noun;A2;Амжилт хүсье
lucky;Adjective;A2;азтай
lunch;Noun;A1;үдийн хоол
lung;Noun;B2;уушигны
luxury;Noun;B1;тансаг
machine;Noun;A1;машин
mad;Adjective;B1;галзуу
magazine;Noun;A1;сэтгүүл
magic;Noun Adjective;B1;шидэт
mail;Noun Verb;A2;мэйл
main;Adjective;A1;үндсэн
mainly;Adverb;B1;голдуу
maintain;Verb;B2;хадгалах
major;Adjective;A2;үндсэн
majority;Noun;B2;ихэнх нь
make;Verb , Noun;A1, B2;Ид шид,
male;Adjective Noun;A2;эр
mall;Noun;B1;Супермаркетын
man;Noun;A1;хүн
manage;Verb;A2;удирдах
management;Noun;B1;удирдлага
manager;Noun;A2;менежер
manner;Noun;A2;арга
many;det./proNoun;A1;олон
map;Noun, Verb;A1, B2;газрын зураг
March;Noun;A1;Гуравдугаар сар
mark;Verb Noun;A2;тэмдэг
market;Noun, Verb;A1, B1;зах зээлийн
marketing;Noun;B1;маркетинг
marriage;Noun;B1;гэр бүл
married;Adjective;A1;гэрлэсэн
marry;Verb;A2;гэрлэх
mass;Noun Adjective;B2;олон нийтийн
massive;Adjective;B2;их хэмжээний
master;Noun Verb;B2;мастер
match (contest/correspond);Noun Verb;A1;Тоглолт (уралдаан / тохирно)
matching;Adjective;B2;тохирсон
material;Noun, Adjective;A2, B2;материал
mathematics;Noun;A2;математик
maths;Noun;A2;Математик
matter;Noun Verb;A2;асуудал
maximum;Adjective Noun;B2;хамгийн их
May;Noun;A1;May
may modal;Verb;A2;терлийн болно
maybe;Adverb;A1;магадгүй
me;proNoun;A1;би
meal;Noun;A1;хоол
mean;Verb;A1;дундаж
meaning;Noun;A1;утга
means;Noun;B2;арга хэрэгсэл
meanwhile;Adverb;B1;Үүний зэрэгцээ
measure;Verb Noun;B1;хэмжих
measurement;Noun;B2;хэмжих
meat;Noun;A1;мах
media;Noun;A2;хэвлэл мэдээллийн хэрэгсэл
medical;Adjective;A2;эрүүл мэндийн
medicine;Noun;A2;эм
medium;Adjective , Noun;B1, B2;дунд
meet;Verb;A1;хангасан
meeting;Noun;A1;уулзалт
melt;Verb;B2;хайлмал
member;Noun;A1;гишүүн
memory;Noun;A2;санах ойн
mental;Adjective;B1;сэтгэцийн
mention;Verb , Noun;A2, B1;дурдсан
menu;Noun;A1;цэс
mess;Noun Verb;B1;зовлонтой
message;Noun;A1;Захиа
metal;Noun;A2;металл
method;Noun;A2;арга
metre;Noun;A1;метр
middle;Noun Adjective;A2;дунд
midnight;Noun;A1;шөнө дунд
might modal;Verb;A2;терлийн болох
mild;Adjective;B1;бага зэргийн
mile;Noun;A1;милийн
military;Adjective Noun;B2;цэргийн
milk;Noun;A1;сүү
million number; ;A1;сая дугаар
mind;Noun Verb;A2;оюун ухаан
mine (belongs to me);proNoun;A2;Уурхайн (надад хамаатай)
mine (hole in the ground);Noun;B1;Уурхайн (газарт нүх)
mineral;Noun;B2;ашигт малтмалын
minimum;Adjective Noun;B2;хамгийн бага
minister;Noun;B2;сайд
minor;Adjective;B2;бага
minority;Noun;B2;цөөнх
minute;Noun;A1;минут
mirror;Noun;A2;толин тусгал
miss;Verb;A1;өнгөрөөх
missing;Adjective;A2;сураггүй алга болсон
mission;Noun;B2;үүрэг
mistake;Noun, Verb;A1, B2;алдаа
mix;Verb Noun;B1;холимог
mixed;Adjective;B2;холимог
mixture;Noun;B1;холимог
mobile;Adjective Noun;A2;гар утас
model;Noun, Verb;A1, B2;загвар
modern;Adjective;A1;орчин үеийн
modify;Verb;B2;Modify
moment;Noun;A1;мөч
Monday;Noun;A1;Даваа гариг
money;Noun;A1;мөнгө
monitor;Noun Verb;B2;хяналт тавих
monkey;Noun;A2;сармагчин
month;Noun;A1;сарын
mood;Noun;B1;сэтгэлийн байдал
moon;Noun;A2;сар
moral;Adjective Noun;B2;ёс суртахууны
more;det./proNoun Adverb;A1;дэлгэрэнгүй
morning;Noun;A1;өглөө
most;det./proNoun Adverb;A1;хамгийн
mostly;Adverb;A2;нь ихэвчлэн
mother;Noun;A1;ээж
motor;Noun Adjective;B2;моторт
motorcycle;Noun;A2;мотоцикл
mount;Verb;B2;холбох
mountain;Noun;A1;уулын
mouse;Noun;A1;хулгана
mouth;Noun;A1;агшин
move;Verb , Noun;A1, B1;алхам
movement;Noun;A2;хөдөлгөөн
movie;Noun;A1;кино
much;det./proNoun Adverb;A1;их
mud;Noun;B1;шавар
multiple;Adjective;B2;олон
multiply;Verb;B2;үржүүлэн
mum;Noun;A1;ээж
murder;NounVerb;B1;хүн амины
muscle;Noun;B1;булчингийн
museum;Noun;A1;музей
music;Noun;A1;дуу хөгжим
musical;Adjective , Noun;A2, B1;хөгжмийн
musician;Noun;A2;хөгжимчин
must modal;Verb;A1;терлийн байх ёстой
my;det.;A1;Миний
myself;proNoun;A2;өөрөө
mysterious;Adjective;B2;нууцлаг
mystery;Noun;B1;нууц
nail;Noun;B1;хумсны
name;Noun Verb;A1;нэр
narrative;Noun Adjective;B1;дэлгэрэнгүй
narrow;Adjective , Verb;A2, B2;нарийн
nation;Noun;B1;улс
national;Adjective , Noun;A2, B2;үндэсний
native;Adjective Noun;B1;эх
natural;Adjective;A1;байгалийн
naturally;Adverb;B1;байгалийн
nature;Noun;A2;мөн чанар
near;prep. Adjective Adverb;A1;ойролцоо
nearly;Adverb;A2;бараг
neat;Adjective;B2;цэвэр
necessarily;Adverb;B1;заавал
necessary;Adjective;A2;шаардлагатай
neck;Noun;A2;хүзүү
need;Verb , Noun, modal Verb;A1, A2, B1;шаардлага
needle;Noun;B1;зүү
negative;Adjective , Noun;A1, B2;сөрөг
neighbour;Noun;A1;хөрш
neighbourhood;Noun;B1;хөрш
neither;det./proNoun, Adverb;A2, B1;аль нь ч
nerve;Noun;B2;мэдрэлийн
nervous;Adjective;A2;мэдрэлийн
net;Noun;B1;цэвэр
network;Noun;A2;сүлжээ
never;Adverb;A1;хэзээ ч
nevertheless;Adverb;B2;гэсэн хэдий ч
new;Adjective;A1;шинэ
news;Noun;A1;мэдээ
newspaper;Noun;A1;сонин
next;Adjective Adverb , Noun;A1, B1;дараачийн
next to;prep.;A1;хажуугийн
nice;Adjective;A1;сайхан
night;Noun;A1;шөнийн
nightmare;Noun;B2;хар дарсан зүүд
nine;number;A1;есөн
nineteen;number;A1;арван есөн
ninety;number;A1;ерэн
no;exclam. det.;A1;ямар ч
no one;proNoun;A1;нэг ч хүн
nobody;proNoun;A1;хэн ч
noise;Noun;A2;дуу чимээ
noisy;Adjective;A2;дуу чимээтэй
none;pro Noun;A2;ямар ч
nor;conj./Adverb;B1;ч биш
normal;Adjective , Noun;A2, B1;хэвийн
normally;Adverb;A2;нь ихэвчлэн
north;Noun Adjective Adverb;A1;хойд
northern;Adjective;B1;хойд
nose;Noun;A1;хамар
not;Adverb;A1;үгүй биш
note;Noun Verb;A1, B1;тэмдэглэл
nothing;proNoun;A1;юу ч биш
notice;Verb Noun;A2;мэдээлэл
notion;Noun;B2;ойлголт
novel;Noun;A2;уран зохиол
November;Noun;A1;Арваннэгдүгээр
now;Adverb , conj.;A1, B1;одоо
nowhere;Adverb;A2;хаана
nuclear;Adjective;B1;цөмийн
number;Noun, Verb;A1, A2;тоо
numerous;Adjective;B2;олон тооны
nurse;Noun;A1;сувилагч
nut;Noun;A2;самар
obey;Verb;B2;Obey
object;Noun Verb;A1, B2;обьект
objective;Noun Adjective;B2;зорилго
obligation;Noun;B2;үүрэг
observation;Noun;B2;ажиглалт
observe;Verb;B2;ажиглах
obtain;Verb;B2;олж авах
obvious;Adjective;B1;илэрхий
obviously;Adverb;B1;мэдээж хэрэг
occasion;Noun;B1;үйл явдал
occasionally;Adverb;B2;хааяа
occur;Verb;B1;гарч
ocean;Noun;A2;далайн
o’clock;Adverb;A1;цаг
October;Noun;A1;Аравдугаар сар
odd;Adjective;B1;сондгой
of;prep.;A1;нь
off;Adverb prep.;A1;унтраах
offence;Noun;B2;гэмт хэрэг
offend;Verb;B2;гомдоохгүй
offensive;Adjective;B2;доромжилсон
offer;Verb Noun;A2;санал болгох
office;Noun;A1;оффис
officer;Noun;A2;ажилтан
official;Adjective , Noun;B1, B2;албан ёсны
often;Adverb;A1;нь ихэвчлэн
oh;exclam.;A1;өө
oil;Noun;A2;газрын тос
OK;exclam. Adjective /Adverb;A1;БОЛЖ БАЙНА УУ
old;Adjective;A1;хуучин
old-fashioned;Adjective;B1;Хуучны
on;prep. Adverb;A1;дээр
once;Adverb , conj.;A1, B1;нэг удаа
one;number-det. proNoun;A1;нэг
onion;Noun;A1;сонгино
online;Adjective Adverb;A1;онлайн
only;Adjective Adverb;A1;зөвхөн
onto;prep.;A2;дээр
open;Adjective Verb;A1;нээлттэй
opening;Noun;B2;нээх
operate;Verb;B2;үйл ажиллагаа явуулах
operation;Noun;B1;үйл ажиллагаа
opinion;Noun;A1;санал
opponent;Noun;B2;өрсөлдөгч
opportunity;Noun;A2;боломж
oppose;Verb;B2;эсэргүүцэж
opposed;Adjective;B2;эсэргүүцэж
opposite;Adjective Adverb prep. Noun;A1;эсрэг
opposition;Noun;B2;сөрөг
option;Noun;A2;сонголт
or;conj.;A1;эсвэл
orange;Noun Adjective;A1;жүрж
order;Noun Verb;A1;зэрэг
ordinary;Adjective;A2;энгийн
organ;Noun;B2;байгууллага
organization;Noun;A2;байгууллага
organize;Verb;A2;зохион байгуулах
organized;Adjective;B1;зохион байгуулсан
organizer;Noun;B1;зохион байгуулагч
origin;Noun;B2;гарал үүсэл
original;Adjective , Noun;A2, B1;эх
originally;Adverb;B1;анх
other;Adjective /proNoun;A1;бусад
otherwise;Adverb;B2;өөрөөр
ought;modal Verb;B1;ёстой
our;det.;A1;Бидний
ours;proNoun;B1;биднийх
ourselves;proNoun;A2;өөрсдөө
out;Adverb /prep.;A1;гарч
outcome;Noun;B2;үр дүн
outdoor;Adjective;B1;гадна
outdoors;Adverb;B1;гадаа
outer;Adjective;B2;гадаад
outline;Noun Verb;B2;тойм
outside;Adverb , prep. nouNoun Adjective;A1, A2;гадна
oven;Noun;A2;зууханд
over;prep. Adverb;A1;дээр
overall;Adjective Adverb;B2;Ерөнхий
owe;Verb;B2;өртэй
own;Adjective /proNoun, Verb;A1, A2;өөрийн
owner;Noun;A2;эзэн
pace;Noun, Verb;B2;хурдац
pack;Verb , Noun;A2, B1;багц
package;Noun, Verb;B1, B2;багц
page;Noun;A1;хуудас
pain;Noun;A2;өвдөлт
painful;Adjective;B1;хүнд хэцүү
paint;Verb Noun;A1;будаг
painter;Noun;A2;зураач
painting;Noun;A1;зураг
pair;Noun;A1;хос
palace;Noun;A2;ордон
pale;Adjective;B1;цайвар
pan;Noun;B1;тогоо
panel;Noun;B2;самбар
pants;Noun;A2;өмд
paper;Noun;A1;цаасан
paragraph;Noun;A1;хэсэг
parent;Noun;A1;эцэг, эх,
park;Noun Verb;A1;парк
parking;Noun;A2;зогсоол
parliament;Noun;B2;УИХ-ын
part;Noun;A1;хэсэг
participant;Noun;B2;оролцогч
participate;Verb;B1;оролцох
particular;Adjective;A2;ялангуяа
particularly;Adverb;B1;ялангуяа
partly;Adverb;B2;зарим талаар
partner;Noun;A1;түнш
party;Noun;A1;тал
pass;Verb , Noun;A2, B1;нэвтрүүлэх
passage;Noun;B2;аялал
passenger;Noun;A2;зорчигч
passion;Noun;B1;хүсэл
passport;Noun;A1;гадаад паспорт
past;Adjective Noun prep., Adverb;A1, A2;өнгөрсөн
path;Noun;B1;зам
patient;Noun, Adjective;A2, B2;өвчтөн
pattern;Noun;A2;хэв маяг
pay;Verb , Noun;A1, A2;цалин
payment;Noun;B1;төлбөрийн
peace;Noun;A2;амар амгалан
peaceful;Adjective;B1;тайван замаар
pen;Noun;A1;үзэг
pencil;Noun;A1;харандаа
penny;Noun;A2;Penny
pension;Noun;B2;тэтгэврийн
people;Noun;A1;хүн
pepper;Noun;A1;чинжүү
per;prep.;A2;нэг
per cent;Noun Adjective /Adverb;A2;хувь
percentage;Noun;B1;хувь
perfect;Adjective;A1;төгс
perfectly;Adverb;B1;төгс
perform;Verb;A2;хийх
performance;Noun;B1;гүйцэтгэл
perhaps;Adverb;A2;магадгүй
period;Noun;A1;хугацаа
permanent;Adjective;B2;байнгын
permission;Noun;A2;зөвшөөрөл
permit;Verb Noun;B2;зөвшөөрөл
person;Noun;A1;хүн
personal;Adjective;A1;хувийн
personality;Noun;A2;хувийн
personally;Adverb;B1;биечлэн
perspective;Noun;B2;хэтийн төлөв
persuade;Verb;B1;ятгах
pet;Noun;A2;гэрийн тэжээмэл
petrol;Noun;A2;шатахуун
phase;Noun;B2;үе шат
phenomenon;Noun;B2;үзэгдэл
philosophy;Noun;B2;философи
phone;Noun Verb;A1;гар утас
photo;Noun;A1;зураг
photograph;Noun, Verb;A1, A2;гэрэл зураг
photographer;Noun;B1;гэрэл зурагчин
photography;Noun;B1;Фото зураг
phrase;Noun;A1;өгүүлбэр
physical;Adjective;A2;бие махбодын
physics;Noun;A2;физикийн
piano;Noun;A1;төгөлдөр хуур
pick;Verb , Noun;A2, B2;авах
picture;Noun, Verb;A1, B2;зураг
piece;Noun;A1;хэсэг
pig;Noun;A1;гахайн
pile;Noun Verb;B2;овоо
pilot;Noun;A2;туршилтын
pin;Noun Verb;B1;зүү
pink;Adjective Noun;A1;ягаан
pipe;Noun;B1;хоолой
pitch;Noun;B2;давирхай
place;Noun Verb;A1, B1;газар
plain;Adjective;B2;энгийн
plan;Noun Verb;A1;төлөвлөгөө
plane;Noun;A1;онгоц
planet;Noun;A2;гариг
planning;Noun;B1;төлөвлөлт
plant;Noun Verb;A1, A2;ургамал
plastic;Noun Adjective;A2;хуванцар
plate;Noun;A2;хавтан
platform;Noun;A2;тавцан
play;Verb Noun;A1;тоглох
player;Noun;A1;тоглогч
pleasant;Adjective;B1;сайхан
please;exclam., Verb;A1, A2;үү
pleased;Adjective;A2;баяртай
pleasure;Noun;B1;цэнгэл
plenty;proNoun;B1;маш олон
plot;Noun, Verb;B1, B2;талбай
plus;prep., Adjective conj., Noun;B1, B2;нэмэх
pocket;Noun;A2;халаасны
poem;Noun;B1;шүлэг
poet;Noun;B1;яруу найрагч
poetry;Noun;B1;яруу найраг
point;Noun, Verb;A1, B1;цэг
pointed;Adjective;B2;үзүүртэй
poison;Noun Verb;B1;хор
poisonous;Adjective;B1;хортой
police;Noun;A1;цагдаа
policeman;Noun;A1;цагдаа
policy;Noun;B1;бодлого
polite;Adjective;A2;эелдэг
political;Adjective;B1;улс төр
politician;Noun;B1;улс төрч
politics;Noun;B1;улс төр
pollution;Noun;A2;бохирдол
pool;Noun;A1;сан
poor;Adjective;A1;ядуу
pop;Noun Adjective;A2;поп
popular;Adjective;A1;алдартай
popularity;Noun;B2;тархсанаар нь
population;Noun;A2;хүн ам
port;Noun;B1;порт
portrait;Noun;B1;хөрөг
pose;Verb;B2;төрх
position;Noun, Verb;A2, B2;байрлал
positive;Adjective , Noun;A1, B2;эерэг
possess;Verb;B2;байх
possession;Noun;A2;эзэмших
possibility;Noun;A2;боломж
possible;Adjective;A1;боломжтой
possibly;Adverb;B1;магадгүй
post;Noun Verb;A1;дараах
poster;Noun;A2;зурагт хуудас
pot;Noun;B1;шавар
potato;Noun;A1;төмс
potential;Adjective Noun;B2;боломжит
pound;Noun;A1;фунт
pour;Verb;B1;асгах
poverty;Noun;B1;ядуурал
powder;Noun;B1;нунтаг
power;Noun, Verb;A2, B2;эрчим хүч
powerful;Adjective;B1;хүчтэй
practical;Adjective;B1;практик
practice;Noun;A1;практик
practise;Verb;A1;практик
praise;Noun Verb;B2;магтаал
pray;Verb;B1;залбирч
prayer;Noun;B1;залбирал
predict;Verb;A2;урьдчилан таамаглах
prediction;Noun;B1;таамаглал
prefer;Verb;A1;илүүд үздэг
pregnant;Adjective;B2;жирэмсэн
preparation;Noun;B2;бэлтгэл ажил
prepare;Verb;A1;бэлтгэх
prepared;Adjective;B1;бэлэн
presence;Noun;B2;байгаа эсэх
present;Adjective Noun, Verb;A1, A2;одоогийн
presentation;Noun;B1;танилцуулга
preserve;Verb;B2;хадгалах
president;Noun;A2;ерөнхийлөгч
press;Verb Noun;B1;хэвлэл мэдээллийн
pressure;Noun;B1;даралт
pretend;Verb;B1;дүр эсгэх
pretty;Adjective Adverb;A1;хөөрхөн
prevent;Verb;A2;урьдчилан сэргийлэх
previous;Adjective;B1;өмнөх
previously;Adverb;B1;өмнө нь
price;Noun, Verb;A1, B2;Үнэ
priest;Noun;B1;тахилч
primary;Adjective;B1;үндсэн
prime;Adjective;B2;Ерөнхий
prince;Noun;B1;ханхүү
princess;Noun;B1;гүнж
principle;Noun;B2;зарчим
print;Verb , Noun;A2, B2;хэвлэх
printer;Noun;A2;хэвлэгч
printing;Noun;B1;хэвлэх
priority;Noun;B2;тэргүүлэх ач холбогдол
prison;Noun;A2;хорих
prisoner;Noun;B1;хоригдол
privacy;Noun;B2;нууцлал
private;Adjective;B1;хувийн
prize;Noun;A2;шагнал
probably;Adverb;A1;магадгүй
problem;Noun;A1;асуудал
procedure;Noun;B2;журам
process;Noun, Verb;A2, B2;үйл явц
produce;Verb , Verb;A2, B2;үйлдвэрлэж
producer;Noun;B1;үйлдвэрлэгч
product;Noun;A1;бүтээгдэхүүн
production;Noun;B1;үйлдвэрлэл
profession;Noun;B1;мэргэжил
professional;Adjective , Noun;A2, B2;мэргэжлийн
professor;Noun;A2;профессор
profile;Noun;A2;Хувийн мэдээллийг vзэх
profit;Noun;B1;ашгийн
program;Noun, Verb;A2, B1;хөтөлбөр
programme;Noun;A1;хөтөлбөр
progress;Noun, Verb;A2, B2;ахиц дэвшил
project;Noun, Verb;A1, B2;төсөл
promise;Verb Noun;A2;амлалт
promote;Verb;B1;дэмжих
pronounce;Verb;A2;хэлэх
proof;Noun;B2;баталгаа
proper;Adjective;B1;зөв
properly;Adverb;B1;зөв
property;Noun;B1;үл хөдлөх хөрөнгийн
proposal;Noun;B2;санал
propose;Verb;B2;санал
prospect;Noun;B2;орд
protect;Verb;A2;хамгаалах
protection;Noun;B2;хамгаалах
protest;Noun Verb;B1;эсэргүүцэл
proud;Adjective;B1;бахархдаг
prove;Verb;B1;нотлох
provide;Verb;A2;өгөх
psychologist;Noun;B2;сэтгэл судлаач
psychology;Noun;B2;сэтгэл зүйн
pub;Noun;A2;паб
public;Adjective Noun;A2;олон нийтийн
publication;Noun;B2;Хэвлэгдсэн
publish;Verb;A2;хэвлэн нийтлэх
pull;Verb , Noun;A2, B1;Татах
punish;Verb;B1;шийтгэх
punishment;Noun;B1;шийтгэл
pupil;Noun;B2;АНУ-ын сурагч
purchase;Noun Verb;B2;худалдан авах
pure;Adjective;B2;цэвэр
purple;Adjective Noun;A1;Нил ягаан өнгийн
purpose;Noun;A2;зорилго
pursue;Verb;B2;хэрэгжүүлэх
push;Verb , Noun;A2, B1;түлхэх
put;Verb;A1;тавих
qualification;Noun;B1;мэргэшлийн
qualified;Adjective;B1;мэргэшсэн
qualify;Verb;B1;тэнцэхээр
quality;Noun;A2;чанар
quantity;Noun;A2;тоо хэмжээ
quarter;Noun;A1;улирал
queen;Noun;A2;хатан хаан
question;Noun, Verb;A1, A2;асуулт
queue;Noun Verb;B1;дараалал
quick;Adjective;A1;хурдан
quickly;Adverb;A1;түргэн
quiet;Adjective;A1;нам гүм
quietly;Adverb;A2;чимээгүйхэн
quit;Verb;B1;татахаа больсон
quite;Adverb;A1;бүр
quotation;Noun;B1;Үнийн
quote;Verb Noun;B1;иш татах
race (competition);NounVerb;A2;уралдаан (тэмцээн)
race (people);Noun;B1;уралдаан (хүн)
racing;Noun;B1;уралдааны
radio;Noun;A1;радио
railway;Noun;A2;төмөр замын
rain;Noun Verb;A1;бороо
raise;Verb;A2;өсгөх
range;Noun, Verb;B1, B2;хүрээ
rank;Noun Verb;B2;цол
rapid;Adjective;B2;хурдан
rapidly;Adverb;B2;хурдан
rare;Adjective;B1;ховор
rarely;Adverb;B1;ховор
rate;Noun, Verb;A2, B2;хувь хэмжээ
rather;Adverb;A2;харин
raw;Adjective;B2;түүхий эд
reach;Verb , Noun;A2, B2;цар хүрээ нь
react;Verb;A2;урвалд
reaction;Noun;B1;урвал
read;Verb;A1;уншсан
reader;Noun;A1;уншигч
reading;Noun;A1;унших
ready;Adjective;A1;бэлэн
real;Adjective;A1;бодит
realistic;Adjective;B2;бодит
reality;Noun;B1;бодит байдал дээр
realize;Verb;A2;ойлгох
really;Adverb;A1;үнэхээр
reason;Noun;A1;шалтгаан
reasonable;Adjective;B2;боломжийн
recall;Verb;B2;эргүүлэн татах
receipt;Noun;B1;хүлээн авах
receive;Verb;A2;хүлээн авах
recent;Adjective;A2;сүүлийн үеийн
recently;Adverb;A2;саяхан
reception;Noun;A2;хүлээн авах
recipe;Noun;A2;жор
recognize;Verb;A2;хүлээн зөвшөөрөх
recommend;Verb;A2;зөвлөж байна
recommendation;Noun;B1;зөвлөмж
record;Noun Verb;A2;бичлэг
recording;Noun;A2;бичлэг
recover;Verb;B2;сэргээх
recycle;Verb;A2;дахин
red;Adjective Noun;A1;улаан
reduce;Verb;A2;бууруулах
reduction;Noun;B2;бууруулах
refer;Verb;A2;илгээх
reference;Noun;B1;лавлах
reflect;Verb;B1;тусгах
refuse;Verb;A2;хог хаягдал
regard;Verb Noun;B2;харгалзан
region;Noun;A2;бүс нутаг
regional;Adjective;B2;бүс нутгийн
register;Verb Noun;B2;бүртгүүлэх
regret;Verb Noun;B2;харамсдаг
regular;Adjective;A2;тогтмол
regularly;Adverb;B1;тогтмол
regulation;Noun;B2;зохицуулалт
reject;Verb;B1;татгалзах
relate;Verb;B1;холбоотой
related;Adjective;B1;холбогдох
relation;Noun;B1;харилцаа
relationship;Noun;A2;харилцаа
relative;Adjective Noun;B1;харьцангуй
relatively;Adverb;B2;харьцангуй
relax;Verb;A1;амрах
relaxed;Adjective;B1;суларч
relaxing;Adjective;B1;амарч
release;Verb Noun;B1;хувилбар
relevant;Adjective;B2;холбогдох
reliable;Adjective;B1;найдвартай
relief;Noun;B2;тусламж
religion;Noun;B1;шашин шүтлэг
religious;Adjective;B1;шашны
rely;Verb;B2;найддаг
remain;Verb;B1;хэвээр байна
remark;Noun Verb;B2;тайлбар
remember;Verb;A1;санаж байна
remind;Verb;B1;сануулах
remote;Adjective;B1;алсын
remove;Verb;A2;шилжүүл
rent;Noun Verb;B1;түрээс
repair;Verb , Noun;A2, B1;засвар
repeat;Verb , Noun;A1, B1;давтан
repeated;Adjective;B1;давтан
replace;Verb;A2;солих
reply;Verb Noun;A2;хариу
report;Noun, Verb;A1, A2;тайлан
reporter;Noun;A2;сурвалжлагч
represent;Verb;B1;төлөөлөх
representative;Noun Adjective;B2;төлөөлөгч
reputation;Noun;B2;нэр хүнд
request;Noun, Verb;A2, B1;хүсэлт
require;Verb;B1;шаардлагатай
requirement;Noun;B2;шаардлага
rescue;Verb Noun;B2;аврах
research;Noun Verb;A2;судалгаа
researcher;Noun;A2;судлаач
reservation;Noun;B1;захиалга
reserve;Noun Verb;B2;нөөц
resident;NounAdjective;B2;оршин суугч
resist;Verb;B2;эсэргүүцэх
resolve;Verb;B2;шийдвэрлэх
resort;Noun;B2;амралтын газар
resource;Noun;B1;нөөц
respect;Noun Verb;B1;хүндэтгэх
respond;Verb;A2;хариулах
response;Noun;A2;хариу арга хэмжээ
responsibility;Noun;B1;үүрэг хариуцлага
responsible;Adjective;B1;хариуцлагатай
rest (remaining part);Noun;A2;амралтыг (үлдсэн хэсэг)
rest (sleep/relax);Noun Verb;A2;бусад (унтах / амрах)
restaurant;Noun;A1;зоогийн газар
result;Noun, Verb;A1, B1;үр дүнд
retain;Verb;B2;хадгалах
retire;Verb;B1;явах
retired;Adjective;B1;тэтгэвэрт гарсан
return;Verb Noun;A1;буцах
reveal;Verb;B2;илчлэх
review;Noun Verb;A2;тойм
revise;Verb;B1;шалгах
revolution;Noun;B2;хувьсгал
reward;Noun Verb;B2;шагналын
rhythm;Noun;B2;хэмнэл
rice;Noun;A1;цагаан будаа
rich;Adjective;A1;баян
rid;Verb;B2;арилгах
ride;Verb , Noun;A1, A2;явах
right;Adjective Adverb Noun;A1;эрх
ring;Noun;A2;бөгж
ring;Verb , Noun;A2, B1;бөгж
rise;Verb , Noun;A2, B1;өсөх
risk;Noun Verb;B1;эрсдэл
river;Noun;A1;голын
road;Noun;A1;авто замын
robot;Noun;B1;робот
rock (stone);Noun;A2;чулуулаг (чулуу)
rock (music);Noun;A2;рок хөгжим)
role;Noun;A2;үүрэг
roll;Verb Noun;B1;өнхрөх
romantic;Adjective;B1;романтик
roof;Noun;A2;дээвэр
room;Noun;A1;өрөө
root;Noun;B2;эх
rope;Noun;B1;олс
rough;Adjective;B1;барзгар
round;Adjective Adverb prep., Noun;A2, B2;дугуй
route;Noun;A2;зам
routine;Noun, Adjective;A1, B2;өдөр тутмын
row;Noun;B1;эгнээ
royal;Adjective;B1;хааны
rub;Verb;B2;цэвэрлэгч
rubber;Noun Adjective;B2;резинэн
rubbish;Noun;A2;хог
rude;Adjective;A2;бүдүүлэг
rugby;Noun;B1;регбигийн
rule;Noun, Verb;A1, B1;дүрэм
run;Verb , Noun;A1, A2;урсгал
runner;Noun;A2;гүйгч
running;Noun;A2;ажиллаж байгаа
rural;Adjective;B2;хөдөө орон нутгийн
rush;Verb Noun;B2;яарах
sad;Adjective;A1;гунигтай
sadly;Adverb;A2;харамсалтай нь
safe;Adjective;A2;аюулгүй
safety;Noun;B1;аюулгүй байдал
sail;Verb , Noun;A2, B1;онгоцны далбаа
sailing;Noun;A2;дарвуулт
sailor;Noun;B1;далайчин
salad;Noun;A1;салат
salary;Noun;A2;цалин
sale;Noun;A2;худалдах
salt;Noun;A1;давс
same;Adjective proNoun Adverb;A1;нэг
sample;Noun, Verb;B1, B2;дээж
sand;Noun;B1;элс
sandwich;Noun;A1;сэндвич
satellite;Noun;B2;хиймэл дагуулын
satisfied;Adjective;B2;сэтгэл хангалуун
satisfy;Verb;B2;хангах
Saturday;Noun;A1;Бямба
sauce;Noun;A2;амтлагч
save;Verb;A2;аваас
saving;Noun;B2;хадгаламж
say;Verb;A1;хэлэх
scale;Noun;B2;хэмжээний
scan;Verb;B1;скан
scared;Adjective;A2;айсан
scary;Adjective;A2;Аймшгийн
scene;Noun;A2;дүр зураг
schedule;Noun, Verb;A2, B2;хуваарь
scheme;Noun;B2;схем
school;Noun;A1;сургууль
science;Noun;A1;шинжлэх ухаан
scientific;Adjective;B1;шинжлэх ухааны
scientist;Noun;A1;эрдэмтэн
score;Verb Noun;A2;Оноо
scream;Verb Noun;B2;хашгирах дуу
screen;NounVerb;A2, B2;дэлгэц
script;Noun;B1;скрипт
sculpture;Noun;B1;уран баримал
sea;Noun;A1;далайн
search;Noun Verb;A2;хайх
season;Noun;A2;улирал нь
seat;Noun Verb;A2, B2;суудлын
second1 (next after the first);et./ number, Adverb;A1, A2;second1 (эхний дараа дараагийн)
second1 (unit of time);Noun;A1;second1 (цаг хугацааны нэгж)
secondary;Adjective;B1;дунд
secondly;Adverb;A2;хоёрдугаарт
secret;Adjective, Noun;A2;нууц
secretary;Noun;A2;нарийн бичгийн дарга
section;Noun;A1;Хэсэг
sector;Noun;B2;салбар
secure;Verb Adjective;B2;аюулгүй
security;Noun;B1;аюулгүй байдал
see;Verb;A1;харах
seed;Noun;B1;үр удам
seek;Verb;B2;хайх
seem;Verb;A2;юм шиг санагддаг
select;Verb;B2;сонгох
selection;Noun;B2;сонгон шалгаруулах
self;Noun;B2;өөрөө
sell;Verb;A1;худалдах
send;Verb;A1;илгээх
senior;Adjective;B2;ахлах
sense;Noun Verb;A2, B2;мэдрэмж
sensible;Adjective;B1;мэдрэмжтэй
sensitive;Adjective;B2;эмзэг
sentence;Noun Verb;A1, B2;өгүүлбэр
separate;Adjective, Verb;A2, B1;тус тусад нь
September;Noun;A1;Есдүгээр
sequence;Noun;B2;дараалал
series;Noun;A2;цуврал
serious;Adjective;A2;ноцтой
seriously;Adverb;B1;ноцтой
servant;Noun;B1;зарц
serve;Verb;A2;үйлчлэх
service;Noun;A2;үйлчилгээ
session;Noun;B2;сесс
set (put);Verb;B1;багц нь (тавих)
set (group);Noun;B1;багц нь (бүлэг)
setting;Noun;B1;тохиргоо
settle;Verb;B2;шийдвэрлэх
seven;number;A1;Долоо
seventeen;number;A1;арван долоон
seventy;number;A1;далан
several;det./proNoun;A2;хэд хэдэн
severe;Adjective;B2;хүнд
sex;Noun;B1;секс
sexual;Adjective;B1;бэлгийн
shade;Noun;B2;сүүдэр
shadow;Noun;B2;сүүдэр
shake;Verb Noun;A2, B1;сэгсэрнэ
shall;modal Verb;A2;болно
shallow;Adjective;B2;гүехэн
shame;Noun;B2;ичгүүр
shape;Noun Verb;A2, B2;хэлбэр
share;Verb Noun;A1, B1;эзлэх хувь
sharp;Adjective;B1;хурц
she;proNoun;A1;тэр
sheep;Noun;A1;хонь
sheet;Noun;A2;хуудас
shelf;Noun;B1;тавиур
shell;Noun;B1;бүрхүүл
shelter;Noun Verb;B2;байр
shift;Noun Verb;B1, B2;өөрчлөх
shine;Verb;B1;гэрэл
shiny;Adjective;B1;гялалзсан
ship;Noun Verb;A2, B2;хөлөг онгоц
shirt;Noun;A1;цамц
shock;Noun Verb;B2;шок
shocked;Adjective;B2;цочирдож
shoe;Noun;A1;гутлын
shoot;Verb;B1;цохилтоор
shooting;Noun;B2;буудлага
shop;Noun Verb;A1;дэлгүүр
shopping;Noun;A1;дэлгүүр хэсэх
short;Adjective;A1;богино
shot;Noun;B2;удаагийн
should;modal Verb;A1;авч үзэх ёстой
shoulder;Noun;A2;мор
shout;Verb Noun;A2;хашгирах
show;Verb Noun;A1;шоу
shower;Noun;A1;шүршүүр
shut;Verb Adjective;A2;хаагаад
shy;Adjective;B1;ичимхий
sick;Adjective;A1;өвчтэй
side;Noun;A2;тал
sight;Noun;B1;нүдний хараа
sign;Noun Verb;A2;гарын үсэг зурах
signal;Noun Verb;B1;дохио
significant;Adjective;B2;чухал ач холбогдолтой
significantly;Adverb;B2;их хэмжээгээр
silence;Noun;B2;нам гүм
silent;Adjective;B1;чимээгүй
silk;Noun;B2;торго
silly;Adjective;B1;тэнэг
silver;Noun Adjective;A2;мөнгөн
similar;Adjective;A1;ижил төстэй
similarity;Noun;B1;ижил төстэй
similarly;Adverb;B1;Үүнтэй нэгэн адил
simple;Adjective;A2;энгийн
simply;Adverb;B1;зүгээр л
since;prep. conj., Adverb;A2, B1;оноос хойш
sincere;Adjective;B2;чин сэтгэлээсээ
sing;Verb;A1;дуу дуулж
singer;Noun;A1;дуучин
singing;Noun;A2;дуулах
single;Adjective Noun;A2;нэг
sink;Verb;B1;угаалтуур
sir;Noun;A2;эрхэм ээ
sister;Noun;A1;эгч
sit;Verb;A1;Суухын
site;Noun;A2;сайт
situation;Noun;A1;нөхцөл байдал
six;number;A1;зургаан
sixteen;number;A1;арван зургаа
sixty;number;A1;жаран
size;Noun;A2;хэмжээ
ski;Verb Noun;A2;цанын
skiing;Noun;A2;цана
skill;Noun;A1;ур чадвар
skin;Noun;A2;арьс
skirt;Noun;A1;юбка
sky;Noun;A2;тэнгэр
slave;Noun;B2;боол
sleep;Verb , Noun;A1, A2;унтах
slice;Noun Verb;B1;зүсмэл
slide;Verb Noun;B2;слайд
slight;Adjective;B2;бага зэрэг
slightly;Adverb;B1;бага зэрэг
slip;Verb;B2;хуудас
slope;Noun Verb;B2;налуу
slow;Adjective , Verb;A1, B1;удаан
slowly;Adverb;A2;удаан
small;Adjective;A1;жижиг
smart;Adjective;B1;ухаалаг
smartphone;Noun;A2;ухаалаг гар утас
smell;Verb Noun;A2;үнэр
smile;Verb Noun;A2;инээмсэглэл
smoke;Noun Verb;A2;утаа
smoking;Noun;A2;тамхи татах
smooth;Adjective;B1;гөлгөр
snake;Noun;A1;могой
snow;Noun Verb;A1;цас
so;Adverb conj.;A1;тэгээд
soap;Noun;A2;саван
soccer;Noun;A2;хөл бөмбөгийн
social;Adjective;A2;нийгмийн
society;Noun;A2;нийгэм
sock;Noun;A2;оймс
soft;Adjective;A2;зөөлөн
software;Noun;B1;програм хангамж
soil;Noun;B1;хөрсний
solar;Adjective;B2;нарны
soldier;Noun;A2;цэрэг
solid;Adjective Noun;B1;хатуу
solution;Noun;A2;шийдэл
solve;Verb;A2;шийдвэрлэх
some;det. proNoun;A1;зарим
somebody;proNoun;A1;хэн нэгэн
someone;proNoun;A1;хэн нэгэн
something;proNoun;A1;ямар нэг зүйл
sometimes;Adverb;A1;заримдаа
somewhat;Adverb;B2;бага зэрэг
somewhere;Adverb proNoun;A2;хаа нэг газар
son;Noun;A1;хүү
song;Noun;A1;дуу
soon;Adverb;A1;удахгүй
sorry;Adjective exclam.;A1;уучлаарай
sort;Noun, Verb;A2, B1;төрөл
soul;Noun;B2;сүнс
sound;Noun Verb;A1;дуу
soup;Noun;A1;шөл
source;Noun;A2;эх үүсвэр
south;Noun Adjective Adverb;A1;Өмнөд
southern;Adjective;B1;өмнөд
space;Noun;A1;орон зай
speak;Verb;A1;ярих
speaker;Noun;A2;чанга яригч
special;Adjective;A1;Онцгой
specialist;Noun Adjective;B2;мэргэжилтэн
species;Noun;B2;зүйл
specific;Adjective;A2;тодорхой
specifically;Adverb;B1;тусгайлан
speech;Noun;A2;яриа
speed;Noun, Verb;A2, B2;хурд
spell;Verb;A1;ид шид
spelling;Noun;A1;зөв бичгийн
spend;Verb;A1;зарцуулах
spending;Noun;B1;зарцуулалт
spicy;Adjective;B1;халуун ногоотой
spider;Noun;A2;аалз
spirit;Noun;B1;сүнс
spiritual;Adjective;B2;сүнслэг
split;Verb Noun;B2;салгах
spoken;Adjective;B1;ярилаа
sponsor;Verb Noun;B2;ивээн тэтгэгч
spoon;Noun;A2;халбага
sport;Noun;A1;спорт
spot;Noun, Verb;B1, B2;спот
spread;Verb , Noun;B1, B2;тархалт
spring;Noun, Verb;A1, B1;хавар
square;Adjective Noun;A2;хавтгай дөрвөлжин
stable;Adjective;B2;тогтвортой
stadium;Noun;B1;цэнгэлдэх хүрээлэн
staff;Noun;B1;ажилтан
stage;Noun, Verb;A2, B2;үе
stair;Noun;A2;шат
stamp;Noun;A2;тамга
stand;Verb , Noun;A1, B2;зогсож
standard;Noun Adjective;B1;Стандарт
star;Noun, Verb;A1, A2;од
stare;Verb;B2;Гайхан харах
start;Verb , Noun;A1, A2;эхлэл
state;Noun, Adjective , v;A2, B1;төрийн
statement;Noun;A1;мэдээ
station;Noun;A1;газар
statistic;Noun;B1;статистик
statue;Noun;B1;хөшөө
status;Noun;B2;байдал
stay;Verb , Noun;A1, A2;оршин суух
steady;Adjective;B2;тогтвортой
steal;Verb;A2;хулгайлж
steel;Noun;B2;ган
steep;Adjective;B2;эгц
step;Noun, Verb;A2, B2;алхам
stick (push into/attach);Verb;B1;мод (түлхэх руу / хавсаргах)
stick (piece of wood);Noun;B1;мод (мод хэсэг)
sticky;Adjective;B2;наалттай
stiff;Adjective;B2;хатуу
still;Adverb , Adjective;A1, B1;одоо ч гэсэн
stock;Noun;B2;хувьцаа
stomach;Noun;A2;ходоод
stone;Noun;A2;чулуу
stop;Verb Noun;A1;Зогс
store;Noun, Verb;A2, B1;дэлгүүр
storm;Noun;A2;шуурга
story;Noun;A1;түүх
straight;Adverb Adjective;A2;Чигээрээ
strange;Adjective;A2;хачин
stranger;Noun;B1;харийн хүн
strategy;Noun;A2;стратеги
stream;Noun;B2;урсгал
street;Noun;A1;гудамжны
strength;Noun;B1;хүч чадал
stress;Noun Verb;A2;стресс
stretch;Verb Noun;B2;сунгах
strict;Adjective;B2;чанд
strike;Verb Noun;B2;ажил хаялт
string;Noun;B1;мөр
strong;Adjective;A1;хүчтэй
strongly;Adverb;B1;хүчтэй
structure;Noun, Verb;A2, B2;бүтэц
struggle;Verb Noun;B2;тэмцэл
student;Noun;A1;оюутан
studio;Noun;B1;студи
study;Noun Verb;A1;судалгаа
stuff;Noun, Verb;B1, B2;зүйлс
stupid;Adjective;A2;тэнэг
style;Noun;A1;хэв маяг
subject;Noun, Adjective;A1, B2;хичээл
submit;Verb;B2;өгөх
substance;Noun;B1;бодис
succeed;Verb;A2;амжилт
success;Noun;A1;амжилт
successful;Adjective;A2;амжилттай
successfully;Adverb;B1;амжилттай
such;det./proNoun;A2;ийм
sudden;Adjective;B1;гэнэт
suddenly;Adverb;A2;гэнэт
suffer;Verb;B1;зовлон
sugar;Noun;A1;элсэн чихэр
suggest;Verb;A2;санал болгож байна
suggestion;Noun;A2;санал
suit;Noun, Verb;A2, B1;костюм
suitable;Adjective;B1;тохиромжтой
sum;Noun Verb;B2;сум
summarize;Verb;B1;дүгнэх
summary;Noun;B1;хураангуй
summer;Noun;A1;зуны
sun;Noun;A1;нар
Sunday;Noun;A1;Ням гараг
supermarket;Noun;A1;супермаркет
supply;Noun Verb;B1;хангамж
support;Verb Noun;A2;тусламж
supporter;Noun;B1;дэмжигч
suppose;Verb;A2;бодох
sure;Adjective , Adverb;A1, A2;итгэлтэй
surely;Adverb;B1;гарцаагүй
surface;Noun;B1;нүүр
surgery;Noun;B2;мэс засал
surprise;Noun Verb;A2;гэнэтийн
surprised;Adjective;A2;гайхсан
surprising;Adjective;A2;гайхмаар
surround;Verb;B2;хүрээлэх
surrounding;Adjective;B2;эргэн тойронд
survey;Noun, Verb;A2, B2;судалгаа
survive;Verb;B1;амьдрах
suspect;Verb Noun;B2;сэжигтэн
swear;Verb;B2;тангараглая
sweater;Noun;A1;цамц
sweep;Verb;B2;урсгал
sweet;Adjective Noun;A2;сайхан
swim;Verb , Noun;A1, B1;усанд сэлж
swimming;Noun;A1;усан
switch;Verb , Noun;B1, B2;өөрчлөх
symbol;Noun;A2;бэлэг тэмдэг
sympathy;Noun;B2;хайр энэрэлийг
symptom;Noun;B1;шинж тэмдэг
system;Noun;A2;систем
table;Noun;A1;хүснэгт
tablet;Noun;A2;таблет
tail;Noun;B1;сүүл
take;Verb;A1;авах
tale;Noun;B2;үлгэрийн
talent;Noun;B1;авъяас
talented;Adjective;B1;авъяастай
talk;Verb , Noun;A1, A2;яриа
tall;Adjective;A1;өндөр
tank;Noun;B2;сав
tape;Noun;B1;соронзон хальсны
target;Noun, Verb;A2, B2;зорилтот
task;Noun;A2;ажил
taste;Noun Verb;A2;амт
tax;Noun Verb;B1;татварын
taxi;Noun;A1;таксины
tea;Noun;A1;цай
teach;Verb;A1;заах
teacher;Noun;A1;багш нар
teaching;Noun;A2;заах
team;Noun;A1;баг
tear1;Verb Noun;B2;tear1
tear2;Noun;B2;tear2
technical;Adjective;B1;техникийн
technique;Noun;B1;техник
technology;Noun;A2;технологи
teenage;Adjective;A2;өсвөр насны
teenager;Noun;A1;өсвөр насны хүүхэд
telephone;Noun Verb;A1;телефон утас
television;Noun;A1;телевизийн
tell;Verb;A1;хэлэх
temperature;Noun;A2;температур
temporary;Adjective;B2;түр зуурын
ten;number;A1;арван
tend;Verb;B1;хандлагатай байдаг
tennis;Noun;A1;теннисчин
tent;Noun;B1;майхан барих
term;Noun, Verb;A2, B2;цаг
terrible;Adjective;A1;аймшигтай
test;Noun Verb;A1;туршилтын
text;Noun, Verb;A1, A2;текст
than;conj.;A1;илүү
thank;Verb;A1;баярлалаа
thanks;exclam. Noun;A1;баярлалаа
that;det. proNoun conj., Adverb;A1, B1;гэж
the;definite article;A1;The
theatre;Noun;A1;театр
their;det.;A1;тэдний
theirs;proNoun;B1;тэднийх
them;proNoun;A1;тэднийг
theme;Noun;B1;сэдэв
themselves;proNoun;A2;өөрсдөө
then;Adverb;A1;дараа нь
theory;Noun;B1;онол
therapy;Noun;B2;эмчилгээ
there;Adverb;A1;Тэнд
therefore;Adverb;B1;Иймээс
they;proNoun;A1;тэд
thick;Adjective;A2;зузаан
thief;Noun;A2;хулгайч
thin;Adjective;A2;нимгэн
thing;Noun;A1;зүйл
think;Verb;A1;гэж бодож байна
thinking;Noun;A2;сэтгэлгээ
third;number, Noun;A1, A2;гурав дахь
thirsty;Adjective;A1;цангасан
thirteen;number;A1;арван
thirty;number;A1;гучин
this;det./proNoun, Adverb;A1, B1;энэ
though;conj. Adverb;B1;Хэдийгээр
thought;Noun;A2;бодол
thousand;number;A1;мянган
threat;Noun;B2;аюул
threaten;Verb;B2;аюул занал учруулж
three;number;A1;гурван
throat;Noun;B1;хоолой
through;prep. Adverb;A1;дамжуулан
throughout;prep./Adverb;B1;даяар
throw;Verb;A2;хаях
Thursday;Noun;A1;Пүрэв
thus;Adverb;B2;ийн
ticket;Noun;A1;тасалбар
tidy;Adjective v;A2;цэвэр
tie;Verb Noun;A2;зангиа
tight;Adjective;B1;хатуу
till;conj./prep.;B1;хүртэл
time;Noun, Verb;A1, B2;цаг хугацаа
tin;Noun;B1;цагаан тугалга
tiny;Adjective;B1;бяцхан
tip;Noun, Verb;A2, B1;зөвлөгөө
tired;Adjective;A1;ядарсан
title;Noun;A1, B2;нэр
to;prep., infinitive marker;A1;нь
today;Adverb Noun;A1;өнөөдөр
toe;Noun;B1;хуруу
together;Adverb;A1;хамтдаа
toilet;Noun;A1;бие засах газар
tomato;Noun;A1;улаан лоль
tomorrow;Adverb Noun;A1;маргааш
tone;Noun;B2;ая
tongue;Noun;B1;хэл
tonight;Adverb n;A1;өнөө орой
too;Adverb;A1;мөн
tool;Noun;A2;арга хэрэгсэл
tooth;Noun;A1;шүд
top;Noun, Adjective;A2;шилдэг
topic;Noun;A1;сэдэв
total;Adjective Noun;B1;нийт
totally;Adverb;B1;нийт
touch;Verb , Noun;A2, B1;мэдрэгчтэй
tough;Adjective;B2;хүнд
tour;Noun, Verb;A2, B1;аялал
tourism;Noun;A2;аялал жуулчлал
tourist;Noun;A1;аялал жуулчлалын
towards;prep.;A2;чиглэсэн
towel;Noun;A2;алчуур
tower;Noun;A2;цамхаг
town;Noun;A1;хот
toy;Noun, Adjective;A2;тоглоом
track;Noun, Verb;A2, B2;мөр
trade;Noun, Verb;B1;худалдаа
tradition;Noun;A2;уламжлал
traditional;Adjective;A2;уламжлалт
traffic;Noun;A1;замын хөдөлгөөний
train;Noun, Verb;A1, A2;галт тэрэгний
trainer;Noun;A2;сургагч багш
training;Noun;A2;сургалт
transfer;Verb Noun;B2;шилжүүлэх
transform;Verb;B2;өөрчлөх
transition;Noun;B2;шилжилтийн
translate;Verb;B1;орчуулах
translation;Noun;B1;орчуулга
transport;Noun, Verb;A2, B1;тээврийн
travel;Verb Noun;A1;аялал жуулчлалын
traveller;Noun;A2;зорчигч
treat;Verb;B1;амттан
treatment;Noun;B1;эмчилгээ
tree;Noun;A1;мод
trend;Noun;B1;чиг хандлага
trial;Noun;B2;туршилт
trick;Noun Verb;B1;трик
trip;Noun, Verb;A1, B2;аялал
tropical;Adjective;B2;халуун орны
trouble;Noun, Verb;A2, B2;гай зовлон
trousers;Noun;A1;өмд
truck;Noun;A2;ачааны машин
TRUE;Adjective;A1;ҮНЭН
truly;Adverb;B2;үнэхээр
trust;Noun Verb;B2;итгэлцэл
truth;Noun;B1;үнэн
try;Verb , Noun;A1, B2;оролдох
T-shirt;Noun;A1;Футболк
tube;Noun;B1;хоолой
Tuesday;Noun;A1;Мягмар
tune;Noun;B2;тааруулах
tunnel;Noun;B2;туннель
turn;Verb Noun;A1;эргэж
TV;Noun;A1;ТВ
twelve;number;A1;арван хоёр
twenty;number;A1;хорин
twice;Adverb;A1;хоёр дахин их
twin;Noun Adjective;A2;ихэр
two;number;A1;хоёр
type;Noun, Verb;A1, B1;төрөл
typical;Adjective;A2;ердийн
typically;Adverb;B1;ихэвчлэн
tyre;Noun;B1;дугуй
ugly;Adjective;B1;муухай
ultimately;Adverb;B2;эцэст нь
umbrella;Noun;A1;дээвэр
unable;Adjective;B1;чадахгүй
uncle;Noun;A1;авга ах нь
uncomfortable;Adjective;B1;эвгүй
unconscious;Adjective;B2;ухаангүй
under;prep. Adj;A1;дор
underground;Adjective Adverb;A2;газар доорх
understand;Verb;A1;ойлгох
understanding;Noun;A2;ойлголт
underwear;Noun;B1;дотуур хувцас
unemployed;Adjective;B1;ажилгүй
unemployment;Noun;B1;ажилгүйдлийн
unexpected;Adjective;B2;гэнэтийн
unfair;Adjective;B1;шударга бус
unfortunately;Adverb;A2;харамсалтай нь
unhappy;Adjective;A2;аз жаргалгүй
uniform;Noun;A2;дүрэмт хувцас
union;Noun;B1;үйлдвэрчний эвлэлийн
unique;Adjective;B2;өвөрмөц
unit;Noun;A2;нэгж
united;Adjective;A2;нэгдсэн
universe;Noun;B2;Орчлон ертөнц
university;Noun;A1;их сургууль
unknown;Adjective;B2;Үл мэдэгдэх
unless;conj.;B1;бол
unlike;prep.;B1;ялгаатай
unlikely;Adjective;B1;магадлал бага
unnecessary;Adjective;B1;шаардлагагүй
unpleasant;Adjective;B1;таагүй
until;conj./prep.;A1;хүртэл
unusual;Adjective;A2;ер бусын
up;Adverb proNoun;A1;дээр
update;Verb Noun;B1;шинэчлэх
upon;prep.;B1;дээр
upper;Adjective;B2;дээд
upset;Adjective v;B1;зөрчдөг
upstairs;Adverb , Adjective;A1, A2;Дээд давхарт
upwards;Adverb;B2;дээш нь
urban;Adjective;B2;хот суурин газрын
urge;Verb;B2;дур хүсэл
us;proNoun;A1;АНУ-ын
use;Verb , Noun;A1, A2;ашиглах
used;Adjective;B1;ашиглаж
used to;modal Verb;A2;дэг байсан
useful;Adjective;A1;ашигтай
user;Noun;A2;хэрэглэгчийн
usual;Adjective;A2;ердийн
usually;Adverb;A1;нь ихэвчлэн
vacation;Noun;A1;амралтын
valley;Noun;A2;хөндий
valuable;Adjective;B1;үнэ цэнэтэй
value;Noun, Verb;B1, B2;үнэ цэнэ
van;Noun;A2;ван
variety;Noun;A2;олон төрлийн
various;Adjective;B1;төрөл бүрийн
vary;Verb;B2;өөр өөр байдаг
vast;Adjective;B2;өргөн уудам
vegetable;Noun;A1;хүнсний ногоо,
vehicle;Noun;A2;тээврийн хэрэгслийн
venue;Noun;B2;зохион байгуулагч
version;Noun;B1;хувилбар
very;Adverb , Adjective;A1, B1;маш их
via;prep.;B2;дамжуулан
victim;Noun;B1;хохирогч
victory;Noun;B2;ялалт
video;Noun;A1;видео
view;Noun, Verb;A2,;харах
viewer;Noun;B1;үзүүлэгч
village;Noun;A1;тосгон
violence;Noun;B2;хүчирхийлэл
violent;Adjective;B1;хүчирхийлэл
virtual;Adjective;B2;виртуал
virus;Noun;A2;вирус
vision;Noun;B2;алсын хараа
visit;Verb Noun;A1;Бичигчийн
visitor;Noun;A1;зочин
visual;Adjective;B2;харааны
vital;Adjective;B2;амин чухал
vitamin;Noun;B2;витамин
voice;Noun;A2;дуу хоолой
volume;Noun;B2;хэмжээ
volunteer;Noun Verb;B1;сайн дурын
vote;Noun Verb;B1;санал
wage;Noun;B2;цалин
wait;Verb , Noun;A1, A2;хүлээх
waiter;Noun;A1;Үйлчлэгч
wake;Verb;A1;сэрэх
walk;Verb Noun;A1;алхах
wall;Noun;A1;ханын
want;Verb;A1;хүсч байна
war;Noun;A2;дайн
warm;Adjective , v;A1, B1;дулаан
warn;Verb;B1;анхааруулж
warning;Noun;B1;анхааруулах
wash;Verb , Noun;A1, A2;угаах
washing;Noun;A2;угаах
waste;Noun v, Adjective;B1;дэмий
watch;Verb Noun;A1;цаг
water;Noun, Verb;A1, B1;ус
wave;Noun;A2, B1;давалгаа, долгио
way;Noun;A1, B2;арга зам
we;proNoun;A1;бид
weak;Adjective;A2;сул
weakness;Noun;B2;сул дорой байдал
wealth;Noun;B2;баялаг
wealthy;Adjective;B2;чинээлэг
weapon;Noun;B1;зэвсэг
wear;Verb;A1;хувцас,
weather;Noun;A1;цаг агаар
web;Noun;A2;вэб
website;Noun;A1;вэб сайт
wedding;Noun;A2;хуримын
Wednesday;Noun;A1;Лхагва гараг
week;Noun;A1;долоо хоногт
weekend;Noun;A1;амралтын өдрүүдэд
weigh;Verb;B1;жинтэй
weight;Noun;A2;жин
welcome;exclam. Verb Adjective , n;A1, A2;тавтай морилно уу
well;Adverb , Adjective , exclam.;A1;сайн
west;Noun Adjective Adverb;A1;баруун
western;Adjective;B1;баруун
wet;Adjective;A2;нойтон
what;proNoun/det.;A1;ямар
whatever;det./proNoun;B1;ямар ч
wheel;Noun;A2;дугуй
when;Adverb proNounconj.;A1;үед
whenever;conj.;B1;үед
where;Adverb conj.;A1;хаана
whereas;conj.;B2;бол
wherever;conj.;B2;хаана
whether;conj.;B1;эсэх
which;proNoun/det.;A1;ямар
while;conj., Noun;A2, B1;харин
whisper;Verb Noun;B2;шивнээ
white;Adjective Noun;A1;цагаан
who;proNoun;A1;ДЭМБ
whole;Adjective , n;A2, B1;бүхэлд нь
whom;proNoun;B2;хэнд
whose;det./proNoun;A2;нь
why;Adverb;A1;яагаад
wide;Adjective;A2;өргөн
widely;Adverb;B2;өргөн
wife;Noun;A1;эхнэр
wild;Adjective;A2;зэрлэг
wildlife;Noun;B2;Зэрлэг ан амьтны
will;modal, Noun Verb;A1,;болно
willing;Adjective;B2;бэлэн
win;Verb , Noun;A1, B1;ялалт
wind1;Noun;A2;wind1
wind2;Verb;B2;wind2
window;Noun;A1;цонх
wine;Noun;A1;дарс
wing;Noun;B1;жигүүр
winner;Noun;A2;ялагч
winter;Noun;A1;өвлийн
wire;Noun;B2;утас
wise;Adjective;B2;мэргэн
wish;Verb Noun;A2;хүсч байгаа
with;prep.;A1;нь
within;prep.;B1;дотор
without;prep.;A1;ямар ч
witness;Noun Verb;B2;гэрч
woman;Noun;A1;эмэгтэй
wonder;Verb Noun;B1;гайхах
wonderful;Adjective;A1;сайхан
wood;Noun;A2;мод
wooden;Adjective;A2;модон
wool;Noun;B1;ноос
word;Noun;A1;үг
work;Verb Noun;A1;ажил
worker;Noun;A1;ажилтан
working;Adjective;A2;ажлын
world;Noun;A1;дэлхийн
worldwide;Adjective Adverb;B1;дэлхий даяар
worried;Adjective;A2;санаа зовох
worry;Verb Noun;A2, B1;санаа зоволт нь
worse;Adjective, AdVerb Noun;A2,B1, B2;муу
worst;Adjective, AdVerb;A2,B1, B2;хамгийн
worth;Adjective, Noun;B1, B2;үнэ цэнэ
would;modal, Verb;A1;байсан
wound;Noun Verb;B2;шарх
wow;exclam.;A2;Хөөх
wrap;Verv;B2;ороосон
write;Verb;A1;бичих
writer;Noun;A1;зохиолч
writing;Noun;A1;бичих
written;Adjective;B1;бичсэн
wrong;Adjective, AdVerb Noun;A1, B1, B2;буруу
yard;Noun;B1;талбай
yeah;exclam.;A1;тиймээ
year;Noun;A1;жил
yellow;Adjective, Noun;A1;шар
yes;exclam.;A1;Тийм ээ
yesterday;AdVerb Noun;A1;өчигдөр
yet;AdVerb conj.;A2, B2;одоогоор
you;proNoun;A1;Та
young;Adjective, Noun;A1, B1;залуу
your;det.;A1;таны
yours;proNoun;A2;та нарынх
yourself;proNoun;A1;өөрийгөө
youth;Noun;B1;залуучууд
zero;number;A2;тэг
zone;Noun;B2;бүс
