a, an;indefinite, article;A1;တစ်ဦးတစ်ဦး
abandon;Verb;B2;စွန့်ပစ်
ability;Noun;A2;စွမ်းအား
able;Adjective;A2;တတ်နိုင်
about;prep. Adverb;A1;အကွောငျး
above;prep. Adverb;A1;အထက်
abroad;Adverb;A2;ပြည်ပမှာ
absolute;Adjective;B2;အကြွင်းမဲ့အာဏာ
absolutely;Adverb;B1;အကြွင်းမဲ့
academic;adj, Noun;B1, B2;ပညာရေးဆိုင်ရာ
accept;Verb;A2;accept
acceptable;Adjective;B2;လက်ခံနိုင်ဖွယ်
access;Noun Verb;B1;ဝင်ရောက်ခွင့်
accident;Noun;A2;မတော်တဆထိခိုက်မှု
accommodation;Noun;B1;နေရာထိုင်ခင်း
accompany;Verb;B2;အတူလိုက်
according to;prep.;A2;အဆိုအရ
account;Noun Verb;B1, B2;အကောင့်
accurate;Adjective;B2;တိကျမှု
accuse;Verb;B2;စှပျစှဲ
achieve;Verb;A2;အောင်မြင်ရန်
achievement;Noun;B1;အောင်မြင်ချက်
acknowledge;Verb;B2;ဝန်ခံချက်
acquire;Verb;B2;ရယူ
across;prep. Adverb;A1;ဖြတ်.
act;Verb Noun;A2,B1;လုပ်ရပ်
action;Noun;A1;အရေးယူ
active;Adjective;A2;တက်ကြွ
activity;Noun;A1;လှုပ်ရှားမှု
actor;Noun;A1;သရုပ်ဆောင်
actress;Noun;A1;ဇါတ်သူမ
actual;Adjective;B2;အမှန်တကယ်
actually;Adverb;A2;အမှန်တကယ်
ad;Noun;B1;ကြော်ငြာ
adapt;Verb;B2;သငျ့လျြောအောငျပွုပွငျ
add;Verb;A1;add
addition;Noun;B1;ထို့အပြင်
additional;Adjective;B2;အပိုဆောင်း
address;Noun Verb;A1,B2;လိပ်စာ
administration;Noun;B2;အုပ်ချုပ်ရေး
admire;Verb;B1;မြတ်နိုး
admit;Verb;B1;ဖွောငျ့ဆို
adopt;Verb;B2;ခံယူ
adult;Noun adj;A1,A2;အရွယ်ရောက်ပြီးသူ
Advance;Noun Verb adj;B2;ကြိုတင်မဲ
Advanced;Adjective;B1;အဆင့်မြင့်
Advantage;Noun;A2;အားသာချက်
Adventure;Noun;A2;အဖြစ်အပျက်
Advertise;Verb;A2;ကျွွောငာ
Advertisement;Noun;A2;ကြော်ငြာ
Advertising;Noun;A2;Advertising ကြော်ငြာ
Advice;Noun Verb;A1, B1;အကြံ
affair;Noun;B2;ကိစ္စ
affect;Verb;A2;ထိခိုက်
afford;Verb;B1;ပြုနိုင်ခွင့်ရှိ
afraid;Adjective;A1;ကွောကျသော
after;prep. conj. Adverb;A1,A2;ပြီးနောက်
afternoon;Noun;A1;မှနျးလှဲ
afterwards;Adverb;B2;ထိုနောက်
again;Adverb;A1;နောက်တဖန်
against;prep;A2;ဆန့်ကျင်
age;Noun Verb;A1, B1;အသက်အရွယ်
aged;Adjective;B1;အသက်
agency;Noun;B2;ကိုယ်စားလှယ်ရုံး
agenda;Noun;B2;ကိစ္စအစီအစဉ်
agent;Noun;B1;ကိုယ်စားလှယ်
aggressive;Adjective;B2;ကြူးကျြောသော
ago;Adverb;A1;လွန်ခဲ့တဲ့
agree;Verb;A1;သဘောတူ
agreement;Noun;B1;သဘောတူညီချက်
ah;exclam.;A2;ah
ahead;Adverb;B1;ရှေ့သို့
aid;Noun Verb;B2;အကူအညီ
aim;Verb Noun;B1;ရည်ရွယ်ချက်
air;Noun;A1;လေ
aircraft;Noun;B2;လေယာဉ်ပျံ
airline;Noun;A2;လကွောငျး
airport;Noun;A1;လေဆိပ်
alarm;Noun Verb;B1, B2;နှိုးသံ
album;Noun;B1;အယ်လ်ဘမ်
alcohol;Noun;B1;အရက်
alcoholic;Adjective;B1;အရက်သမား
alive;Adjective;A2;အသကျရှငျ
all;det. pron, Adverb;A1, A2;အားလုံး
all right;Adjective, Adverb exclam;A2;ကောင်းပါပြီ
allow;Verb;A2;ခွင့်ပြု
almost;Adverb;A2;နီးပါး
alone;Adjective, Adverb;A2;တယောက်တည်း
along;prep. Adverb;A2;တလြှောကျ
already;Adverb;A2;ပြီးပြီ
also;Adverb;A1;လည်း
alter;Verb;B2;ALTER
alternative;Noun Adjective;A2, B1;အခြားရွေးချယ်စရာ
although;conj;A2;ပေမဲ့
always;Adverb;A1;အမြဲ
amazed;Adjective;B1;မိန်းမောတွေဝေ
amazing;Adjective;A1;အံ့သြဖွယ်
ambition;Noun;B1;ကြီးသောအာသီသ
ambitious;Adjective;B1;ဆန္ဒကြီးမားသော
among;prep.;A2;အနက်
amount;Noun Verb;A2, B2;ငွေပမာဏ
analyse;Verb;B1;သုံးသပ်ကြည့်ရှု
analysis;Noun;B1;ခွဲခြမ်းစိတ်ဖြာခြင်း
ancient;Adjective;A2;ရှေးခေတ်
and;conj;A1;နှင့်
anger;Noun;B2;အမျက်ဒေါသ
angle;Noun;B2;ထောင့်
angry;Adjective;A1;အမျက်ထွက်သော
animal;Noun;A1;တိရိစ္ဆာန်
ankle;Noun;A2;ခြေချင်းဝတ်
anniversary;Noun;B2;နျစ်ပတ်လည်နေ့
announce;Verb;B1;ကွေညာ
announcement;Noun;B1;ကြေညာချက်
annoy;Verb;B1;စိတ်ဆိုးစေ
annoyed;Adjective;B1;မကျေမနပ်
annoying;Adjective;B1;စိတ်ဆိုးစေသော
annual;Adjective;B2;နှစ်ပတ်လည်
another;det. proNoun;A1;အခြား
answer;Noun Verb;A1;အဖွေ
anxious;Adjective;B2;စိုးရိမ်ခြင်းရှိသော
any;det. proNoun, Adverb;A1, A2;မည်သည့်
anybody;pron;A2;တယောက်ယောက်
any more;Adverb;A2;နောက်တဖန်
anyone;pron;A1;မည်သူမဆို
anything;pron;A1;တခုခု
anyway;Adverb;A2;မည်သို့ပင်ဖြစ်စေ
anywhere;AdVerb proNoun;A2;ဘယ်နေရာမှာမဆို
apart;Adverb;B1;မပါဘဲ
apartment;Noun;A1;အခန်း
apologize;Verb;B1;ထုခတြောငျးပနျ
app;Noun;A2;app ကို
apparent;Adjective;B2;မြင်လွယ်သော
apparently;Adverb;B2;ထင်ရှားစွာ
appeal;Noun Verb;B2;အယူခံဝင်
appear;Verb;A2;ပေါ်လာ
appearance;Noun;A2;အသွင်အပြင်
apple;Noun;A1;ပန်းသီး
application;Noun;B1;လြှောကျလှာ
apply;Verb;A2;လျှောက်ထား
appointment;Noun;B1;ရက်ချိန်း
appreciate;Verb;B1;တန်ဖိုးထား
approach;Noun Verb;B2;ချဉ်းကပ်နည်း
appropriate;Adjective;B2;သင့်လျော်သော
approval;Noun;B2;ခွင့်ပြုချက်
approve;Verb;B2;အတည်ပြု
approximately;Adverb;B1;ခန့်မှန်းခြေအားဖြင့်
April;Noun;A1;ဧပြီလ
architect;Noun;A2;ဗိသုကာ
architecture;Noun;A2;ဗိသုကာအတတ်ပညာ
area;Noun;A1;ဧရိယာ
argue;Verb;A2;ဆငျခွေကနျ
argument;Noun;A2;ဆငျခွေစကား
arise;Verb;B2;ပေါ်ပေါက်
arm;Noun;A1;လက်
armed;Adjective;B2;လက်နက်ကိုင်
arms;Noun;B2;လက်နက်
army;Noun;A2;တပ်မတော်
around;prep. Adverb;A1;လှည့်ပတ်
arrange;Verb;A2;စီစဉ်
arrangement;Noun;A2;အစီအစဉ်
arrest;Verb Noun;B1;ဖမ်းဆီး
arrival;Noun;B1;ရောက်လာခြင်း
arrive;Verb;A1;ရောက်လာ
art;Noun;A1;အတတ်ပညာ
article;Noun;A1;ဆောင်းပါး
artificial;Adjective;B2;ပကတိမဟုတ်လူလုပ်သော
artist;Noun;A1;အနုပညာရှင်
artistic;Adjective;B2;အနုညာဆိုင်ရာ
as;prep., Adverb conj.;A1, A2;အဖြစ်
ashamed;Adjective;B2;ရှက်ကြောက်ခြင်းမရှိ
asleep;Adjective;A2;အိပ်လျက်ရှိသော
ask;Verb;A1;မေးမြန်း
aspect;Noun;B2;ရှုထောင့်
assess;Verb;B2;ခန့်မှန်း
assessment;Noun;B2;အကဲဖြတ်
assignment;Noun;B1;တာဝန်ကျတဲ့နေရာ
assist;Verb;B1;ထောက်ပံ့
assistant;Noun Adjective;A2;ထောက်ပံ့သူ
associate;Verb;B2;အပေါင်းအဖေါ်
associated;Adjective;B2;ဆက်စပ်
association;Noun;B2;အသင်း
assume;Verb;B2;မှတ်ယူ
at;prep.;A1;တွင်
athlete;Noun;A2;ကိုယ်လက်သန်စွမ်းသူ
atmosphere;Noun;B1;လေထု
attach;Verb;B1;ကပ်
attack;Noun Verb;A2;တိုက်ခိုက်
attempt;Noun Verb;B2;ကြိုးပမ်းမှု
attend;Verb;A2;တက်ရောက်သူ
attention;Noun exclam.;A2;အာရုံစူးစိုက်မှု
attitude;Noun;B1;သဘောထားက
attract;Verb;B1;ဆှဲ
attraction;Noun;B1;ဆှဲအား
attractive;Adjective;A2;ဆွဲဆောင်မှု
audience;Noun;A2;ပရိသတ်
August;Noun;A1;သြဂုတ်လ
aunt;Noun;A1;အဒေါ်
author;Noun;A2;စာရေးသူ
authority;Noun;B1;အာဏာ
autumn;Noun;A1;ဆောင်းဉီးရာသီ
available;Adjective;A2;ရရှိနိုင်
average;Adjective, Noun Verb;A2, B1;ပျမ်းမျှအားဖြင့်
avoid;Verb;A2;ကိုရှောင်ရှား
award;Noun Verb;A2, B1;ချီးမြှင့်
aware;Adjective;B1;သတိထား
away;Adverb;A1;ကွာ
awful;Adjective;A2;ကွောကျဘှယျသော
baby;Noun;A1;ကလေး
back;Noun AdVerb Adjective, Verb;A1, A2, B2;ပြန်.
background;Noun;A2;နောက်ခံ
backwards;Adverb;B1;နောက်ဘက်သို့
bacteria;Noun;B2;ဘက်တီးရီးယား
bad;Adjective;A1;ဆိုးသော
badly;Adverb;A2;ဆိုးဆိုးရွားရွား
bag;Noun;A1;အိတ်
bake;Verb;B1;ဖုတ်ကင်
balance;Noun Verb;B1;ချိန်ခွင်လျှာ
ball;Noun;A1;အလုံး
ban;Verb Noun;B1;ပိတ်ပင်ထားမှု
banana;Noun;A1;ငှက်ပျောသီး
band;Noun;A1;တီးဝိုင်း
bank (money);Noun;A1;ဘဏ် (ပိုက်ဆံ)
bank (river);Noun;B1;ဘဏ် (မြစ်)
bar;Noun Verb;A2, B2;ဘား
barrier;Noun;B2;အတားအဆီး
base;Noun Verb;B1;အခြေစိုက်စခန်း
baseball;Noun;A2;ဘေ့စ်ဘော
based;Adjective;A2;based
basketball;Noun;A2;ဘတ်စကက်ဘော
basic;Adjective;B1;အခြေခံ
basically;Adverb;B2;အများအားဖြင့်
basis;Noun;B1;အခွေခံ
bath;Noun;A1;ရေချိုးကန်
bathroom;Noun;A1;ရေချိုးခန်း
battery;Noun;B1;ဘက်ထရီ
battle;Noun Verb;B1, B2;စစ်တိုက်ခြင်း
be;Verb auxiliary Verb;A1;အ
beach;Noun;A1;ကမ်းခြေ
bean;Noun;A2;ပဲ
bear (deal with);Verb;B2;ဝက်ဝံ (ကိုင်တွယ်ဖြေရှင်း)
bear (animal);Noun;A2;ဝက်ဝံ (တိရိစ္ဆာန်)
beat;Verb Noun;A2, B2;ရိုက်
beautiful;Adjective;A1;လှသောအဆင်း
beauty;Noun;B1;လှပမှု
because;conj.;A1;ဘာဖြစ်လို့လဲဆိုတော့
become;Verb;A1;ဖြစ်လာသည်
bed;Noun;A1;အိပ်ရာ
bedroom;Noun;A1;အိပ်ခန်း
bee;Noun;B1;ပျား
beef;Noun;A2;အမဲသား
beer;Noun;A1;ဘီယာ
before;prep., conj. Adverb;A1, A2;ရှေ့မှာ
beg;Verb;B2;တောင်းပန်
begin;Verb;A1;အစ
beginning;Noun;A1;အစ
behave;Verb;A2;ပြုမူ
behaviour;Noun;A2;အပြုအမူ
behind;prep. Adverb;A1;နောက်တွင်
being;Noun;B2;ဖြစ်လျက်ရှိ
belief;Noun;B1;ယုံကြည်ချက်
believe;Verb;A1;ယုံကြည်
bell;Noun;B1;ခေါင်းလောင်း
belong;Verb;A2;ပိုငျ
below;Adverb prep.;A1;အောက်တွင်
belt;Noun;A2;ခါးပတ်
bend;Verb Noun;B1;ကောက်စေ
benefit;Verb NouNoun;A2, B1;အကျိုး
bent;Adjective;B2;ကောကျကှေးသော
best;Adjective, AdVerb Noun;A1, A2;အကောင်းဆုံး
bet;Verb Noun;B2;လောင်းကစား
better;Adjective , Adverb , Noun;A1, A2, B1;ပိုကောင်းတဲ့
between;prep., Adverb;A1, A2;အကြား
beyond;prep. Adverb;B2;ကျော်လွန်
bicycle;Noun;A1;စက်ဘီး
big;Adjective;A1;ကြီးမားသော
bike;Noun;A1;စက်ဘီး
bill;Noun Verb;A1, B2;ဥပဒေကြမ်း
billion number; ;A2;ဘီလီယံအထိအရေအတွက်ကို
bin;Noun;A2;ကျီငယ်
biology;Noun;A2;ဇီဝဗေဒ
bird;Noun;A1;ငှက်
birth;Noun;A2;ကလေးမွေးဖွား
birthday;Noun;A1;မှေးနေ့
biscuit;Noun;A2;ဘီစကစ်မုန့်
bit;Noun;A2;နည်းနည်း
bite;Verb Noun;B1;ကိုက်
bitter;Adjective;B2;ခါးသော
black;Adjective, Noun;A1;အနက်ရောင်
blame;Verb Noun;B2;အပြစ်တင်
blank;Adjective, Noun;A2;ဗလာဖြစ်သော
blind;Adjective;B2;မျက်စိကန်းသော
block;Noun Verb;B1;ပိတ်ဆို့
blog;Noun;A1;ဘလော့ဂ်
blonde;Adjective;A1;အလွန်ဖြူသော
blood;Noun;A2;သှေး
blow;Verb;A2;လေတိုက်
blue;Adjective, Noun;A1;ပြာသော
board;Noun Verb;A2, B1;ပျဉ်ပြား
boat;Noun;A1;လှေ
body;Noun;A1;ကိုယ်ခန္ဓာ
boil;Verb;A2;ချက်ပြုတ်
bomb;Noun Verb;B1;ဗုံး
bond;Noun;B2;အစညျးအနှောငျ
bone;Noun;A2;အရိုး
book;Noun Verb;A1, A2;စာအုပ်
boot;Noun;A1;ဘိနပ်
border;Noun Verb;B1, B2;နယ်စပ်
bored;Adjective;A1;ပျင်း
boring;Adjective;A1;ထွင်းဖေါက်ခြင်း
born;Verb;A1;မွေးဖွား
borrow;Verb;A2;ချေးငှါး
boss;Noun;A2;အကြီးအကဲ
both;det./proNoun;A1;နှစ်ခုလုံး
bother;Verb;B1;နှောငျ့ယှကျ
bottle;Noun;A1;ပုလင်း
bottom;NouNoun Adjective;A2;အောကျခွေ
bowl;Noun;A2;ခွက်
box;Noun;A1;သတျတော
boy;Noun;A1;ယောက်ျားလေး
boyfriend;Noun;A1;အချစ်
brain;Noun;A2;ဦးနှောက်
branch;Noun;B1;ဌာနခှဲက
brand;Noun Verb;B1;အမှတ်တံဆိပ်
brave;Adjective;B1;ရဲရင့်သော
bread;Noun;A1;ပေါင်မုန့်
break;Verb Noun;A1;ချိုး
breakfast;Noun;A1;နံနက်စာ
breast;Noun;B2;ရင်
breath;Noun;B1;အသက်ရှု
breathe;Verb;B1;အသက်ရှူး
breathing;Noun;B1;အသက်ရှူ
bride;Noun;B1;ဆောင်သတို့သမီး
bridge;Noun;A2;တံတား
brief;Adjective;B2;အကျဉ်း
bright;Adjective;A2;တောက်ပ
brilliant;Adjective;A2;ဉာဏ်ရွှင်သော
bring;Verb;A1;ယူလာ
broad;Adjective;B2;ကျယ်ဝန်းသော
broadcast;Verb Noun;B2;အသံလွှင်း
broken;Adjective;A2;ကျိုးပဲ့
brother;Noun;A1;အစ်ကို
brown;Adjective, Noun;A1;ညိုသော
brush;Verb Noun;A2;ဝက်မှင်ဘီး
bubble;Noun;B1;စည်ဖေါင်း
budget;Noun;B2;ဘတ်ဂျက်
build;Verb;A1;တည်ဆောက်
building;Noun;A1;အဆောက်အဦး
bullet;Noun;B2;ကျည်
bunch;Noun;B2;စည်း
burn;Verb Noun;A2, B2;မီးလောင်
bury;Verb;B1;မြှုပ်နှံ
bus;Noun;A1;ဘတ်စ်ကား
bush;Noun;B2;ခြုံ
business;Noun;A1;စီးပွားရေးလုပ်ငန်း
businessman;Noun;A2;လုပ်ငန်းရှင်
busy;Adjective;A1;အလုပ်ရှုပ်သည်
but;conj. prep;A1, B2;ဒါပေမဲ့
butter;Noun;A1;ထောပတ်
button;Noun;A2;ကြယ်သီး
buy;Verb;A1;ဝယ်
by;prep. Adverb;A1, B1;အားဖြင့်
bye;exclam;A1;နုတ်ဆက်ပါတယ်
cable;Noun;B2;ကေဘယ်လ်ကြိုး
cafe;Noun;A1;ကဖီး
cake;Noun;A1;ကိတ်မုန့်
calculate;Verb;B2;တွက်ချက်သည်
call;Verb Noun;A1;ခေါ်ဆိုခ
calm;Adjective Verb Noun;B1;တည်ငြိမ်သော
camera;Noun;A1;ကင်မရာ
camp;Noun Verb;A2;စခန်း
campaign;Noun Verb;B1;မဲဆွယ်စည်းရုံးရေး
camping;Noun;A2;စခန်းချ
campus;Noun;B1;ပရဝုတ်
can1;modal Verb;A1;can1
can2;Noun;A2;can2
cancel;Verb;B2;cancel
cancer;Noun;B2;ကင်ဆာ
candidate;Noun;B1;အလောင်းအလျား
cannot;Verb;A1;မပေးနိုင်
cap;Noun;B1;အဖုံး
capable;Adjective;B2;နိုင်စွမ်း
capacity;Noun;B2;စွမ်းရည်
capital;Noun Adjective;A1;မြို့တော်
captain;Noun;B1;ခေါင်းဆောင်
capture;Verb Noun;B2;ဖမ်းဆီး
car;Noun;A1;ကား
card;Noun;A1;ကဒ်
care;Noun Verb;A2;စောင့်ရှောက်မှု
career;Noun;A1;ရာထူး
careful;Adjective;A2;သတိထား
carefully;Adverb;A2;ဂရုတစိုက်
careless;Adjective;B1;ပေါ့လြော့သော
carpet;Noun;A2;ကော်ဇော
carrot;Noun;A1;မုန်လာဥနီ
carry;Verb;A1;သယ်ဆောင်သည်
cartoon;Noun;A2;လက်ရေးရုပ်ပုံကြီး
case;Noun;A2;အမှု
cash;Noun;A2;ငွေသား
cast;Noun Verb;B2;သွန်းပုံ
castle;Noun;A2;ရဲတိုက်
cat;Noun;A1;ကွောငျ
catch;Verb Noun;A2, B2;ဖမ်း
category;Noun;B1;အမျိုးအစား
cause;Noun Verb;A2;အကွောငျး
CD;Noun;A1;CD ကို
ceiling;Noun;B1;မျက်နှာကြက်
celebrate;Verb;A2;ဆင်နွှဲ
celebration;Noun;B1;အခမ်းအနား
celebrity;Noun;A2;အနုပညာရှင်
cell;Noun;B2;ဆဲလ်
cent;Noun;A1;ရာခိုင်နှုန်း
central;Adjective;B1;အလယ်ပိုင်း
centre;Noun Verb;A1, B1;အလယ်ဗဟို
century;Noun;A1;ရာစု
ceremony;Noun;B1;အခမ်းအနား
certain;Adjective;A2;အချို့
certainly;Adverb;A2;မုချ
chain;Noun Verb;B1, B2;ကွင်းကြိုး
chair;Noun Verb;A1, B2;ကုလားထိုင်
chairman;Noun;B2;ဥက္ကဋ္ဌဦး
challenge;Noun Verb;B1, B2;စိန်ခေါ်မှု
champion;Noun;B1;တံခွန်စိုက်သူ
chance;Noun;A2;အခွင့်အလမ်း
change;Verb Noun;A1;ပွောငျးလဲခွငျး
channel;Noun;B1;ရုပ်သံလိုင်း
chapter;Noun;B1;အခနျးကွီး
character;Noun;A2;ဇာတ်ကောင်
characteristic;Noun Adjective;B2;သီးခြားထင်ရှားသော
charge;Noun Verb;B1;စှဲဆို
charity;Noun;A2;မေတ္တာ
chart;Noun Verb;A1, B2;ဇယား
chat;Verb Noun;A2;ချက်တင်
cheap;Adjective , Adverb;A1, B1;စျေးပေါ
cheat;Verb Noun;B1;လိမ်လည်
check;Verb Noun;A1, A2;စစ်ဆေးခြင်း
chef;Noun;A2;ထမင်းချက်ခေါင်း
cheerful;Adjective;B1;ရွှင်လန်းသော
cheese;Noun;A1;ဒိန်ခဲ
chemical;Adjective, Noun;B1;ဓါတုဗေဒ
chemistry;Noun;A2;ဓါတုဗေဒပညာ
chest;Noun;B1;သေတ္တာ
chicken;Noun;A1;ကြက်သား
chief;Adjective, Noun;B2;ကာကွယ်ရေးဦးစီးချုပ်
child;Noun;A1;ကလေး
childhood;Noun;B1;ငယ်စဉ်ကလေးဘဝ
chip;Noun;A2;ချစ်ပ်
chocolate;Noun;A1;ခြော့ကလကျ
choice;Noun;A2;ရှေးခယျြခွငျး
choose;Verb;A1;ရှေးခယျြ
church;Noun;A2;ဘုရားရှိခိုးကြောငျး
cigarette;Noun;A2;စီးကရက်
cinema;Noun;A1;ရုပ်ရှင်ရုံ
circle;Noun Verb;A2;အဝိုင်း
circumstance;Noun;B2;အခြေအနေ
cite;Verb;B2;ဆင့်ခေါ်
citizen;Noun;B2;နိုင်ငံသား
city;Noun;A1;မြို့
civil;Adjective;B2;အရပ်ဖက်
claim;Verb Noun;B1;တောင်းဆိုမှု
class;Noun;A1;အတန်းအစား
classic;Adjective, Noun;B2;ဂန္
classical;Adjective;A2;စံတင်လောက်သော
classroom;Noun;A1;စာသင်ခန်း
clause;Noun;B1;အချက်
clean;Adjective, Verb;A1;သန့်ရှင်းသော
clear;Adjective, Verb;A2, B1;ရှင်းလင်းသော
clearly;Adverb;A2;ရှင်းရှင်းလင်းလင်း
clever;Adjective;A2;တတျမွောကျသော
click;Verb Noun;B1;ကလစ်
client;Noun;B1;ဖောက်သည်
climate;Noun;A2;ရာသီဥတု
climb;Verb Noun;A1, B1;တက်
clock;Noun;A1;နာရီ
close1;Verb Noun;A1, B2;close1
close2;Adjective , Adverb;A2, B1;close2
closed;Adjective;A2;ပိတ်သိမ်း
closely;Adverb;B2;နီးကပ်စွာ
cloth;Noun;B1;အထည်
clothes;Noun;A1;အဝတ်
clothing;Noun;A2;အဝတ်အစား
cloud;Noun;A2;မိုဃ်းတိမ်ကို
club;Noun;A1;ကလပ်
clue;Noun;B1;အနှစ်သာရ
coach;Noun Verb;A2, B1;မီးရထားတှဲ
coal;Noun;B1;ကြောကျမီးသှေး
coast;Noun;A2;ပင်လယ်ကမ်း
coat;Noun;A1;အင်္ကျီ
code;Noun;A2;ကုဒ်
coffee;Noun;A1;ကော်ဖီ
coin;Noun;B1;ဒင်ျငါးငှေ
cold;Adjective Noun;A1;အအေး
collapse;Verb Noun;B2;ပြိုကဲ
colleague;Noun;A2;အတူလလုပ်ကိုင်သူ
collect;Verb;A2;Collections
collection;Noun;B1;စုဆောင်းမှု
college;Noun;A1;ကောလိပ်ကျောင်း
colour;Noun;A1;အရောင်
coloured;Adjective;B1;ရောင်စုံ
column;Noun;A2;ကြောကျတိုငျ
combination;Noun;B2;ပေါင်းစပ်
combine;Verb;B1;ပေါင်းစပ်
come;Verb;A1;လာ
comedy;Noun;A2;ပြဇါတ်
comfort;Noun Verb;B2;သက်သာခြင်း
comfortable;Adjective;A2;အဆင်ပြေ
command;Noun Verb;B2;အမိန့်
comment;Noun Verb;A2, B1;မှတ်ချက်
commercial;Adjective Noun;B1;စီးပွားဖြစ်
commission;Noun Verb;B2;ကော်မရှင်
commit;Verb;B1;ကျူးလွန်
commitment;Noun;B2;ကတိကဝတ်
committee;Noun;B2;ကော်မတီသည်
common;Adjective Noun;A1;ဘုံ
commonly;Adverb;B2;လေ့
communicate;Verb;A2;ဆက်သွယ်ပြောဆို
communication;Noun;B1;ဆက်သွယ်ရေး
community;Noun;A2;အသိုင်းအဝိုင်း
company;Noun;A1;ကုမ္ပဏီ
compare;Verb;A1;နှိုင်းယှဉ်
comparison;Noun;B1;နှိုင်းယှဉ်မှု
compete;Verb;A2;ယှဉ်ပြိုင်
competition;Noun;A2;ယှဉ်ပြိုင်မှု
competitor;Noun;B1;ပြိုင်သူ
competitive;Adjective;B1;ယှဉ်ပြိုင်နိုင်စွမ်း
complain;Verb;A2;တိုင်ကြား
complaint;Noun;B1;တိုင်ကြားစာ
complete;Adjective Verb;A1;ပြည့်စုံသော
completely;Adverb;A2;လုံးဝ
complex;Adjective, Noun;B1, B2;ရှုပ်ထွေးသော
complicated;Adjective;B2;ရှုပ်ထွေး
component;Noun;B2;အစိတ်အပိုင်း
computer;Noun;A1;ကွန်ပျူတာ
concentrate;Verb;B1;စုရုံး
concentration;Noun;B2;စုခြင်း
concept;Noun;B2;ခံယူချက်
concern;Noun Verb;B2;စိုးရိမ်ပူပန်
concerned;Adjective;B2;သက်ဆိုင်ရာ
concert;Noun;A1;ဖျော်ဖြေပွဲ
conclude;Verb;B1;ကောက်ချက်ချ
conclusion;Noun;B1;ကောက်ချက်
condition;Noun;A2;အခွအေနေ
conduct;Verb Noun;B2;ကျင့်ကြံပြုမူ
conference;Noun;A2;အစည်းအဝေး
confidence;Noun;B2;ယုံကြည်စိတ်ချမှု
confident;Adjective;B1;ယုံကြည်မှု
confirm;Verb;B1;Confirm
conflict;Noun Verb;B2;ပဋိပက္ခ
confuse;Verb;B1;ရှုပ်ထွေးမှုများ
confused;Adjective;B1;ရောထွေး
confusing;Adjective;B2;ရှုတ်ထွေး
connect;Verb;A2;Connect
connected;Adjective;A2;ချိတ်ဆက်
connection;Noun;B1;ကွန်နက်ရှင်
conscious;Adjective;B2;သိတတ်သော
consequence;Noun;B1;အကျိုးဆက်
conservative;Adjective, Noun;B2;ရှေးရိုးစွဲ
consider;Verb;A2;ထည့်သွင်းစဉ်းစား
consideration;Noun;B2;ထည့်သွင်းစဉ်းစား
consist;Verb;B1;ပါဝင်
consistent;Adjective;B2;ခိုင်မာသော
constant;Adjective;B2;စဉ်ဆက်မပြတ်
constantly;Adverb;B2;အဆက်မပြတ်
construct;Verb;B2;Construction
construction;Noun;B2;ဆောက်လုပ်ရေး
consume;Verb;B1;လောင်
consumer;Noun;B1;စားသုံးသူ
contact;Noun Verb;B1;ထိတှေ့
contain;Verb;A2;ပါဝင်
container;Noun;B1;ထည့်သောအရာ
contemporary;Adjective;B2;ခေတ်ပြိုင်
content;Noun;B1;အကြောင်းအရာ
contest;Noun Verb;B2;ပြိုင်ပွဲ
context;Noun;A2;စကားစပ်
continent;Noun;A2;တိုက်
continue;Verb;A2;ဆက်လက်
continuous;Adjective;B1;ဆက်လက်နေသော
contract;Noun Verb;B2;စာချုပ်
contrast;Noun Verb;B1;ခြားနား
contribute;Verb;B2;ထောက်ပံ့
contribution;Noun;B2;အထောက်အပံ့
control;Noun Verb;A2;ထိန်းချုပ်မှု
convenient;Adjective;B1;အဆင်ပြေ
conversation;Noun;A1;စကားလက်ဆုံ
convert;Verb;B2;ပြောင်းလဲ
convince;Verb;B1;သဘောကျအောင်လုပ်
convinced;Adjective;B2;ယုံကြည်
cook;Verb Noun;A1, A2;ချက်ပြုတ်
cooker;Noun;A2;cooker
cooking;Noun;A1;ချက်ပြုတ်
cool;Adjective, Verb;A1, B1;အေးချမ်းသော
copy;Noun Verb;A2;မိတ္တူ
core;Noun Adjective;B2;အဓိက
corner;Noun;A2;ထောင့်
corporate;Adjective;B2;ကော်ပိုရိတ်
correct;Adjective Verb;A1;မှန်ကန်သော
correctly;Adverb;A2;မှန်ကန်စွာ
cost;Noun Verb;A1;ပေးရ
costume;Noun;B1;အဝတ်အစား
cottage;Noun;B1;အိမ်
cotton;Noun;B1;ဝါ
could;Verb;A1;တတျနိုငျသ
council;Noun;B2;ကောင်စီ
count;Verb Noun;A2, B1;ရေတွက်
country;Noun;A1;ပြည်
countryside;Noun;B1;ကျေးလက်
county;Noun;B2;ခရိုင်
couple;Noun;A2;လင်မယား
courage;Noun;B2;ရဲစွမ်းသတ္တိ
course;Noun;A1;သင်တန်း
court;Noun;B1;ရုံး
cousin;Noun;A1;နှမဝမျးကှဲ
cover;Verb Noun;A2, B1;အဖုံး
covered;Adjective;B1;ဖုံးလွှမ်း
cow;Noun;A1;နွားမ
crash;Noun Verb;B2;လေယာဉ်ပျက်ကျ
crazy;Adjective;A2;စိတ်နောက်သော
cream;Noun Adjective;A1, B1;မုန့်
create;Verb;A1;ဖန်တီး
creation;Noun;B2;ဖန်တီးခြင်း
creative;Adjective;A2;ဖန်တီးမှု
creature;Noun;B2;ဖန်တီးထားသောအရာ
credit;Noun Verb;A2, B2;အကြွေး
crew;Noun;B2;လူစု
crime;Noun;A2;ရာဇဝတ်မှု
criminal;Noun Adjective;A2, B1;ရာဇဝတ်ကောင်
crisis;Noun;B2;အကြပ်အတည်း
criterion;Noun;B2;စံ
critic;Noun;B2;ဝေဖန်
critical;Adjective;B2;ဝေဖန်
criticism;Noun;B2;ဝေဖန်မှု
criticize;Verb;B2;ဝေဖန်ချက်
crop;Noun;B2;အသီးအနှံ
cross;Verb Noun;A2;လက်ဝါးကပ်တိုင်
crowd;Noun;A2;လူစုလူဝေး
crowded;Adjective;A2;စည်ကား
crucial;Adjective;B2;အရေးပါ
cruel;Adjective;B1;ရက်စက်သော
cry;Verb Noun;A2, B2;အော်ဟစ်
cultural;Adjective;B1;ယဉ်ကျေးမှု
culture;Noun;A1;ယဉျကြေးမှု
cup;Noun;A1;ခွက်
cupboard;Noun;A2;ကွောငျအိမျ
cure;Verb Noun;B2;ကုမ
curly;Adjective;A2;ကောက်သော
currency;Noun;B1;ငွေကြေးကို
current;Adjective, Noun;B1, B2;ယခု
currently;Adverb;B1;ယခု
curtain;Noun;B1;ကန့်လန့်ကာ
curve;Noun Verb;B2;အကှေး
curved;Adjective;B2;ကွေး
custom;Noun;B1;ထုံးစံဓလေ့
customer;Noun;A1;ဖောက်သည်
cut;Verb , Noun;A1, B1;ဖြတ်
cycle;Noun Verb;A2, B1;အစဉ်အဆက်
dad;Noun;A1;အဘ
daily;Adjective, Adverb;A2, B1;နေ့စဉ်
damage;Noun Verb;B1;ပျက်စီးဆုံးရှုံးမှု
dance;Noun Verb;A1;အကအခုန်
dancer;Noun;A1;ကခုန်သူ
dancing;Noun;A1;ကခုန်
danger;Noun;A2;အန္တရာယ်
dangerous;Adjective;A1;အန္တရာယ်
dark;Adjective, Noun;A1, A2;မှောငျမိုကျသော
data;Noun;A2;ဒေတာ
date;Noun Verb;A1, B2;နေ့စှဲ
daughter;Noun;A1;သမီး
day;Noun;A1;နေ့
dead;Adjective;A2;သေသော
deal;Verb Noun;A2, B1;စာချုပ်
dear;Adjective, exclam;A1, A2;ချစ်လှစွာသော
death;Noun;A2;သေဆုံးခြင်း
debate;Noun Verb;B2;ဆွေးနွေးငြင်းခုံ
debt;Noun;B2;ကွှေး
decade;Noun;B1;ဆယ်နှစ်
December;Noun;A1;ဒီဇင်ဘာလ
decent;Adjective;B2;တင့်တယ်သော
decide;Verb;A1;ဆုံးဖြတ်
decision;Noun;A2;ဆုံးဖြတ်ချက်
declare;Verb;B2;သိတင်းကြားပြော
decline;Verb Noun;B2;ဆင်းလာ
decorate;Verb;B1;အလှဆင်
decoration;Noun;B2;အပြင်အဆင်
decrease;Verb Noun;B2;လြော့ပေါ့စေ
deep;Adjective, Adverb;A2, B1;နက်သော
deeply;Adverb;B2;နက်ရှိုင်းစွာ
defeat;Verb Noun;B2;ရှုံး
defence;Noun;B2;ကာကွယ်မှု
defend;Verb;B2;ကာကွယ်
define;Verb;B1;သတ်မှတ်
definite;Adjective;B1;သေချာသော
definitely;Adverb;A2;အတိအကျ
definition;Noun;B1;အဓိပ်ပါယျ
degree;Noun;A2;ဒီဂရီ
delay;Verb Noun;B2;နှောငျ့နှေး
deliberate;Adjective;B2;ကောင်းစွာစဉ်းစားသော
deliberately;Adverb;B2;ဆေးဆေးလေးလေး
delicious;Adjective;A1;အရသာရှိသော
delight;Verb Noun;B2;မွေ့လျော်
delighted;Adjective;B2;ဝမ်းသာပီတိဖြစ်
deliver;Verb;B1;ပို့
delivery;Noun;B2;ပို့ခြင်း
demand;Noun Verb;B2;တောင်းဆိုချက်
demonstrate;Verb;B2;ပြသ
dentist;Noun;A2;သွားကုဆရာ
deny;Verb;B2;ငြင်းပယ်
department;Noun;A2;ဌါန
departure;Noun;B1;ထွက်သွားခြင်း
depend;Verb;A2;မှီခို
depressed;Adjective;B2;စိတ်ကျရောဂါ
depressing;Adjective;B2;depressing
depth;Noun;B2;အနက်
describe;Verb;A1;ဖေါ်ပြ
description;Noun;A1;ဖေါ်ပြချက်
desert;Noun Verb;A2, B2;သဲကန္တာရ
deserve;Verb;B2;ထိုက်
design;Noun Verb;A1;ပုံစံ
designer;Noun;A2;ပုံစံရေးဆှဲသူ
desire;Noun Verb;B2;အလိုဆန္ဒ
desk;Noun;A1;စာရေးခုံ
desperate;Adjective;B2;မြျှောလငျ့ခကျြမရှိသော
despite;prep;B1;သော်လည်း
destination;Noun;B1;ခရီးလမ်းဆုံး
destroy;Verb;A2;ဖျက်ဆီး
detail;Noun Verb;A1, B2;အသေးစိတ်
detailed;Adjective;B2;အသေးစိတ်
detect;Verb;B2;detect
detective;Noun;A2;ခုံထောက်
determine;Verb;B1;သတ်မှတ်
determined;Adjective;B1;စိတ်ပိုင်းဖြတ်
develop;Verb;A2;တိုးတက်
development;Noun;B1;တိုးတက်ရေး
device;Noun;A2;စက်ကိရိယာ
diagram;Noun;B1;ပုံ
dialogue;Noun;A1;တွေ့ဆုံဆွေးနွေးရေး
diamond;Noun;B1;စိန်
diary;Noun;A2;နေ့စဉ်မှတ်တမ်း
dictionary;Noun;A1;အဘိဓါန်
die;Verb;A1;သေဆုံး
diet;Noun;A1;အစားအသောက်များတွင်
difference;Noun;A1;ခြားနားချက်
different;Adjective;A1;ကွဲပြားခြားနားသော
differently;Adverb;A2;ကွဲပြားခြားနား
difficult;Adjective;A1;ခက်ခဲ
difficulty;Noun;B1;အခက်
dig;Verb;B2;တူးဖေါ်
digital;Adjective;A2;ဒစ်ဂျစ်တယ်
dinner;Noun;A1;ညနေစာ
direct;Adjective, Verb Adverb;A2, B1;တိုက်ရိုက်
direction;Noun;A2;ဦးတည်ချက်
directly;Adverb;B1;တိုက်ရိုက်
director;Noun;A2;ညွှန်ကြားရေးမှူး
dirt;Noun;B1;အညစျအကွေး
dirty;Adjective;A1;ညစ်သော
Dis Adverbantage;Noun;B1;dis Adverbantage
disagree;Verb;A2;သဘောကှဲ
disappear;Verb;A2;ကှယျပြောကျ
disappointed;Adjective;B1;စိတ်ပျက်
disappointing;Adjective;B1;disappointing
disaster;Noun;A2;ဘေးအန္တရာယ်
disc;Noun;B2;disc ကို
discipline;Noun;B2;စည်းကမ်း
discount;Noun Verb;B1, B2;လျှော့စျေး
discover;Verb;A2;ရှာဖှေတှေ့
discovery;Noun;A2;ရှာဖွေတွေ့ရှိမှု
discuss;Verb;A1;ဆွေးနွေးရန်
discussion;Noun;A2;ဆွေးနွေးမှု
disease;Noun;A2;အနာ
dish;Noun;A1;ဟင်း
dishonest;Adjective;B2;မရိုးသားသော
dislike;Verb Noun;B1;မကြိုက်နှစ်သက်
dismiss;Verb;B2;ထုတ်ပစ်
display;Verb Noun;B2;ပြသ
distance;Noun;A2;အကွာအဝေး
distribute;Verb;B2;ဖြန့်ဝေ
distribution;Noun;B2;ဖြန့်ဖြူး
district;Noun;B2;နယ်
divide;Verb Noun;B1, B2;ခှဲခွား
division;Noun;B2;ဌာနခွဲ
divorced;Adjective;A2;အိမ်ထောင်ကွာရှင်း
do;Verb auxiliary verb;A1;ပြုပါ
doctor;Noun;A1;ဆရာဝန်
document;Noun Verb;A2, B2;စာရွက်စာတမ်း
documentary;Noun;B1;မှတ်တမ်းရုပ်ရှင်
dog;Noun;A1;ခှေး
dollar;Noun;A1;ဒေါ်လာစျေး
domestic;Adjective;B2;နိုင်ငံတွင်း
dominate;Verb;B2;ချုပ်ကိုင်နိုင်သော
donate;Verb;B1;ပေးကမ်း
door;Noun;A1;တံခါးပေါက်
double;Adjective det. proNoun Verb , Adverb;A2, B1;နှစ်ဆ
doubt;Noun Verb;B1;ယုံမှား
down;Adverb Prep;A1;နှိမ့်ချ
download;Verb Noun;A2;download,
downstairs;Adverb , Adjective;A1, A2;အောက်ထပ်
downwards;Adverb;B2;အောက်သို့
dozen;Noun det;B2;ဆယ့်နှစ်
draft;Noun Verb;B2;မူကြမ်း
drag;Verb;B2;ဆှဲ
drama;Noun;A2;ဒရာမာ
dramatic;Adjective;B2;အံ့သြဖွယ်
draw;Verb;A1;ဆှဲငငျ
drawing;Noun;A2;ကားပုံ
dream;Noun Verb;A2;အိပ်မက်
dress;Noun Verb;A1;အဝတ်အစား
dressed;Adjective;B1;ဝတ်ဆင်
drink;Noun Verb;A1;သောက်စရာ
drive;Verb Noun;A1, A2;မောင်း
driver;Noun;A1;မောင်းသူ
driving;Noun;A2;မောင်းနှင်မှု
drop;Verb Noun;A2, B1;တစ်စက်
drug;Noun;A2;ဆေး
drum;Noun;B1;စည်
drunk;Adjective;B1;မူးယစ်သော
dry;Adjective, Verb;A2;သှေ့ခွောကျ
due;Adjective;B1;ကြောင့်
during;prep;A1;နေစဉ်အတွင်း
dust;Noun;B1;ဖုန်မှုန့်
duty;Noun;B1;တာဝန်
DVD;Noun;A1;ဒီဗီဒီ
each;det./proNoun/Adverb;A1;အသီးအသီး
ear;Noun;A1;နား
early;Adjective Adverb;A1;စောစော
earn;Verb;A2;အသကျမှေး
earth;Noun;A2;မြေကြီးတပြင်
earthquake;Noun;B1;ငလျင်
easily;Adverb;A2;အလွယ်တကူ
east;Noun Adjective Adverb;A1;အရှေ့
eastern;Adjective;B1;အရှေ့
easy;Adjective;A1;လွယ်ကူသော
eat;Verb;A1;စားသည်
economic;Adjective;B1;စီးပွားရေး
economy;Noun;B1;စီးပွားရေးကို
edge;Noun;B1;အစပ်
edit;Verb;B2;ပြင်ဆင်ရန်
edition;Noun;B2;ထုတ်ဝေ
editor;Noun;B1;အယ်ဒီတာ
educate;Verb;B1;သင်ပေး
educated;Adjective;B1;ပညာတတ်
education;Noun;A2;ပညာရေး
educational;Adjective;B1;ပညာရေး
effect;Noun;A2;အကျိုး
effective;Adjective;B1;ထိရောက်သော
effectively;Adverb;B1;ထိရောက်စွာ
efficient;Adjective;B2;အကျိုးဖြစ်ထွန်းစေနိုင်သော
effort;Noun;B1;ကြိုးစားအားထုတ်မှု
egg;Noun;A1;ကြက်ဥ
eight;number;A1;ရှစ်
eighteen;number;A1;ဆယ့်ရှစ်
eighty;number;A1;ရှစ်ဆယ်
either;det./proNoun Adverb;A2;ဖြစ်စေ
elderly;Adjective;B2;သက်ကြီးရွယ်အို
elect;Verb;B2;ရှေးကောကျ
election;Noun;B1;ရှေးကောကျပှဲ
electric;Adjective;A2;လျှပ်စစ်
electrical;Adjective;A2;လျှပ်စစ်
electricity;Noun;A2;လျှပ်စစ်မီး
electronic;Adjective;A2;အီလက်ထရောနစ်
element;Noun;B1;ဓါတ်
elephant;Noun;A1;ဆင်
eleven;number;A1;ဆယ့်တစ်
else;Adverb;A1;အခြားသူ
elsewhere;Adverb;B2;တခြားနေရာ
email;Noun Verb;A1;အီးမေးလ်က
embarrassed;Adjective;B1;ရှက်
embarrassing;Adjective;B1;embarrassing
emerge;Verb;B2;ပေါ်လာ
emergency;Noun;B1;အရေးပေါ်အခြေအနေ
emotion;Noun;B1;စိတ်လှုပ်ရှားခြင်း
emotional;Adjective;B2;စိတ်ခံစားမှု
emphasis;Noun;B2;အလေးထားချက်
emphasize;Verb;B2;အလေးပေးပြောကြား
employ;Verb;A2;အလုပ်
employee;Noun;A2;လုပ်သား
employer;Noun;A2;အလုပ်ရှင်
employment;Noun;B1;အလုပ်
empty;Adjective, Verb;A2, B1;ဗလာ
enable;Verb;B2;enable
encounter;Verb Noun;B2;တှေ့ဆိုငျ
encourage;Verb;B1;အားပေး
end;Noun Verb;A1;အဆုံး
ending;Noun;A2;အဆုံးသတ်
enemy;Noun;B1;ရန်သူ
energy;Noun;A2;အင်အား
engage;Verb;B2;ထိတွေ့ဆက်ဆံ
engaged;Adjective;B1;စေ့စပ်
engine;Noun;A2;အင်ဂျင်ကို
engineer;Noun;A2;အင်ဂျင်နီယာ
engineering;Noun;B1;အင်ဂျင်နီယာ
enhance;Verb;B2;မြှင့်တင်ရန်
enjoy;Verb;A1;နှစ်သက်
enormous;Adjective;A2;အလွန်ကြီးကျယ်သော
enough;det. proNoun Adverb;A1;လုံလောက်သော
enquiry;Noun;B2;မေးခြင်း
ensure;Verb;B2;အာမခံ
enter;Verb;A2;ဝင်ရောက်
entertain;Verb;B1;Entertainment
entertainment;Noun;B1;ဖျော်ဖြေရေး
enthusiasm;Noun;B2;စိတ်အားထက်သန်ခြင်း
enthusiastic;Adjective;B2;စိတ်အားထက်သန်လှသော
entire;Adjective;B2;တစျခုလုံးကို
entirely;Adverb;B2;လုံးဝ
entrance;Noun;B1;ဝင်ပေါက်
entry;Noun;B1;entry ကို
environment;Noun;A2;ပတ်ဝန်းကျင်
environmental;Adjective;B1;သဘာဝပတ်ဝန်းကျင်ဆိုင်ရာ
episode;Noun;B1;အပိုင်း
equal;Adjective, Verb Noun;B1, B2;တူညီသော
equally;Adverb;B1;တူညီစွာ
equipment;Noun;A2;ပစ္စည်းကရိယာ
error;Noun;A2;အမှား
escape;Verb Noun;B1;ထှကျပွေး
especially;Adverb;A2;အထူးသဖြင့်
essay;Noun;A2;စာစီစာကုံး
essential;Adjective;B1;မရှိမဖြစ်
establish;Verb;B2;တည်ထောင်
estate;Noun;B2;အိမ်ခြံမြေ
estimate;Verb Noun;B2;ခန့်မှန်း
ethical;Adjective;B2;ကျင့်ဝတ်ဆိုင်ရာ
euro;Noun;A1;ယူရို
evaluate;Verb;B2;ခန့်မှန်း
even;AdVerb Adjective;A1, B2;ပင်
evening;Noun;A1;ညနေ
event;Noun;A1;အဖြစ်အပျက်
eventually;Adverb;B1;နောက်ဆုံးမှာ
ever;Adverb;A1;အစဉ်
every;det;A1;တိုင်း
everybody;proNoun;A1;လူတိုင်း
everyday;Adjective;A2;နေ့တိုင်း
everyone;proNoun;A1;လူတိုင်း
everything;proNoun;A1;အားလုံး
everywhere;Adverb;A2;နေရာတိုင်း
evidence;Noun;A2;သက်သေ
evil;Adjective, Noun;B2;ဆိုးသော
exact;Adjective;A2;အတိအကျ
exactly;Adverb;A2;တိကျစွာ
exam;Noun;A1;စာမေးပွဲ
examination;Noun;B2;စာမေးပှဲ
examine;Verb;B1;ဆနျးစစျ
example;Noun;A1;နမူနာ
excellent;Adjective;A2;အလွန်ကောင်းမွန်သော
except;prep, conj;A2, B1;မှတပါး
exchange;Noun Verb;B1;လဲလှယ်
excited;Adjective;A1;ထကြွသော
excitement;Noun;B1;ထကြွခြင်း
exciting;Adjective;A1;ထကြွဘွယ်ဖြစ်သော
excuse;Noun Verb;B2;ခွင့်လွှတ်
executive;Noun Adjective;B2;အုပ်ချုပ်ရေး
exercise;Noun Verb;A1;လေ့ကျင့်
exhibition;Noun;B1;ပြပွဲ
exist;Verb;A2;ဖြစ်တည်မှု
existence;Noun;B2;တည်ရှိမှု
expand;Verb;B1;တိုးချဲ့
expect;Verb;A2;မျှော်လင့်ထား
expectation;Noun;B2;မျှော်လင့်
expected;Adjective;B1;မျှော်လင့်ထားသည့်
expedition;Noun;B1;လေ့လာရေးအဖှဲ့
expense;Noun;B2;သုံးငှေ
expensive;Adjective;A1;စျေးကြီး
experience;Noun Verb;A2, B1;အတှေ့အကွုံ
experienced;Adjective;B1;အတွေ့အကြုံရှိ
experiment;Noun Verb;A2, B1;စမ်းသပ်မှု
expert;Noun Adjective;A2;ကျွမ်းကျင်သူ
explain;Verb;A1;ရှင်းပြ
explanation;Noun;A2;ရှင်းပြချက်
explode;Verb;B1;ပေါကျကှဲ
exploration;Noun;B2;ရှာဖွေရေး
explore;Verb;B1;စူးစမ်းလေ့လာ
explosion;Noun;B1;ပေါကျကှဲခွငျး
export;Noun Verb;B1;ထုတ်ကုန်
expose;Verb;B2;ကျရောက်စေ
express;Verb;A2;အမြန်
expression;Noun;A2;စကားရပ်
extend;Verb;B2;တိုးချဲ့
extent;Noun;B2;အကျယ်အဝန်း
external;Adjective;B2;ပြင်ပ
extra;Adjective, Noun Adverb;A1, B1;အပို
extraordinary;Adjective;B2;ထူးခြားသော
extreme;Adjective, Noun;A2, B2;အစွန်းရောက်
extremely;Adverb;A2;အလွန်
eye;Noun;A1;မျက်လုံး
face;Noun Verb;A1, B1;မျက်နှာ
facility;Noun;B2;စက်ရုံ
fact;Noun;A1;အချက်အလက်
factor;Noun;A2;အချက်
factory;Noun;A2;အလုပ်ရုံ
fail;Verb;A2;မလွဲမသွေ
failure;Noun;B2;မအောင်မြင်ခြင်း
fair;Adjective;A2;တရားမျှတတဲ့
fairly;Adverb;B1;မျှတစွာ
faith;Noun;B2;ယုံကြည်ခြင်း
fall;Verb Noun;A1, A2;ကျ
FALSE;Adjective;A1;အတုအယောငျ
familiar;Adjective;B1;အကျွမ်းတဝင်
family;Noun Adjective;A1;မိသားစု
famous;Adjective;A1;ကျြောစောသော
fan;Noun;A2;ပန်ကာ
fancy;Verb Adjective;B1;ဖန်စီ
fantastic;Adjective;A1;ထူးဆန်းသော
far;Adverb , Adjective;A1, B1;ဝေး
farm;Noun Verb;A1, A2;လယ်ယာ
farmer;Noun;A1;လယ်သမား
farming;Noun;A2;လယ်ယာ
fascinating;Adjective;B1;ညှို့တတျသော
fashion;Noun;A2;ဖက်ရှင်
fashionable;Adjective;B1;ဖက်ရှင်
fast;Adjective, Adverb;A1;လျင်မြန်စွာ
fasten;Verb;B1;ခညျြနှောငျ
fat;Adjective, Noun;A1, A2;ဆီ
father;Noun;A1;ဖခင်
fault;Noun;B2;ချွတ်ယွင်းချက်
favour;Noun Verb;B1, B2;ကြေးဇူး
favourite;Adjective, Noun;A1;အကြိုက်ဆုံး
fear;Noun Verb;A2, B1;ကြောက်ရွံ့သောစိတ်
feather;Noun;B2;ကွကျငှကျအမှေးအတောငျ
feature;Noun Verb;A2, B1;လက္ခဏာ
February;Noun;A1;ဖေဖေါ်ဝါရီလ
fee;Noun;B2;ကြေး
feed;Verb Noun;A2, B2;အစာ
feedback;Noun;B2;တုံ့ပြန်ချက်
feel;Verb Noun;A1, B2;ခံစားမှု
feeling;Noun;A1;ခံစားချက်
fellow;Adjective;B2;သူချင်း
female;Adjective, Noun;A2;အမြိုးသမီး
fence;Noun;B1;အကာ
festival;Noun;A1;ပွဲတော်
few;det./Adjective, proNoun;A1;နည်းသော
fiction;Noun;A2;စိတ်ကူးယဉ်
field;Noun;A2;လယ်ယာ
fifteen;number;A1;တဆယ်
fifth;number;A1;ပဉ္စမ
fifty;number;A1;ငါးဆယ်
fight;Verb Noun;A2;တိုကျပှဲ
fighting;Noun;B1;တိုက်ပွဲများ
figure;Noun Verb;A2, B2;ဂဏန်း
file;Noun Verb;B1, B2;ဖိုင်
fill;Verb;A1;ဝစွာ
film;Noun Verb;A1, A2;ရုပ်ရှင်
final;Adjective, Noun;A1, A2;နောက်ဆုံး
finally;Adverb;A2;နောက်ဆုံး
finance;Noun Verb;B2;ဘဏ္ဍာရေး
financial;Adjective;B1;ဘဏ္ဍာရေး
find;Verb;A1;ရှာဖွေမှု
finding;Noun;B2;တွေ့ရှိချက်
fine;Adjective;A1;ကောင်းသော
finger;Noun;A2;လကျခြောငျး
finish;Verb Noun;A1, A2;အပြီးသတ်
fire;Noun Verb;A1, B1;မီး
firm;Noun;B2;ခိုင်မာသော
first;det./number.AdVerb Noun;A1, A2;ပဌမ
firstly;Adverb;A2;ပထမ
fish;Noun Verb;A1, A2;ငါး
fishing;Noun;A2;ငါးဖမ်း
fit;Verb Adjective;A2;တော်အောင်ပြုပြင်
fitness;Noun;B1;အသုံးပြုနိုင်မှု
five;number;A1;ငါး
fix;Verb Noun;A2, B2;ပုံသေတပ်ထား
fixed;Adjective;B1;သတ်မှတ်ထားတဲ့
flag;Noun;B1;အလံ
flame;Noun;B2;မီးတောက်
flash;Noun Verb;B2;flash ကို
flat;Noun Adjective;A1, A2;ပြားသော
flexible;Adjective;B2;ကှေးနိုငျသော
flight;Noun;A1;လေယာဉ်ခရီးစဉ်
float;Verb;B2;မြော
flood;Noun Verb;B1;ရေကြီးခြင်း
floor;Noun;A1;အထပ်
flour;Noun;B1;မံှု့ညက်
flow;Verb Noun;B1;စီးဆင်းမှု
flower;Noun;A1;ပန်း
flu;Noun;A2;တုတျကှေးနာ
fly;Verb Noun;A1, A2;ယင်ကောင်
flying;Noun Adjective;A2;ပျံ
focus;Verb Noun;A2;အာရုံ
fold;Verb Noun;B1, B2;ခြံ
folding;Adjective;B2;ခေါက်
folk;Noun Adjective;B1;လူမျိုး
follow;Verb;A1;နောက်ဆက်တွဲ
following;Adjective, Noun prep;A2, B1, B2;အောက်ပါ
food;Noun;A1;အစာ
foot;Noun;A1;ခြေလျင်
football;Noun;A1;ဘောလုံး
for;prep.;A1;ဘို့
force;NounVerb;B1;အင်အား
foreign;Adjective;A2;နိုင်ငံခြားရေး
forest;Noun;A2;သစ်တော
forever;Adverb;B1;အစဉ်အမြဲ
forget;Verb;A1;မေ့လျော့
forgive;Verb;B2;အပြစ်လွှတ်
fork;Noun;A2;အမဲချိတ်
form;NounVerb;A1;ပုံသဏ္ဌာန်
formal;Adjective;A2;တရားဝင်
former;Adjective;B2;ဟောင်းတဦး
fortunately;Adverb;A2;ကံကောင်းစွာ
fortune;Noun;B2;ဉစ္စာဓန
forty;number;A1;လေးဆယ်
forward;AdVerb Adjective;A2, B2;ရှေ့သို့
found;Verb;B2;တွေ့ရှိရ
four;number;A1;လေး
fourteen;number;A1;ဆယ့်လေး
fourth;number;A1;စတုတ္တ
frame;NounVerb;B1;ဘောင်
free;Adjective, AdVerb Verb;A1,A2,B2;အခမဲ့
freedom;Noun;B2;လွတ်လပ်ရေး
freeze;Verb;B1;အေး။ ခဲ
frequency;Noun;B2;အကြိမ်ရေ
frequently;Adverb;B1;မကြာခဏ
fresh;Adjective;A2;လတ်ဆတ်သော
Friday;Noun;A1;သောကြာနေ့
fridge;Noun;A2;ရေခဲသေတ္တာ
friend;Noun;A1;မိတျဆှေ
friendly;Adjective;A1;ဖော်ရွေ
friendship;Noun;B1;ချစ်ကြည်ရင်းနှီးမှု
frighten;Verb;B1;ထိတ်လန့်
frightened;Adjective;B1;ထိတ်လန့်
frightening;Adjective;B1;ကြောက်မက်ဖွယ်
frog;Noun;A2;ဖါး
from;prep;A1;မှ
front;Noun Adjective;A1;ရှေ့
frozen;Adjective;B1;ရေခဲသော
fruit;Noun;A1;အသီး
fry;Verb;B1;ကျွော
fuel;Noun Verb;B1, B2;လောင်စာ
full;Adjective;A1;ပြည့်သော
fully;Adverb;B2;အပြည့်အဝ
fun;Noun Adjective;A1, A2;ပျော်စရာ
function;Noun Verb;B1, B2;လုပ်ဆောင်ချက်
fund;Noun Verb;B2;ရန်ပုံငွေ
fundamental;Adjective;B2;အခြေခံကျ
funding;Noun;B2;ရန်ပုံငွေ
funny;Adjective;A1;အံ့သြဘွယ်ကောင်းသော
fur;Noun;B1;သားမှေး
furniture;Noun;A2;အိမ်ထောင်ပရိဘောဂ
further;Adjective, Adverb;A2, B1;နောက်ထပ်
furthermore;Adverb;B2;ထို့ပြင်
future;Noun Adjective;A1, A2;အနာဂတ်
gain;Verb Noun;B2;အကျိုး
gallery;Noun;A2;ပြခန်း
game;Noun;A1;ဂိမ်း
gang;Noun;B2;အစု
gap;Noun;A2;အပေါက်
garage;Noun;B1;ကားရုံ
garden;Noun;A1;ဥယျာဉ်တော်
gas;Noun;A2;ဓါတျငှေ့
gate;Noun;A2;ဂိတ်
gather;Verb;B1;စုရုံး
general;Adjective;A2;ယေဘုယျ
generally;Adverb;B1;ယေဘုယျအားဖြင့်
generate;Verb;B2;ဖွစျပှါးစေ
generation;Noun;B1;မျိုးဆက်
generous;Adjective;B1;ရက်ရောသော
genre;Noun;B2;အမျိုးအစား
gentle;Adjective;B1;အမျိုးအနွယ်ကောင်းသော
gentleman;Noun;B1;အမျိုးကောင်းသား
geography;Noun;A1;ပထဝီဝင်
get;Verb;A1;get
ghost;Noun;B1;တစေ္ဆ
giant;Adjective, Noun;B1;ဘီလူး
gift;Noun;A2;ဆုကြေးဇူးကို
girl;Noun;A1;မိန်းကလေး
girlfriend;Noun;A1;မိန်းမကလေး
give;Verb;A1;ပေး
glad;Adjective;B1;ဝမျးသာ
glass;Noun;A1;ဖန်
global;Adjective;B1;ကမ္ဘာလုံးဆိုင်ရာ
glove;Noun;B1;လက်အိတ်
go;Verb Noun;A1, B1;သွားလာရင်း
goal;Noun;A2;ရည်မှန်းချက်
God;Noun;A2;ဘုရားသခ
gold;Noun Adjective;A2;ရှေ
golf;Noun;A2;ဂေါက်သီး
good;Adjective, Noun;A1, A2;ကောင်းသော
goodbye;exclam. Noun;A1;သွားတော့မယ်
goods;Noun;B1;ကုန်ပစ္စည်းများ
govern;Verb;B2;အုပ်ချုပ်
government;Noun;A2;အစိုးရ
grab;Verb;B2;ဆုပ်ကိုင်
grade;Noun Verb;B1, B2;တန်း
gradually;Adverb;B2;တဖြည်းဖြည်း
graduate;Noun Verb;B1;ဘွဲ့ရသည်
grain;Noun;B1;စပါး
grand;Adjective;B2;ခမ်းနား
grandfather;Noun;A1;အဘိုး
grandmother;Noun;A1;အဖွါး
grandparent;Noun;A1;ဘိုးဘွား
grant;Verb Noun;B2;ဂရန်
grass;Noun;A2;မြက်
grateful;Adjective;B1;ကျေးဇူးတင်
great;Adjective;A1;ကြီးမားသော
green;Adjective, Noun;A1;စိမ်းလန်းသော
greet;Verb;A2;နှုတ်ဆက်
grey;Adjective, Noun;A1;မီးခိုးရောင်
ground;Noun;A2;မြေပြင်
group;Noun;A1;အုပ်စုတစ်စု
grow;Verb;A1;ကြီးထွားအောင်
growth;Noun;B1;တိုးတက်မှုနှုန်း
guarantee;Verb Noun;B2;အာမခံချက်
guard;Noun Verb;B1;အစောင့်
guess;Verb Noun;A1;တှေးဆ
guest;Noun;A2;ဧည့်သည်
guide;Noun Verb;A2;လမ်းညွှန်
guilty;Adjective;B1;အပြစ်ရှိသော
guitar;Noun;A1;ဂီတာ
gun;Noun;A2;အမွောကျ
guy;Noun;A2;ကောင်လေး
gym;Noun;A1;အားကစားရုံ
habit;Noun;A2;ဓလေ့ထုံးစံ
hair;Noun;A1;ဆံပင်
half;Noundet.proNoun, Adverb;A1, A2;တဝက်
hall;Noun;A2;ခန်းမ
hand;Noun Verb;A1, B1;လက်
handle;Verb Noun;B2;လက်ကိုင်
hang;Verb;B1;ဆှဲထား
happen;Verb;A1;ဖြစ်ပျက်
happily;Adverb;A2;ပျော်ရွှင်စွာ
happiness;Noun;B1;ပျြောရှငျမှု
happy;Adjective;A1;ပျြောရှငျသော
hard;Adjective, Adverb;A1;ခိုင်မာသော
hardly;Adverb;B1;ခဲခက်စွာ
harm;Noun Verb;B2;ထိခိုက်စေ
harmful;Adjective;B2;အန္တရာယ်ဖြစ်နိုင်
hat;Noun;A1;ဉီးထုပ်
hate;Verb Noun;A1, B1;မုန်းထား
have;Verb auxiliary Verb;A1, A2;ရှိ
have to modal;Verb;A1;ပုံစံများရန်ရှိသည်
he;proNoun;A1;သူ
head;Noun Verb;A1, B1;ဦးခေါင်း
headache;Noun;A2;ခေါင်းကိုက်ခြင်း
headline;Noun;B1;ခေါင်းစဉ်
health;Noun;A1;ကျန်းမာရေး
healthy;Adjective;A1;ကျန်းမာသော
hear;Verb;A1;ကြား
hearing;Noun;B2;ကြားနာ
heart;Noun;A2;နှလုံး
heat;Noun Verb;A2;အပူ
heating;Noun;B1;အပူ
heaven;Noun;B2;မိုဃ်းကောင်းကင်က
heavily;Adverb;B1;အကြီးအကျယ်
heavy;Adjective;A2;လေးလံသော
heel;Noun;B2;ခွေဖနောငျ့
height;Noun;A2;အမြင့်
helicopter;Noun;B1;ရဟတ်ယာဉ်တစ်စင်း
hell;Noun;B2;ငရဲ
hello;exclam./Noun;A1;ဟယ်လို
help;Verb Noun;A1;ကူညီပါ
helpful;Adjective;A2;အသုံးဝင်သော
her;proNoundet;A1;သူမ
here;Adverb;A1;ဒီမှာ
hero;Noun;A2;သူရဲကောင်း
hers;proNoun;A2;ကြှနျမ
herself;proNoun;A2;သူ့ကိုယ်သူ
hesitate;Verb;B2;ချီတုံချတုံ
hey;exclam;A1;ဟေး
hi;exclam;A1;hi
hide;Verb;A2;ဝှက်ထား
high;Adjective, AdVerb Noun;A1, A2, B2;မြင့်သော
highlight;Verb Noun;B1;မီးမောင်းထိုးပြ
highly;Adverb;B1;မြင့်မား
hill;Noun;A2;တောင်ကုန်း
him;proNoun;A1;သူ့ကို
himself;proNoun;A2;မိမိကိုမိမိ
hire;Verb Noun;B1, B2;အမြတ်ရခြင်းအ
his;det. proNoun;A1, A2;သူ၏
historic;Adjective;B1;သမိုင်းဝင်
historical;Adjective;B1;သမိုင်း
history;Noun;A1;သမိုင်း
hit;Verb Noun;A2;ထိုး
hobby;Noun;A1;ဝါသနာ
hockey;Noun;A2;ဟော်ကီ
hold;Verb Noun;A2, B2;ကိုင်
hole;Noun;A2;အပေါက်
holiday;Noun;A1;အားလပ်ရက်များ
hollow;Adjective;B2;အခေါင်းရှိသော
holy;Adjective;B2;သန့်ရှင်းသောအ
home;Noun AdVerb Adjective;A1, A2;နေအိမ်
homework;Noun;A1;အိမ်စာ
honest;Adjective;B1;ရိုးသားသော
honour;Noun Verb;B2;ဂုဏ်
hope;Verb Noun;A1, A2;မျှော်လင့်ချက်
horrible;Adjective;B1;ကွောကျစရာကောငျးလှသော
horror;Noun;B1;ကွောကျလနျ့ခွငျး
horse;Noun;A1;မြင်း
hospital;Noun;A1;ဆေးရုံ
host;Noun Verb;B1, B2;အိမ်ရှင်
hot;Adjective;A1;ပူသော
hotel;Noun;A1;ဟော်တယ်
hour;Noun;A1;နာရီ
house;Noun Verb;A1, B2;အိမ်
household;Noun;B2;အိမ်ထောင်
housing;Noun;B2;အိမ်ရာ
how;Adverb;A1;ဘယ်လိုလဲ
however;Adverb;A1;သို့သော်
huge;Adjective;A2;ကြီးမားသော
human;Adjective, Noun;A2;လူ့
humorous;Adjective;B2;ဟာသရွှင်သော
humour;Noun;B2;ဟာသ
hundred;number;A1;တရာ
hungry;Adjective;A1;ဆာလောင်မွတ်သိပ်
hunt;Verb Noun;B1, B2;အမဲလိုက်ခြင်း
hunting;Noun;B2;အမဲလိုက်
hurricane;Noun;B1;လေပြင်းမုန်တိုင်း
hurry;Noun Verb;B1;အလျင်အမြန်လုပ်
hurt;Verb Adjective Noun;A2, B2;နာကျင်စေ
husband;Noun;A1;ခင်ပွန်း
I;proNoun;A1;ငါ
ice;Noun;A1;ရေခဲ
ice cream;Noun;A1;ရေခဲမုန့်
idea;Noun;A1;စိတ်ကူး
ideal;Adjective , Noun;A2, B2;ပုံစံ
identify;Verb;A2;ခွဲခြားသတ်မှတ်
identity;Noun;B1;ဝိသေသလက္ခဏာ
if;conj.;A1;လျှင်
ignore;Verb;B1;လျစ်လျူရှု
ill;Adjective;A2;မကျန်းမမာသော
illegal;Adjective;B1;တရားမဝင်သော
illness;Noun;A2;နာမကျန်းဖြစ်ခြင်း
illustrate;Verb;B2;ဥပမာပေးရ
illustration;Noun;B2;ရုပ်ပုံ
image;Noun;A2;ပုံရိပ်
imaginary;Adjective;B1;ထငျကွေးမှဖြွစျသော
imagination;Noun;B2;စိတ်ကူးဉာဏ်
imagine;Verb;A1;စိတ်ကူး
immediate;Adjective;B1;လက်ငင်း
immediately;Adverb;A2;ချက်ချင်း
immigrant;Noun;B1;ဝင်နေသူ
impact;Noun Verb;B1;သက်ရောက်မှု
impatient;Adjective;B2;စိတ်မရှည်နိုင်သော
imply;Verb;B2;ဆိုလို
import;Noun Verb;B1;တင်သွင်း
importance;Noun;B1;အရေးပါပုံ
important;Adjective;A1;အရေးကြီးသော
impose;Verb;B2;စည်းကြပ်
impossible;Adjective;A2;မဖြစ်နိုင်သော
impress;Verb;B2;Impress
impressed;Adjective;B2;သဘောကျပြီး
impression;Noun;B1;နှိပ်ရာ
impressive;Adjective;B1;မှတ်သားဘွယ်ဖြစ်သော
improve;Verb;A1;တိုးတက်ကောင်းမွန်အောင်
improvement;Noun;B1;တိုးတက်မှု
in;prep., Adverb;A1;တွင်
inch;Noun;B2;လက်မ
incident;Noun;B2;အဖြစ်အပျက်
include;Verb;A1;ပါဝင်
included;Adjective;A2;ပါဝင်သည်
including;prep.;A2;အပါအဝင်
income;Noun;B2;ဝငျငှေ
increase;Verb Noun;A2;တိုးမြှင့်လာသည်
increasingly;Adverb;B2;ပို. ပို.
incredible;Adjective;A2;မယုံနိုင်လောက်သော
incredibly;Adverb;B1;မယုံနိုင်လောက်အောင်
indeed;Adverb;B1;တကယ်ပါပဲ
independent;Adjective;A2;လွတ်လပ်သော
indicate;Verb;B1;ညွှန်ပြ
indirect;Adjective;B1;သွယ်ဝိုက်
individual;Noun, adj;A2;တစ်ဦးချင်းစီ
indoor;Adjective;B1;မိုးလုံလေလုံ
indoors;Adverb;B1;အိမ်တွင်း
industrial;Adjective;B2;စက်မှုလုပ်ငန်းဆိုင်ရာ
industry;Noun;A2;စက်မှုလုပ်ငန်း
infection;Noun;B2;ရောဂါကူးစက်
influence;NounVerb;B1;သြဇာလွှမ်းမိုးမှု
inform;Verb;B2;သတင်းပေး
informal;Adjective;A2;ထုံးတမ်းစဉ်လည်မဟုတ်သော
information;Noun;A1;သတင်းအချက်အလက်
ingredient;Noun;B1;ပါဝင်သောအရာ
initial;Adjective;B2;ကနဦး
initially;Adverb;B2;အစပိုင်းတွင်
initiative;Noun;B2;ပဏာမခြေလှမ်း
injure;Verb;B1;ဒဏ်ရာရသူ
injured;Adjective;B1;ဒဏ်ရာရ
injury;Noun;A2;အနာ
inner;Adjective;B2;အတွင်း
innocent;Adjective;B1;အပြစ်ကင်းသော
insect;Noun;A2;ပိုးမွှား
inside;prep.Adverb Noun Adjective;A2;ထဲမှာ
insight;Noun;B2;ထိုးဖေါက်သိမြင်ခြင်း
insist;Verb;B2;တိုကျတှနျးပွောဆို
inspire;Verb;B2;Inspire
install;Verb;B2;install
instance;Noun;B2;ဥပမာအားဖြင့်
instead;Adverb;A2;အစား
institute;Noun;B2;အင်ဆီကျွတ်
institution;Noun;B2;တည်ထောင်ခြင်း
instruction;Noun;A2;ညွှန်ကြားချက်
instructor;Noun;A2;နည်းပြဆရာ
instrument;Noun;A2;ကရိယာတန်းဆာ
insurance;Noun;B2;အာမခံ
intelligence;Noun;B1;ထောက်လှမ်းရေး
intelligent;Adjective;A2;ဉာဏ်ကောင်းသော
intend;Verb;B1;ကြံစည်
intended;Adjective;B2;ရည်ရွယ်
intense;Adjective;B2;ပြင်းထန်သော
intention;Noun;B1;အကြံအစည်
interest;Noun Verb;A1;စိတ်ဝင်စားမှု
interested;Adjective;A1;စိတ်ဝင်စားခဲ့သည်
interesting;Adjective;A1;စိတ်ဝင်စားစရာကောင်းသော
internal;Adjective;B2;ပြည်တွင်းရေး
international;Adjective;A2;အပြည်ပြည်ဆိုင်ရာ
internet;Noun;A1;အင်တာနက်
interpret;Verb;B2;စကားပြန်
interrupt;Verb;B2;ကြားဖြတ်
interview;Noun Verb;A1;အင်တာဗျူး
into;prep.;A1;သို့
introduce;Verb;A1;မိတ်ဆက်ပေး
introduction;Noun;A2;နိဒါန်း
invent;Verb;A2;တီထွင်
invention;Noun;A2;တီထွင်မှု
invest;Verb;B1;Invest
investigate;Verb;B1;စုံစမ်းစစ်ဆေးရန်
investigation;Noun;B2;စုံစမ်းစစ်ဆေးမှု
investment;Noun;B2;ရင်းနှီးမြှုပ်နှံမှု
invitation;Noun;A2;ဖိတ်ခေါ်ချက်
invite;Verb;A2;ဖိတ်ခေါ်
involve;Verb;A2;ပါဝင်စေ
involved;Adjective;B1;ပါဝင်ပတ်သက်
iron;Noun Verb;B1;သံ
island;Noun;A1;ကျွန်း
issue;Noun, Verb;B1, B2;ထုတ်ပြန်သည်
IT;Noun;B1;အိုင်တီ
it;proNoun;A1;က
item;Noun;A2;အချက်
its;det.;A1;ယင်း
itself;proNoun;A2;သူ့ဟာသူ
jacket;Noun;A1;အနွေးထည်
jam;Noun;A2;သစ်သီးယို
January;Noun;A1;ဇန္နဝါရီလ
jazz;Noun;A2;ဂျက်ဇ်
jeans;Noun;A1;ဂျင်းဘောင်းဘီ
jewellery;Noun;A2;ရတနာ
job;Noun;A1;အလုပ်
join;Verb;A1;ပူးပေါင်း
joke;Noun Verb;A2;ပြက်ရယ်စကား
journal;Noun;B1;ဂျာနယ်
journalist;Noun;A2;သတင်းစာဆရာ
journey;Noun;A1;ခရီးသွားခြင်း
joy;Noun;B2;ဝမ်းမြောက်သောစိတ်
judge;Noun Verb;B1;တရားသူကြီး
judgement;Noun;B2;တရားစီရင်ချက်
juice;Noun;A1;သစ်သီးရည်
July;Noun;A1;ဇူလိုင်လ
jump;Verb Noun;A2;ခုန်
June;Noun;A1;ဇွန်လ
junior;Adjective;B2;အသက်ငယ်သော
just;Adverb;A1;ရုံ
justice;Noun;B2;တရားစီရင်ရေး
justify;Verb;B2;မှနျကနျကွောငျးသကျသပွေ
keen;Adjective;B1;စိတ်အားထက်သန်
keep;Verb;A1;Keep
key;Noun, Adjective Verb;A1, B1;သော့
keyboard;Noun;B1;ကီးဘုတ်
kick;Verb Noun;B1;ကန်
kid;Noun;A2;ဆိတ်သငယ်
kill;Verb;A2;kill
killing;Noun;B1;သတ်ဖြတ်မှု
kilometre;Noun;A1;ကီလိုမမီတာ
kind(type);Noun;A1;ကြင်နာ (အမျိုးအစား)
kind(caring);Adjective;B1;ကြင်နာ (ဂရုစိုက်တတ်တဲ့)
king;Noun;A2;ရှငျဘုရငျသ
kiss;Verb Noun;B1;နမ်း
kitchen;Noun;A1;မီးဖိုခန်း
knee;Noun;A2;ဒူး
knife;Noun;A2;ဓါး
knock;Verb , Noun;A2, B1;ခေါက်
know;Verb;A1;သိ
knowledge;Noun;A2;အသိပညာ
lab;Noun;A2;ဓာတ်ခွဲခန်း
label;Noun Verb;B1;တံဆိပ်
laboratory;Noun;B1;စမ်းသပ်ခန်း
labour;Noun;B2;အလုပ်
lack;Noun Verb;B1;မရှိခြင်း
lady;Noun;A2;ကတော်
lake;Noun;A2;အင်းအိုင်
lamp;Noun;A2;မီးအိမ်
land;Noun, Verb;A1, A2;မြေယာ
landscape;Noun;B2;ရှုခင်း
language;Noun;A1;ဘာသာစကား
laptop;Noun;A2;လက်ပ်တော့
large;Adjective;A1;ကြီးမားသော
largely;Adverb;B2;အဓိကအား
last1 (final);det., Adverb n;A1, A2;last1 (နောက်ဆုံး)
last1 (taking time);Verb;A2;last1 (အချိန်ယူပြီး)
late;Adjective Adverb;A1;နောက်ကျ
later;Adverb , Adjective;A1, A2;နောက်ပိုင်းတွင်
latest;Adjective , Noun;B1, B2;နောက်ဆုံး
laugh;Verb Noun;A1;ရယ်မော
laughter;Noun;A2;အရယ်
launch;Verb Noun;B2;ပစ်လွှတ်
law;Noun;A2;ဥပဒ
lawyer;Noun;A2;ရှေ့နေ
lay;Verb;B1;Lay
layer;Noun;B1;အလွှာ
lazy;Adjective;A2;အပျင်းကြီးသော
lead;Verb , Noun;A2, B1;ခဲ
leader;Noun;A2;ခေါင်းဆောင်
leadership;Noun;B2;ခေါင်းဆောင်မှု
leading;Adjective;B1;ဦးဆောင်
leaf;Noun;B1;အရွက်
league;Noun;B2;လိဂ်
lean;Verb;B2;ကုန်း
learn;Verb;A1;သင်ကြား
learning;Noun;A2;သင်ယူမှု
least;det./proNoun Adverb;A2;အနည်းဆုံး
leather;Noun;B1;သားရေ
leave;Verb , Noun;A1, B2;ခွင့်
lecture;Noun Verb;A2;ဟောပွောပှဲ
left;Adjective Adverb Verb;A1;လက်ဝဲ
leg;Noun;A1;ခြေထောက်
legal;Adjective;B1;ဥပဒေရေးရာ
leisure;Noun;B1;အချိန်အား
lemon;Noun;A2;သံပယိုသီး
lend;Verb;A2;ခြေးငှါး
length;Noun;B1;အရှည်
less;det./pro Noun Adverb;A2;နည်းသော
lesson;Noun;A1;သင်ခန်းစာ
let;Verb;A1;စေ
letter;Noun;A1;အက္ခရာ
level;Noun, Adjective , Verb;A2, B1, B2;အဆင့်
library;Noun;A1;စာကြည့်တိုက်
licence;Noun;B2;လိုင်စင်
lie;Verb;A1;မုသား
lie;Verb Noun;B2;မုသား
life;Noun;A1;အသက်
lifestyle;Noun;A2;လူနေမှုပုံစံစတဲ့
lift;Verb;Noun;မသည်
light (from the sun/a lamp);Noun Adverb , Verb;A1, A2;(နေရောင် / ဆီမီးမှ) အလင်း
light (not heavy);Adjective;A2;အလင်း (မိုးသည်းထန်စွာမဟုတ်)
like (similar);prep.;A1;(အလားတူ) နဲ့တူ
like (find sb/sth pleasant);Verb , n;A1, B1;(SB / sth သာယာသောရှာတွေ့) နဲ့တူ
Noun;B1; ;နာမ်
likely;Adjective;A2;ဖွယ်ရှိ
limit;Noun Verb;B1;ကန့်သတ်
limited;Adjective;B2;ကန့်သတ်
line;Noun, Verb;A1, B2;လိုင်း
link;Noun Verb;A2;link ကို
lion;Noun;A1;ခြင်္သေ့သည်
lip;Noun;B1;နှုတ်ခမ်း
liquid;Noun Adjective;B1;အရည်
list;Noun Verb;A1;စာရင်း
listen;Verb;A1;နားထောင်
listener;Noun;A2;နားထောင်သူ
literature;Noun;B1;စာပေ
little;Adjective det./proNoun, Adverb;A1, A2;အနည်းငယ်သာ
live1;Verb;A1;live1
live2;Adjective Adverb;B1;live2
lively;Adjective;B2;ရွှင်ပျသော
living;Adjective Noun;B1;လူနေမှု
load;Noun Verb;B2;ဝန်
loan;Noun;B2;ခြေးငှေ
local;Adjective , Noun;A1, B1;ဒေသဆိုင်ရာ
locate;Verb;B1;တည်ရှိ
located;Adjective;B1;တည်ရှိသည်
location;Noun;B1;တည်နေရာ
lock;Verb Noun;A2;သော့ခတ်
logical;Adjective;B2;ယထာဘူတကျသော
lonely;Adjective;B1;တယောက်တည်းသော
long;Adjective Adverb;A1;ရှည်လျားသော
long-term;Adjective Adverb;B2;ရေရှည်
look;Verb , Noun;A1, A2;ကြည့်
loose;Adjective;B2;လျော့ရဲရဲ
lord;Noun;B2;အရှင်သည်
lorry;Noun;A2;ကုန်တင်ကား
lose;Verb;A1;ပြောကျသှား
loss;Noun;B1;အရှုံး
lost;Adjective;A2;ပျောက်
lot;proNoun det. Adverb;A1;အများကြီး
loud;Adjective Adverb;A2;အသံကျယ်သော
loudly;Adverb;A2;ကျယ်ကျယ်လောင်လောင်
love;Noun Verb;A1;ချစ်ခြင်းမေတ္တာ
lovely;Adjective;A2;လှပသော
low;Adjective Adverb , n;A2, B2;အနိမ့်
lower;Verb;B2;အနိမ့်
luck;Noun;A2;ကံကောင်းခြင်း
lucky;Adjective;A2;ကောင်းမွန်သော
lunch;Noun;A1;နေ့လယ်စာ
lung;Noun;B2;အဆုတ်
luxury;Noun;B1;ဇိမ်ခံ
machine;Noun;A1;စက်ယန္တရား
mad;Adjective;B1;ရူးသွပ်သော
magazine;Noun;A1;မဂ္ဂဇင်း
magic;Noun Adjective;B1;မျှော
mail;Noun Verb;A2;စာပို့
main;Adjective;A1;အဓိက
mainly;Adverb;B1;အများအားဖြင့်
maintain;Verb;B2;ထိန်းသိမ်းရန်
major;Adjective;A2;ဗိုလ်မှူး
majority;Noun;B2;အများစု
make;Verb , Noun;A1, B2;လုပ်
male;Adjective Noun;A2;အထီး
mall;Noun;B1;ကုန်တိုက်
man;Noun;A1;လူကို
manage;Verb;A2;စီမံခန့်ခွဲ
management;Noun;B1;စီမံခန့်ခွဲမှု
manager;Noun;A2;မန်နေဂျာ
manner;Noun;A2;နည်းလမ်း
many;det./proNoun;A1;များသော
map;Noun, Verb;A1, B2;မြေပုံ
March;Noun;A1;မတ်လ
mark;Verb Noun;A2;အမှတ်
market;Noun, Verb;A1, B1;စျေးကွက်
marketing;Noun;B1;စျေးကွက်ရှာဖွေရေး
marriage;Noun;B1;လက်ထပ်ထိမ်းမြား
married;Adjective;A1;လက်ထပ်
marry;Verb;A2;လက်ထပ်ထိမ်းမြား
mass;Noun Adjective;B2;အစုလိုက်အပြုံလိုက်
massive;Adjective;B2;ဧရာ
master;Noun Verb;B2;မာစတာ
match (contest/correspond);Noun Verb;A1;ပွဲစဉ် (ပြိုင်ပွဲ / ကိုက်ညီ)
matching;Adjective;B2;ကိုက်ညီခြင်း
material;Noun, Adjective;A2, B2;ပစ္စည်း
mathematics;Noun;A2;သင်္ချာအတတ်ပညာ
maths;Noun;A2;သင်္ချာ
matter;Noun Verb;A2;ကိစ္စ
maximum;Adjective Noun;B2;အများဆုံး
May;Noun;A1;မေလ
may modal;Verb;A2;ပုံစံများစေခြင်းငှါ
maybe;Adverb;A1;ဖြစ်နိုင်စရာ
me;proNoun;A1;ငါ့ကို
meal;Noun;A1;အစားအသောက်
mean;Verb;A1;ယုတ်
meaning;Noun;A1;အဓိပ်ပာယျ
means;Noun;B2;နည်းလမ်း
meanwhile;Adverb;B1;ဤအတောအတွင်း
measure;Verb Noun;B1;အတိုင်းအတာ
measurement;Noun;B2;တိုင်းတာခြင်း
meat;Noun;A1;အသား
media;Noun;A2;မီဒီယာ
medical;Adjective;A2;ဆေးဘက်
medicine;Noun;A2;ဆေးဝါး
medium;Adjective , Noun;B1, B2;အလယ်အလတ်
meet;Verb;A1;တှေ့ဆုံ
meeting;Noun;A1;အစည်းအဝေး
melt;Verb;B2;အရပျြော
member;Noun;A1;အဖှဲ့ဝငျ
memory;Noun;A2;မှတ်ဉာဏ်
mental;Adjective;B1;စိတ်ကျန်းမာရေး
mention;Verb , Noun;A2, B1;ဖေါ်ပြ
menu;Noun;A1;မီနူး
mess;Noun Verb;B1;ရှုပ်ထွေး
message;Noun;A1;မက်ဆေ့ခ်ျကို
metal;Noun;A2;သတ္တု
method;Noun;A2;နည်းလမ်း
metre;Noun;A1;မီတာ
middle;Noun Adjective;A2;အလယ်တန်း
midnight;Noun;A1;သန်းခေါင်ယံ
might modal;Verb;A2;တန်ခိုးကြီးခြင်းပုံစံများ
mild;Adjective;B1;နူးညံ့သိမ်မွေ့
mile;Noun;A1;မိုင်
military;Adjective Noun;B2;စစ်ရေး
milk;Noun;A1;နို့
million number; ;A1;သန်းအရေအတွက်ကို
mind;Noun Verb;A2;စိတ်ကို
mine (belongs to me);proNoun;A2;သတ္တုတွင်း (ငါ့ကိုပိုင်)
mine (hole in the ground);Noun;B1;သတ္တုတွင်း (မြေ၌ပေါက်)
mineral;Noun;B2;တွင်းထွက်သတ္တု
minimum;Adjective Noun;B2;အနည်းဆုံး
minister;Noun;B2;ဝန်ကြီး
minor;Adjective;B2;အသေးအဖှဲ
minority;Noun;B2;အနည်းစု
minute;Noun;A1;မိနစ်
mirror;Noun;A2;ကြည့်မှန်
miss;Verb;A1;လွမ်း
missing;Adjective;A2;ပျောက်ဆုံး
mission;Noun;B2;မစ်ရှင်
mistake;Noun, Verb;A1, B2;အမှား
mix;Verb Noun;B1;ရောနှော
mixed;Adjective;B2;ရောထွေး
mixture;Noun;B1;အရောအနှော
mobile;Adjective Noun;A2;မိုဘိုင်း
model;Noun, Verb;A1, B2;ပုံစံ
modern;Adjective;A1;ခေတ်သစ်
modify;Verb;B2;Modify
moment;Noun;A1;တခဏ
Monday;Noun;A1;တနင်္လာနေ့
money;Noun;A1;ပိုက်ဆံ
monitor;Noun Verb;B2;စောငျ့ရှောကျ
monkey;Noun;A2;မြောကျ
month;Noun;A1;လ
mood;Noun;B1;စိတ်နေသဘောထား
moon;Noun;A2;လ
moral;Adjective Noun;B2;ကိုယ်ကျင့်တရား
more;det./proNoun Adverb;A1;နောက်ထပ်
morning;Noun;A1;နံနက်
most;det./proNoun Adverb;A1;အများဆုံး
mostly;Adverb;A2;အများအားဖြင့်
mother;Noun;A1;မိခင်
motor;Noun Adjective;B2;စက်
motorcycle;Noun;A2;မော်တော်ဆိုင်ကယ်
mount;Verb;B2;mount
mountain;Noun;A1;တောင်
mouse;Noun;A1;ကြွက်
mouth;Noun;A1;ပါးစပ်
move;Verb , Noun;A1, B1;လှုပ်ရှား
movement;Noun;A2;လှုပ်ရှားမှု
movie;Noun;A1;ရုပ်ရှင်
much;det./proNoun Adverb;A1;အလွန်
mud;Noun;B1;ရွှံ့
multiple;Adjective;B2;မျိုးစုံ
multiply;Verb;B2;တိုးမြှင့်
mum;Noun;A1;mum,
murder;NounVerb;B1;လူသတ်မှု
muscle;Noun;B1;ကြွက်သား
museum;Noun;A1;ပြတိုက်
music;Noun;A1;ဂီတ
musical;Adjective , Noun;A2, B1;တေးဂီတ
musician;Noun;A2;ဂီတသမား
must modal;Verb;A1;မဖြစ်မနေပုံစံများ
my;det.;A1;ကြှနျတေျာ့
myself;proNoun;A2;ကိုယ့်ကိုယ်ကို
mysterious;Adjective;B2;နကျနဲသိမျမှေ့သော
mystery;Noun;B1;နက်နဲသောအရာ
nail;Noun;B1;သံမှို
name;Noun Verb;A1;နာမတျောကို
narrative;Noun Adjective;B1;ဇာတ်ကြောင်း
narrow;Adjective , Verb;A2, B2;ကျဉ်းသော
nation;Noun;B1;လူမျိုးသည်
national;Adjective , Noun;A2, B2;အမျိုးသားရေး
native;Adjective Noun;B1;ဇာတိ
natural;Adjective;A1;သဘာဝက
naturally;Adverb;B1;သဘာဝကျကျ
nature;Noun;A2;သဘာဝ
near;prep. Adjective Adverb;A1;အနား
nearly;Adverb;A2;နီးပါး
neat;Adjective;B2;သေသပ်သော
necessarily;Adverb;B1;သေချာပေါက်
necessary;Adjective;A2;လိုအပ်သော
neck;Noun;A2;လည်ပင်း
need;Verb , Noun, modal Verb;A1, A2, B1;လိုအပ်
needle;Noun;B1;အပ်
negative;Adjective , Noun;A1, B2;အနုတ်လက္ခဏာ
neighbour;Noun;A1;အိမ်နီးချင်း
neighbourhood;Noun;B1;ရပ်ကွက်ထဲ
neither;det./proNoun, Adverb;A2, B1;မဟုတ်
nerve;Noun;B2;အာရုံကွော
nervous;Adjective;A2;ဦးနှောက်အာရုံကြော
net;Noun;B1;ပိုက်
network;Noun;A2;ကွန်ယက်ကို
never;Adverb;A1;ဘယ်တော့မှ
nevertheless;Adverb;B2;သို့ရာတွင်
new;Adjective;A1;အသစ်က
news;Noun;A1;သတင်း
newspaper;Noun;A1;သတင်းစာ
next;Adjective Adverb , Noun;A1, B1;နောက်တစ်ခု
next to;prep.;A1;ဘေးမှာ
nice;Adjective;A1;ကောင်းတဲ့
night;Noun;A1;ည
nightmare;Noun;B2;အိပ်မက်ဆိုး
nine;number;A1;ကိုး
nineteen;number;A1;တဆယ့်ကိုး
ninety;number;A1;ကိုးဆယ်
no;exclam. det.;A1;အဘယ်သူမျှမ
no one;proNoun;A1;ဘယ်သူမှ
nobody;proNoun;A1;မညျသူမြှ
noise;Noun;A2;ဆူညံသံ
noisy;Adjective;A2;အသံကျယ်သော
none;pro Noun;A2;အဘယ်သူအားမျှ
nor;conj./Adverb;B1;မဟုတ်
normal;Adjective , Noun;A2, B1;သာမန်
normally;Adverb;A2;ပုံမှန်အားဖြင့်
north;Noun Adjective Adverb;A1;မွောကျ
northern;Adjective;B1;မြောက်ပိုင်း
nose;Noun;A1;နှာခေါင်း
not;Adverb;A1;မဟုတ်
note;Noun Verb;A1, B1;မှတ်စု
nothing;proNoun;A1;ဘာမြှ
notice;Verb Noun;A2;အသိပေးစာ
notion;Noun;B2;ထင်မြင်ချက်
novel;Noun;A2;ဝတ္တု
November;Noun;A1;နိုဝင်ဘာလ
now;Adverb , conj.;A1, B1;ယခု
nowhere;Adverb;A2;မညျသညျ့အရပျ၌မြှ
nuclear;Adjective;B1;နြူကလီးယား
number;Noun, Verb;A1, A2;ဂဏန်း
numerous;Adjective;B2;များပြားသော
nurse;Noun;A1;သူနာပြု
nut;Noun;A2;ခွံမာသီး
obey;Verb;B2;ဝင်. အစေခံ
object;Noun Verb;A1, B2;အရာဝတ္တု
objective;Noun Adjective;B2;ရည်ရွယ်ချက်
obligation;Noun;B2;တာဝန်
observation;Noun;B2;ရှုမွငျခွငျး, စောငျ့ရှောကျခွငျး
observe;Verb;B2;စောငျ့ရှောကျ
obtain;Verb;B2;ရရှိသည်
obvious;Adjective;B1;ထင်ရှားသော
obviously;Adverb;B1;သိသိသာသာ
occasion;Noun;B1;အခွင့်အခါ
occasionally;Adverb;B2;တခါတရံ
occur;Verb;B1;ဖြစ်ပျက်
ocean;Noun;A2;သမုဒ္ဒရာ
o’clock;Adverb;A1;နာရီ
October;Noun;A1;အောက်တိုဘာလ
odd;Adjective;B1;ထူးဆန်းသော
of;prep.;A1;၏
off;Adverb prep.;A1;သွား
offence;Noun;B2;ထိုးစစ်
offend;Verb;B2;စိတ်ထိခိုက်စေ
offensive;Adjective;B2;ထိုးစစ်ဆင်သော
offer;Verb Noun;A2;ပေးကမ်း
office;Noun;A1;ရုံး
officer;Noun;A2;စစ်ဗိုလ်
official;Adjective , Noun;B1, B2;အရာရှိ
often;Adverb;A1;ခဏခဏ
oh;exclam.;A1;Oh
oil;Noun;A2;ဆီ
OK;exclam. Adjective /Adverb;A1;ရလား
old;Adjective;A1;အဟောင်းကို
old-fashioned;Adjective;B1;အဟောင်း
on;prep. Adverb;A1;အပေါ်
once;Adverb , conj.;A1, B1;တခါ
one;number-det. proNoun;A1;တစ်
onion;Noun;A1;ကြက်သွန်နီ
online;Adjective Adverb;A1;အွန်လိုင်း
only;Adjective Adverb;A1;သာ
onto;prep.;A2;ပေါ်ကို
open;Adjective Verb;A1;ဖွင့်လှစ်
opening;Noun;B2;အဖွင့်
operate;Verb;B2;ခှဲစိတျကုသ
operation;Noun;B1;စစ်ဆင်ရေး
opinion;Noun;A1;သဘော
opponent;Noun;B2;ဆန့်ကျင်သူ
opportunity;Noun;A2;အခွင့်အရေး
oppose;Verb;B2;ဆန့်ကျင်
opposed;Adjective;B2;ဆန့်ကျင်
opposite;Adjective Adverb prep. Noun;A1;ဆန့်ကျင်ဘက်
opposition;Noun;B2;အတိုက်အခံ
option;Noun;A2;option ကို
or;conj.;A1;သို့မဟုတ်
orange;Noun Adjective;A1;လိမ္မော်သီး
order;Noun Verb;A1;အမိန့်
ordinary;Adjective;A2;သာမန်
organ;Noun;B2;ကိုယ်အင်္ဂါ
organization;Noun;A2;အဖှဲ့အစညျး
organize;Verb;A2;ဖှဲ့စညျး
organized;Adjective;B1;စနစ်တကျ
organizer;Noun;B1;စည်းရုံးရေးမှူး
origin;Noun;B2;မူလ
original;Adjective , Noun;A2, B1;မူရင်း
originally;Adverb;B1;မူလက
other;Adjective /proNoun;A1;အခြား
otherwise;Adverb;B2;မဟုတ်ရင်
ought;modal Verb;B1;သင့်၏
our;det.;A1;ကျွန်တော်တို့၏
ours;proNoun;B1;ငါတို့ဥစ်စာ
ourselves;proNoun;A2;ကိုယျ့ကိုယျကို
out;Adverb /prep.;A1;ထွက်
outcome;Noun;B2;အကျိုး
outdoor;Adjective;B1;ပြင်ပတွင်
outdoors;Adverb;B1;အိမ့်ပြင်တွင်
outer;Adjective;B2;ပြင်ဘက်တွင်ရှိသော
outline;Noun Verb;B2;အကြမ်းဖျင်း
outside;Adverb , prep. nouNoun Adjective;A1, A2;အပြင်မှာ
oven;Noun;A2;ပေါင်းအိုးမီးဖို
over;prep. Adverb;A1;ကျော်လွန်
overall;Adjective Adverb;B2;ခြုံငုံ
owe;Verb;B2;ကွှေးတငျ
own;Adjective /proNoun, Verb;A1, A2;ပိုင်ဆိုင်
owner;Noun;A2;ပိုင်ဆိုင်သူ
pace;Noun, Verb;B2;အရှိန်အဟုန်
pack;Verb , Noun;A2, B1;ဝန်ထုပ်
package;Noun, Verb;B1, B2;အထုပ်
page;Noun;A1;စာမျက်နှာ
pain;Noun;A2;နာခြင်း
painful;Adjective;B1;နာကျင်
paint;Verb Noun;A1;ပနျးခြီရေးဆှဲ
painter;Noun;A2;ပန်းချီဆရာ
painting;Noun;A1;ပန်းချီ
pair;Noun;A1;pair တစုံ
palace;Noun;A2;နန်းတော်
pale;Adjective;B1;အရောငျဖြော့သော
pan;Noun;B1;ကျင်ခွက်
panel;Noun;B2;panel က
pants;Noun;A2;ဘောင်းဘီ
paper;Noun;A1;စက္ကူ
paragraph;Noun;A1;စာပိုဒ်
parent;Noun;A1;မိဘ
park;Noun Verb;A1;ပန်းခြံ
parking;Noun;A2;ကားရပ်ခြံ
parliament;Noun;B2;ပါလီမန်လွှတ်တော်
part;Noun;A1;အပိုင်း
participant;Noun;B2;ပါဝင်သူ
participate;Verb;B1;ပါဝင်ဆောင်ရွက်
particular;Adjective;A2;အထူးသဖြင့်
particularly;Adverb;B1;အထူးသဖြင့်
partly;Adverb;B2;တစ်စိတ်တစ်ပိုင်း
partner;Noun;A1;မိတ်ဖက်
party;Noun;A1;ပါတီ
pass;Verb , Noun;A2, B1;Pass တ
passage;Noun;B2;လမ်းပေါက်
passenger;Noun;A2;ခရီးသည်
passion;Noun;B1;စှဲလနျးခွငျး
passport;Noun;A1;နိုင်ငံကူးလက်မှတ်
past;Adjective Noun prep., Adverb;A1, A2;အတိတ်
path;Noun;B1;လမ်းကြောင်း
patient;Noun, Adjective;A2, B2;လူနာ
pattern;Noun;A2;ပုံစံ
pay;Verb , Noun;A1, A2;အခပေး
payment;Noun;B1;ငွေပေးချေမှု
peace;Noun;A2;ငြိမ်းချမ်းရေး
peaceful;Adjective;B1;ငြိမ်းချမ်းသော
pen;Noun;A1;ကလောင်
pencil;Noun;A1;ခဲတံ
penny;Noun;A2;တစ်ပြားမှ
pension;Noun;B2;ပင်စင်လခ
people;Noun;A1;လူထု
pepper;Noun;A1;ငရုတ်ကောင်း
per;prep.;A2;နှုန်း
per cent;Noun Adjective /Adverb;A2;ရာခိုင်နှုန်း
percentage;Noun;B1;ရာခိုင်နှုန်း
perfect;Adjective;A1;စုံလင်သော
perfectly;Adverb;B1;ဿုံ
perform;Verb;A2;လုပ်ဆောင်
performance;Noun;B1;စွမ်းဆောင်ရည်
perhaps;Adverb;A2;ဖြစ်ကောင်း
period;Noun;A1;ကာလ
permanent;Adjective;B2;အမြဲတမ်း
permission;Noun;A2;အခွင့်
permit;Verb Noun;B2;ခွင့်ပြု
person;Noun;A1;လူ
personal;Adjective;A1;ပုဂ္ဂိုလ်ရေး
personality;Noun;A2;ပုဂ္ဂိုလ်
personally;Adverb;B1;ပုဂ္ဂိုလ်ရေးအရ
perspective;Noun;B2;ရှုထောင့်
persuade;Verb;B1;သှေးဆောငျ
pet;Noun;A2;ချစ်. ကစား
petrol;Noun;A2;ဓါတ်ဆီ
phase;Noun;B2;အဆင့်
phenomenon;Noun;B2;ဖြစ်ရပ်ဆန်း
philosophy;Noun;B2;အဘိဓမ္မာ
phone;Noun Verb;A1;ဖုန်းကို
photo;Noun;A1;ဓာတ်ပုံကို
photograph;Noun, Verb;A1, A2;ဓါတ်ပုံ
photographer;Noun;B1;ဓာတ်ပုံဆရာ
photography;Noun;B1;ဓာတ်ပုံ
phrase;Noun;A1;ထားသောစာပိုဒ်တိုများ
physical;Adjective;A2;ရုပ်ပိုင်းဆိုင်ရာ
physics;Noun;A2;ရူပေဗဒ
piano;Noun;A1;စန္တယား
pick;Verb , Noun;A2, B2;ခူး
picture;Noun, Verb;A1, B2;ရုပ်ပုံ
piece;Noun;A1;အပိုင်းအစ
pig;Noun;A1;ဝက်
pile;Noun Verb;B2;သစ်ပုံ
pilot;Noun;A2;လေယာဉ်မှူး
pin;Noun Verb;B1;တွယ်အပ်
pink;Adjective Noun;A1;ပန်းရောင်
pipe;Noun;B1;ပြွန်
pitch;Noun;B2;အစေး
place;Noun Verb;A1, B1;နေရာ
plain;Adjective;B2;လွင်ပြင်
plan;Noun Verb;A1;စီမံကိန်း
plane;Noun;A1;လေယာဉ်
planet;Noun;A2;ဂြိုဟ်
planning;Noun;B1;စီမံကိန်းရေးဆွဲခြင်း
plant;Noun Verb;A1, A2;စက်ရုံ
plastic;Noun Adjective;A2;ပလပ်စတစ်
plate;Noun;A2;ပန်းကန်
platform;Noun;A2;ပလက်ဖောင်း
play;Verb Noun;A1;ကစား
player;Noun;A1;ကစားသူ
pleasant;Adjective;B1;သာယာသော
please;exclam., Verb;A1, A2;ကျေးဇူးပြု
pleased;Adjective;A2;ကျေနပ်
pleasure;Noun;B1;အပျြောအပါး
plenty;proNoun;B1;ပဒေသာ
plot;Noun, Verb;B1, B2;မွေကှကျ
plus;prep., Adjective conj., Noun;B1, B2;ပေါင်း
pocket;Noun;A2;အိတ်
poem;Noun;B1;ကဗျာ
poet;Noun;B1;ကဗျာဆရာ
poetry;Noun;B1;ကဗျာ
point;Noun, Verb;A1, B1;အမှတ်
pointed;Adjective;B2;ချွန်
poison;Noun Verb;B1;အဆိပ်
poisonous;Adjective;B1;အဆိပ်အတောက်ဖြစ်သော
police;Noun;A1;ရဲတပ်ဖွဲ့
policeman;Noun;A1;ရဲသား
policy;Noun;B1;မူဝါဒက
polite;Adjective;A2;ယဉျကြေးသော
political;Adjective;B1;နိုင်ငံရေးအရ
politician;Noun;B1;နိုင်ငံရေးသမား
politics;Noun;B1;နိုင်ငံရေး
pollution;Noun;A2;ညစ်ညမ်းစေခြင်း
pool;Noun;A1;ရေကူးကန်
poor;Adjective;A1;ဆင်းရဲသော
pop;Noun Adjective;A2;ပေါ့ပ်
popular;Adjective;A1;လူကြိုက်များ
popularity;Noun;B2;လူကြိုက်များ
population;Noun;A2;လူဦးရေ
port;Noun;B1;port ကို
portrait;Noun;B1;ပုံတူ
pose;Verb;B2;pose
position;Noun, Verb;A2, B2;အနေအထား
positive;Adjective , Noun;A1, B2;အပြုသဘောဆောင်
possess;Verb;B2;အပိုင်
possession;Noun;A2;အပိုင်
possibility;Noun;A2;ဖြစ်နိုင်ခြေ
possible;Adjective;A1;ဖြစ်နိုင်သော
possibly;Adverb;B1;ဖြစ်နိုင်အောင်
post;Noun Verb;A1;တိုင်
poster;Noun;A2;နံရံကပ်ကြော်ငြာ
pot;Noun;B1;အိုး
potato;Noun;A1;အာလူး
potential;Adjective Noun;B2;အလားအလာ
pound;Noun;A1;ပေါင်ချိန်
pour;Verb;B1;သွန်းလောင်း
poverty;Noun;B1;ဆင်းရဲခြင်း
powder;Noun;B1;အမှုန့်
power;Noun, Verb;A2, B2;စွမ်းအား
powerful;Adjective;B1;အစွမ်းထက်
practical;Adjective;B1;လက်တွေ့ကျတဲ့
practice;Noun;A1;လေ့ကျင့်သည်
practise;Verb;A1;လေ့ကျင့်သည်
praise;Noun Verb;B2;ချီးမွမ်း
pray;Verb;B1;ဆုတောင်း
prayer;Noun;B1;ဆုတောင်းပဌနာ
predict;Verb;A2;အနာဂတ်ဟော
prediction;Noun;B1;ခန့်မှန်း
prefer;Verb;A1;ပိုကြိုက်
pregnant;Adjective;B2;ကိုယ်ဝန်ရှိ
preparation;Noun;B2;ပြင်ဆင်မှု
prepare;Verb;A1;ပြင်ဆင်ထား
prepared;Adjective;B1;ပြင်ဆင်ထား
presence;Noun;B2;ရှိနေခြင်း
present;Adjective Noun, Verb;A1, A2;လက်ဆောင်
presentation;Noun;B1;တင်ဆက်မှု
preserve;Verb;B2;ထိနျးသိမျး
president;Noun;A2;သမတ
press;Verb Noun;B1;စာနယ်ဇင်းများ
pressure;Noun;B1;ဖိအား
pretend;Verb;B1;ဟန်ဆောင်
pretty;Adjective Adverb;A1;လှပသော
prevent;Verb;A2;ကာကွယ်ဆေး
previous;Adjective;B1;လွန်ခဲ့သော
previously;Adverb;B1;ယခင်က
price;Noun, Verb;A1, B2;စျေးနှုန်း
priest;Noun;B1;ယဇ်ပုရောဟိတ်
primary;Adjective;B1;မူလတန်း
prime;Adjective;B2;သုဒ္ဓ
prince;Noun;B1;မင်းသား
princess;Noun;B1;မင်းသမီး
principle;Noun;B2;နိယာမ
print;Verb , Noun;A2, B2;ပုံနှိပ်
printer;Noun;A2;ပုံနှိပ်စက်
printing;Noun;B1;ပုံနှိပ်ခြင်း
priority;Noun;B2;ဦးစားပေး
prison;Noun;A2;အကျဉ်းထောင်
prisoner;Noun;B1;အကျဉ်းသား
privacy;Noun;B2;privacy ကို
private;Adjective;B1;ကိုယ်ပိုင်
prize;Noun;A2;ဆု
probably;Adverb;A1;ဖြစ်နိုင်
problem;Noun;A1;ပြဿနာ
procedure;Noun;B2;လုပ်ထုံးလုပ်နည်း
process;Noun, Verb;A2, B2;ဖြစ်စဉ်
produce;Verb , Verb;A2, B2;ဟင်းသီးဟင်းရွက်
producer;Noun;B1;ထုတ်လုပ်သူ
product;Noun;A1;ကုန်ပစ္စည်း
production;Noun;B1;ထုတ်လုပ်မှု
profession;Noun;B1;အလုပ်အကိုင်
professional;Adjective , Noun;A2, B2;ပရော်ဖက်ရှင်နယ်
professor;Noun;A2;ပါမောက္ခ
profile;Noun;A2;ပရိုဖိုင်းကို
profit;Noun;B1;အမြတ်အစွန်း
program;Noun, Verb;A2, B1;အစီအစဉ်
programme;Noun;A1;အစီအစဉ်
progress;Noun, Verb;A2, B2;တိုးတက်ခြင်း
project;Noun, Verb;A1, B2;စီမံကိန်း၏
promise;Verb Noun;A2;ကတိ
promote;Verb;B1;မြှင့်တင်ရန်
pronounce;Verb;A2;ကွညောခ
proof;Noun;B2;အထောက်အထား
proper;Adjective;B1;သငျ့လျြောသော
properly;Adverb;B1;စနစ်တကျ
property;Noun;B1;အိမ်ခြံမြေ
proposal;Noun;B2;အဆိုပြုချက်
propose;Verb;B2;အကြံပေး
prospect;Noun;B2;အမြင်
protect;Verb;A2;ကာကွယ်သည်
protection;Noun;B2;ကာကွယ်မှု
protest;Noun Verb;B1;ကန့်ကွက်
proud;Adjective;B1;မာနထောင်လွှား
prove;Verb;B1;သက်သေပြ
provide;Verb;A2;ပေး
psychologist;Noun;B2;စိတ်ပညာရှင်
psychology;Noun;B2;စိတ္ပညာ
pub;Noun;A2;အရက်ဆိုင်
public;Adjective Noun;A2;အများပြည်သူ
publication;Noun;B2;ပုံနှိပ်ထုတ်ဝေခြင်း
publish;Verb;A2;ပုံနှိပ်ထုတ်ဝေ
pull;Verb , Noun;A2, B1;ဆွဲပါ
punish;Verb;B1;ငါသည်အပြစ်ပေး
punishment;Noun;B1;ပြစ်ဒဏ်
pupil;Noun;B2;ကြောငျးသား
purchase;Noun Verb;B2;ဝယ်ယူ
pure;Adjective;B2;သန့်စင်သော
purple;Adjective Noun;A1;ခရမ်းရောင်နု
purpose;Noun;A2;ရည်ရွယ်ချက်
pursue;Verb;B2;ညှဉျးဆဲ
push;Verb , Noun;A2, B1;တွန်းထိုး
put;Verb;A1;ထား
qualification;Noun;B1;အရည်အချင်း
qualified;Adjective;B1;ကျွမ်းကျင်သော
qualify;Verb;B1;ထင်ရှား
quality;Noun;A2;အရည်အသွေး
quantity;Noun;A2;အရေအတွက်
quarter;Noun;A1;လေးပုံတပုံ
queen;Noun;A2;မိဖုရား
question;Noun, Verb;A1, A2;မေးခွန်း
queue;Noun Verb;B1;ဆံပင်ကြိုး
quick;Adjective;A1;လျင်မြန်သော
quickly;Adverb;A1;လျင်မြန်စွာ
quiet;Adjective;A1;တိတ်ဆိတ်သော
quietly;Adverb;A2;တိတ်တဆိတ်
quit;Verb;B1;ထွက်သည်
quite;Adverb;A1;လုံးလုံး
quotation;Noun;B1;ကိုးကာချက်
quote;Verb Noun;B1;စြေးထား
race (competition);NounVerb;A2;ပြိုင်ပွဲ (ယှဉ်ပြိုင်မှု)
race (people);Noun;B1;ပြိုင်ပွဲ (လူတွေ)
racing;Noun;B1;ပြိုင်ကား
radio;Noun;A1;ရေဒီယို
railway;Noun;A2;ရထားလမ်း
rain;Noun Verb;A1;မိုးရေ
raise;Verb;A2;လစာတိုး
range;Noun, Verb;B1, B2;အကွာအဝေး
rank;Noun Verb;B2;အဆင့်
rapid;Adjective;B2;အလွန်လျင်မြန်သော
rapidly;Adverb;B2;လျင်မြန်စွာ
rare;Adjective;B1;ရှားပါးသော
rarely;Adverb;B1;ခဲ
rate;Noun, Verb;A2, B2;မှုနှုန်း
rather;Adverb;A2;ထက်
raw;Adjective;B2;ကုန်ကြမ်း
reach;Verb , Noun;A2, B2;လက်လှမ်းမမီ
react;Verb;A2;တုံ့ပြန်
reaction;Noun;B1;တုံ့ပြန်မှု
read;Verb;A1;ဖတ်ပြီးသား
reader;Noun;A1;စာဖတ်သူကို
reading;Noun;A1;စာဖတ်ခြင်း
ready;Adjective;A1;အဆင်သင့်
real;Adjective;A1;စစ်မှန်သော
realistic;Adjective;B2;လက်တွေ့
reality;Noun;B1;အမှန်
realize;Verb;A2;နားလည်
really;Adverb;A1;အမှန်
reason;Noun;A1;အကွောငျးရငျး
reasonable;Adjective;B2;ကျိုးကြောင်းဆီလျော်
recall;Verb;B2;ပြန်ခေါ်
receipt;Noun;B1;ပွေစာ
receive;Verb;A2;ခံယူ
recent;Adjective;A2;မကြာသေးမီ
recently;Adverb;A2;မကြာသေးမီက
reception;Noun;A2;ဧည့်ခန်း
recipe;Noun;A2;ဆေးစာ
recognize;Verb;A2;မှတ်မိ
recommend;Verb;A2;ထောက်ခံ
recommendation;Noun;B1;ထောက်ခံချက်
record;Noun Verb;A2;စံချိန်
recording;Noun;A2;အသံသွင်းချက်
recover;Verb;B2;recover
recycle;Verb;A2;ပြန်လည်အသုံးပြု
red;Adjective Noun;A1;အနီေရာင်
reduce;Verb;A2;လျှော့ချ
reduction;Noun;B2;လျှော့ချရေး
refer;Verb;A2;ရည်ညွှန်း
reference;Noun;B1;အညွှန်း
reflect;Verb;B1;ရောင်ပြန်ဟပ်
refuse;Verb;A2;ြငင်းပယ်
regard;Verb Noun;B2;ကိစ်စနှငျ့ ပတျသကျ.
region;Noun;A2;ဒေသ
regional;Adjective;B2;ဒေသဆိုင်ရာ
register;Verb Noun;B2;စာရင်း
regret;Verb Noun;B2;ဝမ်းနည်း
regular;Adjective;A2;ပုံမှန်အစည်းအဝေး
regularly;Adverb;B1;မှန်မှန်
regulation;Noun;B2;နည်းကျအောင်ပြုလုပ်ခြင်း
reject;Verb;B1;ပယ်ချ
relate;Verb;B1;ပွောဆို
related;Adjective;B1;ဆက်စပ်
relation;Noun;B1;ဆှေမြိုး
relationship;Noun;A2;ကြားဆက်ဆံရေး
relative;Adjective Noun;B1;ဆွေမျိုး
relatively;Adverb;B2;နှိုငျး စား.
relax;Verb;A1;သက်တောင့်သက်သာနေပါ
relaxed;Adjective;B1;ဖြေလျော့ပေးခြင်း
relaxing;Adjective;B1;လြှော့ပေါ့သော
release;Verb Noun;B1;လွှတ်ပေး
relevant;Adjective;B2;သက်ဆိုင်ရာ
reliable;Adjective;B1;စိတ်ချရသော
relief;Noun;B2;ကယ်ဆယ်ရေးစခန်း
religion;Noun;B1;ဘာသာ
religious;Adjective;B1;ဘာသာရေး
rely;Verb;B2;အားကိုး
remain;Verb;B1;ကျန်ရစ်
remark;Noun Verb;B2;ပွောဆို
remember;Verb;A1;သတိရ
remind;Verb;B1;သတိရစေ
remote;Adjective;B1;ဝေးလံသော
remove;Verb;A2;remove အား
rent;Noun Verb;B1;ငှားရန်
repair;Verb , Noun;A2, B1;ပြုပြင်
repeat;Verb , Noun;A1, B1;ပြန်ဆို
repeated;Adjective;B1;ထပ်ခါတလဲလဲ
replace;Verb;A2;အစားထိုးဖို့
reply;Verb Noun;A2;ပြန်ကြားချက်
report;Noun, Verb;A1, A2;အစီရင်ခံစာ
reporter;Noun;A2;အစီရင်ခံစာတင်သွင်းသူ
represent;Verb;B1;ကိုယ်စားပြု
representative;Noun Adjective;B2;ကိုယ်စားလှယ်
reputation;Noun;B2;ဂုဏ်သရေ
request;Noun, Verb;A2, B1;တောင်းဆိုချက်ကို
require;Verb;B1;တောင်းဆို
requirement;Noun;B2;လိုအပ်ချက်
rescue;Verb Noun;B2;ကယ်ဆယ်
research;Noun Verb;A2;သုတေသန
researcher;Noun;A2;သုတေသီ
reservation;Noun;B1;ကြိုးဝိုင်းသစ်တော
reserve;Noun Verb;B2;ချန်လှပ်ထား
resident;NounAdjective;B2;နေထိုင်သူ
resist;Verb;B2;ခုခံ
resolve;Verb;B2;စိတ်ပြဌါန်း
resort;Noun;B2;သွားရောက်ရာအရပ်
resource;Noun;B1;အရင်းအမြစ်
respect;Noun Verb;B1;လေးစားမှု
respond;Verb;A2;တုံ့ပြန်
response;Noun;A2;တုံ့ပြန်ချက်
responsibility;Noun;B1;တာဝန်
responsible;Adjective;B1;တာဝန်ရှိသော
rest (remaining part);Noun;A2;ကြွင်းသောအရာ (ကျန်ရှိသောအစိတ်အပိုင်း)
rest (sleep/relax);Noun Verb;A2;ကြွင်းသောအရာ (အိပ်စက်မှု / အပန်းဖြေ)
restaurant;Noun;A1;စားသောက်ဆိုင်
result;Noun, Verb;A1, B1;ရလဒ်
retain;Verb;B2;လက်ရှိထား
retire;Verb;B1;ဆုတ်ခွါ
retired;Adjective;B1;အငြိမ်းစား
return;Verb Noun;A1;ပြန်လာ
reveal;Verb;B2;ထုတ်ဖေါ်
review;Noun Verb;A2;ပြန်လည်သုံးသပ်
revise;Verb;B1;ပြန်လည်စစ်ဆေးကြည့်ရှု
revolution;Noun;B2;တော်လှန်ရေး
reward;Noun Verb;B2;ဆုလာဘ်
rhythm;Noun;B2;အသံညီခြင်း
rice;Noun;A1;ဆန်
rich;Adjective;A1;ကြွယ်ဝသော
rid;Verb;B2;ဖယ်ရှားပစ်ဖို့
ride;Verb , Noun;A1, A2;စီးနင်း
right;Adjective Adverb Noun;A1;မှန်သော
ring;Noun;A2;လက်စွပ်
ring;Verb , Noun;A2, B1;လက်စွပ်
rise;Verb , Noun;A2, B1;တက်
risk;Noun Verb;B1;အန္တရာယ်
river;Noun;A1;မြစ်
road;Noun;A1;လမ်း
robot;Noun;B1;ရောဘတ်စက်ရုပ်
rock (stone);Noun;A2;ရော့ခ် (ကြောကျခဲ)
rock (music);Noun;A2;ရော့ခ် (ဂီတ)
role;Noun;A2;အခန်းကဏ္ဍ
roll;Verb Noun;B1;လိပ်
romantic;Adjective;B1;စိတ်ကူးယဉ်တတ်သော
roof;Noun;A2;ခေါင်မိုး
room;Noun;A1;အခန်း
root;Noun;B2;အမြစ်
rope;Noun;B1;ကြိုးကြီး
rough;Adjective;B1;ကြမ်းတမ်းသော
round;Adjective Adverb prep., Noun;A2, B2;ပတ်ပတ်လည်
route;Noun;A2;ခရီးစဉ်
routine;Noun, Adjective;A1, B2;လုပ်ရိုးလုပ်စဉ်
row;Noun;B1;အတန်း
royal;Adjective;B1;တော်ဝင်
rub;Verb;B2;ပွတ်တိုက်
rubber;Noun Adjective;B2;ရော်ဘာ
rubbish;Noun;A2;အမှိုကျ
rude;Adjective;A2;ကြမ်းသော
rugby;Noun;B1;ရပ်ဂ်ဘီ
rule;Noun, Verb;A1, B1;အုပ်ချုပ်
run;Verb , Noun;A1, A2;ပွေးသှား
runner;Noun;A2;အပြေးသမား
running;Noun;A2;အပြေး
rural;Adjective;B2;ကျေးလက်နေ
rush;Verb Noun;B2;ကျူပင်
sad;Adjective;A1;ဝမ်းနည်းသော
sadly;Adverb;A2;ဝမ်းနည်းစွာ
safe;Adjective;A2;လုံခွုံသော
safety;Noun;B1;လုံခွုံမှု
sail;Verb , Noun;A2, B1;ရွက်
sailing;Noun;A2;ရွက်လွှင့်ခြင်း
sailor;Noun;B1;သငေ်္ဘာသား
salad;Noun;A1;ဆလတ်ရွက်သုပ်
salary;Noun;A2;လစာ
sale;Noun;A2;ရောင်းချခြင်း
salt;Noun;A1;ဆားငန်
same;Adjective proNoun Adverb;A1;တူညီတဲ့
sample;Noun, Verb;B1, B2;နမူနာ
sand;Noun;B1;သဲ
sandwich;Noun;A1;ဆန်းဒဝစ်
satellite;Noun;B2;ဂြိုဟ်တု
satisfied;Adjective;B2;စိတ်ကျေနပ်မှု
satisfy;Verb;B2;ကွေနပျစေ
Saturday;Noun;A1;စနေနေ့
sauce;Noun;A2;ချဉ်ရည်
save;Verb;A2;မှတပါး
saving;Noun;B2;ချွေတာ
say;Verb;A1;ပြော
scale;Noun;B2;စကေး
scan;Verb;B1;စကင်
scared;Adjective;A2;ကြောက်တယ်
scary;Adjective;A2;ကြောက်စရာ
scene;Noun;A2;မြင်ကွင်း
schedule;Noun, Verb;A2, B2;အချိန်ဇယား
scheme;Noun;B2;အစီအစဉ်
school;Noun;A1;ကြောငျး
science;Noun;A1;သိပ္ပံ
scientific;Adjective;B1;သိပ္ပံနည်းကျသော
scientist;Noun;A1;ပညာရှင်
score;Verb Noun;A2;နိုင်ပြီ
scream;Verb Noun;B2;အော်ဟစ်
screen;NounVerb;A2, B2;ဖန်သားပြင်
script;Noun;B1;ဇာတ်ညွှန်း
sculpture;Noun;B1;ကြောကျရုပျ
sea;Noun;A1;ပင်လယ်
search;Noun Verb;A2;ရှာဖှေ
season;Noun;A2;ရာသီ
seat;Noun Verb;A2, B2;ထိုင်ခုံ
second1 (next after the first);et./ number, Adverb;A1, A2;second1 (ပထမအပြီးလာမယ့်)
second1 (unit of time);Noun;A1;second1 (အချိန်ယူနစ်)
secondary;Adjective;B1;အလယ်တန်း
secondly;Adverb;A2;ဒုတိယအ
secret;Adjective, Noun;A2;လျှို့ဝှက်ချက်
secretary;Noun;A2;အတွင်းဝန်
section;Noun;A1;အပိုင်း
sector;Noun;B2;ကဏ္ဍ
secure;Verb Adjective;B2;လုံခြုံစိတ်ချ
security;Noun;B1;လုံခွုံရေး
see;Verb;A1;မြင်
seed;Noun;B1;အစေ့
seek;Verb;B2;ရှာအံ့သောငှါ
seem;Verb;A2;ထင်ရ
select;Verb;B2;ကို select
selection;Noun;B2;ရွေးချယ်ရေး
self;Noun;B2;ကိုယ့်ကိုယ်ကို
sell;Verb;A1;ရောင်း
send;Verb;A1;ပို့
senior;Adjective;B2;အကြီးတန်း
sense;Noun Verb;A2, B2;အာရုံ
sensible;Adjective;B1;အသိဉာဏ်ရှိသော
sensitive;Adjective;B2;အထိခိုက်မခံ
sentence;Noun Verb;A1, B2;ဝါကျ
separate;Adjective, Verb;A2, B1;ခှဲခွား
September;Noun;A1;စက်တင်ဘာလ
sequence;Noun;B2;အစဉ်အတိုင်းလိုက်ခြင်း
series;Noun;A2;စီးရီး
serious;Adjective;A2;လေးနက်သော
seriously;Adverb;B1;အလေးအနက်ထား
servant;Noun;B1;အစေခံ
serve;Verb;A2;အစေခံ
service;Noun;A2;ဝန်ဆောင်မှု
session;Noun;B2;session တစ်ခု
set (put);Verb;B1;အစုံ (ထား)
set (group);Noun;B1;အစုံ (အဖွဲ့)
setting;Noun;B1;setting ကို
settle;Verb;B2;အထစ်
seven;number;A1;ခုနှစ်
seventeen;number;A1;ဆယ့်ခုနှစ်
seventy;number;A1;ခုနစ်ဆယ်
several;det./proNoun;A2;အတော်ကြာ
severe;Adjective;B2;ပြင်းထန်
sex;Noun;B1;လိင်
sexual;Adjective;B1;လိင်ပိုင်းဆိုင်ရာ
shade;Noun;B2;အရိပ်
shadow;Noun;B2;အရိပ်
shake;Verb Noun;A2, B1;တုန်လှုပ်
shall;modal Verb;A2;မည်
shallow;Adjective;B2;တိမ်သော
shame;Noun;B2;အရှက်ကွဲခြင်း
shape;Noun Verb;A2, B2;ပုံသဏ္ဌာန်
share;Verb Noun;A1, B1;ဝေစု
sharp;Adjective;B1;ထက်သော
she;proNoun;A1;သူမ
sheep;Noun;A1;သိုး
sheet;Noun;A2;အိပ်ရာခင်း
shelf;Noun;B1;စင်
shell;Noun;B1;အခွံ
shelter;Noun Verb;B2;အမိုးအကာ
shift;Noun Verb;B1, B2;အဆိုင်း
shine;Verb;B1;တောက်ပ
shiny;Adjective;B1;တောက်ပသော
ship;Noun Verb;A2, B2;သငေ်္ဘာ
shirt;Noun;A1;ရှပ်အင်္ကျီ
shock;Noun Verb;B2;သှေးလနျ့ခွငျး
shocked;Adjective;B2;တုန်လှုပ်ခြောက်ခြား
shoe;Noun;A1;ဖိနပ်
shoot;Verb;B1;ပစ်ခတ်
shooting;Noun;B2;သေနတ်ပစ်
shop;Noun Verb;A1;ဆိုင်
shopping;Noun;A1;စျေးဝယ်
short;Adjective;A1;တိုတောင်းသော
shot;Noun;B2;ပစ်ခတ်ခြင်း
should;modal Verb;A1;သင့်
shoulder;Noun;A2;ပခုံး
shout;Verb Noun;A2;အော်
show;Verb Noun;A1;ပြသ
shower;Noun;A1;ရေချိုးခြင်း
shut;Verb Adjective;A2;ပိတ်
shy;Adjective;B1;အလှနျရှကျကွောကျတတျသော
sick;Adjective;A1;နာသော
side;Noun;A2;ဘက်
sight;Noun;B1;မျက်မှောက်
sign;Noun Verb;A2;အမှတ်လက္ခဏာ
signal;Noun Verb;B1;signal ကို
significant;Adjective;B2;အရေးကြီးသော
significantly;Adverb;B2;သိသိသာသာ
silence;Noun;B2;တိတ်ဆိတ်ခြင်း
silent;Adjective;B1;တိတ်ဆိတ်သော
silk;Noun;B2;ပိုး
silly;Adjective;B1;ရီစရာ
silver;Noun Adjective;A2;ငွေ
similar;Adjective;A1;တူသော
similarity;Noun;B1;တူခြင်း
similarly;Adverb;B1;အလားတူ
simple;Adjective;A2;လွယ်ကူသော
simply;Adverb;B1;ရိုးရိုး
since;prep. conj., Adverb;A2, B1;မှစ.
sincere;Adjective;B2;ဟန်မဆောင်သော
sing;Verb;A1;တေးသီချင်းဆို
singer;Noun;A1;သီချင်းဆိုသူ
singing;Noun;A2;သီချင်းဆိုခြင်း
single;Adjective Noun;A2;တခုတည်းသော
sink;Verb;B1;နစ်မြှုပ်
sir;Noun;A2;ခင်ဗျား
sister;Noun;A1;အစ်မ
sit;Verb;A1;ထိုင်
site;Noun;A2;site ကို
situation;Noun;A1;အခွအေန
six;number;A1;ခွောကျ
sixteen;number;A1;ဆယျ့ခွောကျ
sixty;number;A1;ခွောကျဆယျ
size;Noun;A2;အရွယ်
ski;Verb Noun;A2;နှငျးလြှော
skiing;Noun;A2;နှင်းလျှောစီး
skill;Noun;A1;ကျင်လည်ခြင်း
skin;Noun;A2;အသားအရေ
skirt;Noun;A1;ထမီ
sky;Noun;A2;မိုးကောင်းကင်
slave;Noun;B2;ကျွန်
sleep;Verb , Noun;A1, A2;အိပ်
slice;Noun Verb;B1;အချပ်
slide;Verb Noun;B2;လြှော
slight;Adjective;B2;အနည်းငယ်
slightly;Adverb;B1;အနည်းငယ်
slip;Verb;B2;ရေကူးဘောင်းဘီ
slope;Noun Verb;B2;ဆငျခလြော
slow;Adjective , Verb;A1, B1;နှေးနှေး
slowly;Adverb;A2;ဖြည်းဖြည်းချင်း
small;Adjective;A1;သေးငယ်သော
smart;Adjective;B1;စမတ်
smartphone;Noun;A2;စမတ်ဖုန်း
smell;Verb Noun;A2;အနံ့
smile;Verb Noun;A2;ပွုံးရယျ
smoke;Noun Verb;A2;မီးခိုး
smoking;Noun;A2;ဆေးလိပ်သောက်
smooth;Adjective;B1;ချောမွေ့
snake;Noun;A1;မွှေ
snow;Noun Verb;A1;မိုးပွင့်
so;Adverb conj.;A1;ဒါကြောင့်
soap;Noun;A2;ဆပ်ပြာ
soccer;Noun;A2;ဘောလုံးကစား
social;Adjective;A2;လူမှုရေး
society;Noun;A2;လူ့အဖွဲ့အစည်း
sock;Noun;A2;ခွေအိတျတို
soft;Adjective;A2;ပျော့
software;Noun;B1;ဆော့ဖျဝဲ
soil;Noun;B1;မွေ
solar;Adjective;B2;နေရောင်ခြည်စွမ်းအင်သုံး
soldier;Noun;A2;စစ်သား
solid;Adjective Noun;B1;ခိုင်မာသော
solution;Noun;A2;ဖြေရှင်းချက်
solve;Verb;A2;ဖြေရှင်း
some;det. proNoun;A1;အချို့သော
somebody;proNoun;A1;တယောက်ယောက်
someone;proNoun;A1;တစ်စုံတစ်ယောက်
something;proNoun;A1;တစုံတခု
sometimes;Adverb;A1;တခါတလေ
somewhat;Adverb;B2;အတော်အတန်
somewhere;Adverb proNoun;A2;တနေရာရာမှာ
son;Noun;A1;သား
song;Noun;A1;သီချင်း
soon;Adverb;A1;မကြာမီ
sorry;Adjective exclam.;A1;တောင်းပန်ပါတယ်
sort;Noun, Verb;A2, B1;မျိုး
soul;Noun;B2;အသက်ဝိညာဉ်
sound;Noun Verb;A1;အသံက
soup;Noun;A1;ဟင်းချို
source;Noun;A2;အရင်းအမြစ်
south;Noun Adjective Adverb;A1;တောင်
southern;Adjective;B1;တောင်ဘက်
space;Noun;A1;အာကာသ
speak;Verb;A1;ပွော
speaker;Noun;A2;စပီကာ
special;Adjective;A1;အထူး
specialist;Noun Adjective;B2;အထူးပညာရှင်
species;Noun;B2;မျိုးစိတ်
specific;Adjective;A2;တိကျတဲ့
specifically;Adverb;B1;အထူးသ
speech;Noun;A2;မိန့်ခွန်း
speed;Noun, Verb;A2, B2;အရှိန်
spell;Verb;A1;စာလုံးပေါင်းရ
spelling;Noun;A1;စာလုံးပေါင်းခြင်း
spend;Verb;A1;သုံးစွဲ
spending;Noun;B1;အသုံးစရိတ်
spicy;Adjective;B1;စပ်သော
spider;Noun;A2;ပင့်ကူး
spirit;Noun;B1;စိတျဓာတျ
spiritual;Adjective;B2;ဝိညာဉ်ရေးရာ
split;Verb Noun;B2;ကွဲ
spoken;Adjective;B1;စကားပြော
sponsor;Verb Noun;B2;ငှေကွေးထောကျပံ့သူ
spoon;Noun;A2;ဇွန်း
sport;Noun;A1;အားကစား
spot;Noun, Verb;B1, B2;အစက်အပြောက်
spread;Verb , Noun;B1, B2;ကူးစက်ပျံ့နှံ့သည်
spring;Noun, Verb;A1, B1;နွေဦး
square;Adjective Noun;A2;စတုရန်း
stable;Adjective;B2;တည်ငြိမ်
stadium;Noun;B1;ကစားပြိုင်ကွင်း
staff;Noun;B1;ဝန်ထမ်းများ
stage;Noun, Verb;A2, B2;စင်
stair;Noun;A2;လှေကားထစ်
stamp;Noun;A2;တံဆိပ်ခေါင်း
stand;Verb , Noun;A1, B2;ရပ်နေ
standard;Noun Adjective;B1;စံ
star;Noun, Verb;A1, A2;ကြယ်
stare;Verb;B2;ပြူးကြည့်
start;Verb , Noun;A1, A2;စတင်
state;Noun, Adjective , v;A2, B1;ပြည်နယ်
statement;Noun;A1;ကြေညာချက်
station;Noun;A1;ဘူတာရုံ
statistic;Noun;B1;စာရင်းဇယား
statue;Noun;B1;ရုပ်တု
status;Noun;B2;အဆင့်အတန်း
stay;Verb , Noun;A1, A2;နေထိုင်
steady;Adjective;B2;တည်ငြိမ်
steal;Verb;A2;ခိုး
steel;Noun;B2;သံမဏိ
steep;Adjective;B2;မတ်စောက်သော
step;Noun, Verb;A2, B2;လှမ်း
stick (push into/attach);Verb;B1;တုတ် (သို့ / attach တွန်းအားပေး)
stick (piece of wood);Noun;B1;တုတ် (သစ်သားအပိုင်းအစ)
sticky;Adjective;B2;ကပ်သော
stiff;Adjective;B2;တောင့်တင်းသော
still;Adverb , Adjective;A1, B1;နေဆဲ
stock;Noun;B2;စတော့ရှယ်ယာ
stomach;Noun;A2;ဝမ်း
stone;Noun;A2;ကြောကျ
stop;Verb Noun;A1;ရပ်
store;Noun, Verb;A2, B1;စတိုးဆိုင်
storm;Noun;A2;မုန်တိုင်း
story;Noun;A1;ပုံပြင်
straight;Adverb Adjective;A2;တည့်တည့်
strange;Adjective;A2;ထူးဆန်း
stranger;Noun;B1;လူစိမ်း
strategy;Noun;A2;နည်းဗျူဟာ
stream;Noun;B2;ရေနွေးငွေ့
street;Noun;A1;လမ်း
strength;Noun;B1;ခွန်အား
stress;Noun Verb;A2;စိတ်ဖိစီးမှု
stretch;Verb Noun;B2;ဆန့်
strict;Adjective;B2;တိကျသော
strike;Verb Noun;B2;သပိတ်
string;Noun;B1;ကြိုး
strong;Adjective;A1;အားကြီးသော
strongly;Adverb;B1;ပြင်းပြင်းထန်ထန်
structure;Noun, Verb;A2, B2;ဖွဲ့စည်းပုံ
struggle;Verb Noun;B2;တိုကျပှဲ
student;Noun;A1;ကြောငျးသား
studio;Noun;B1;စတူဒီယို
study;Noun Verb;A1;လေ့လာချက်
stuff;Noun, Verb;B1, B2;ပစ္စည်းပစ္စယ
stupid;Adjective;A2;အလွန်ထိုင်းသော
style;Noun;A1;စတိုင်
subject;Noun, Adjective;A1, B2;ဘာသာရပ်
submit;Verb;B2;တင်သွင်း
substance;Noun;B1;ပစ္စည်းဥစ္စာ
succeed;Verb;A2;အောင်မြင်ဖို့
success;Noun;A1;အောင်မြင်ခြင်း
successful;Adjective;A2;အောင်မြင်သော
successfully;Adverb;B1;အောင်မြင်စွာ
such;det./proNoun;A2;ထိုကဲ့သို့သော
sudden;Adjective;B1;ရုတ်တရက်
suddenly;Adverb;A2;ရုတ်တရက်
suffer;Verb;B1;ခံစား
sugar;Noun;A1;သကြား
suggest;Verb;A2;အကြံပြု
suggestion;Noun;A2;အကြံပေးချက်
suit;Noun, Verb;A2, B1;ဝတ်စုံ
suitable;Adjective;B1;သငျ့လျြောသော
sum;Noun Verb;B2;ငှေပေါငျး
summarize;Verb;B1;summarization
summary;Noun;B1;အကျဉ်းချုပ်
summer;Noun;A1;နွေရာသီ
sun;Noun;A1;နေ
Sunday;Noun;A1;တနင်္ဂနွေ
supermarket;Noun;A1;စူပါမားကတ်
supply;Noun Verb;B1;ပေးသွင်း
support;Verb Noun;A2;ထောက်ပံ့
supporter;Noun;B1;ထောက်ခံသူ
suppose;Verb;A2;သညျဟုထငျ
sure;Adjective , Adverb;A1, A2;သေချာ
surely;Adverb;B1;ဧကန်အမှန်
surface;Noun;B1;မျက်နှာပြင်
surgery;Noun;B2;ခွဲစိတ်
surprise;Noun Verb;A2;အံ့အားသင့်စရာ
surprised;Adjective;A2;အံ့အားသင့်
surprising;Adjective;A2;surprising
surround;Verb;B2;ဝန်းဝိုင်း
surrounding;Adjective;B2;ပတျဝနျးကငျြ
survey;Noun, Verb;A2, B2;စစ်တမ်း
survive;Verb;B1;အသက်ရှင်
suspect;Verb Noun;B2;မယုံသင်္ကာရှိ
swear;Verb;B2;ကျိန်ဆို
sweater;Noun;A1;ဆွယ်တာအင်္ကျီ
sweep;Verb;B2;လှည်း
sweet;Adjective Noun;A2;ချိုမြိန်
swim;Verb , Noun;A1, B1;ရေကူး
swimming;Noun;A1;ရေကူး
switch;Verb , Noun;B1, B2;ပွောငျးလဲ
symbol;Noun;A2;အထိမ်းအမှတ်
sympathy;Noun;B2;စာနာခြင်း
symptom;Noun;B1;လက္ခဏာ
system;Noun;A2;စံနစ်
table;Noun;A1;စားပှဲ
tablet;Noun;A2;တက်ဘလက်
tail;Noun;B1;အမြီး
take;Verb;A1;ယူ
tale;Noun;B2;သတင်းစကား
talent;Noun;B1;ပင်ကိုယ်ဉာဏ်
talented;Adjective;B1;ပါရမီ
talk;Verb , Noun;A1, A2;စကားပွော
tall;Adjective;A1;မြင့်သော
tank;Noun;B2;ကန်
tape;Noun;B1;တိပ်ခွေ
target;Noun, Verb;A2, B2;ပစ်မှတ်
task;Noun;A2;လုပ်ငန်း
taste;Noun Verb;A2;အရသာ
tax;Noun Verb;B1;အခွန်
taxi;Noun;A1;အငှါးကား
tea;Noun;A1;လက်ဖက်ရည်
teach;Verb;A1;သွန်သင်
teacher;Noun;A1;ဆရာမ
teaching;Noun;A2;ဆုံးမဩဝါဒပေးခြင်း
team;Noun;A1;အသင်းအဖွဲ့
tear1;Verb Noun;B2;tear1
tear2;Noun;B2;tear2
technical;Adjective;B1;စက်မှုလက်မှု
technique;Noun;B1;စက်မှုပညာ
technology;Noun;A2;နည်းပညာ
teenage;Adjective;A2;ဆယ်ကျော်သက်
teenager;Noun;A1;အပျိုပေါက်
telephone;Noun Verb;A1;တယ်လီဖုန်း
television;Noun;A1;ရုပ်မြင်သံကြား
tell;Verb;A1;ထဲလ်
temperature;Noun;A2;အပူအအေး
temporary;Adjective;B2;ယာယီ
ten;number;A1;တကျိပ်
tend;Verb;B1;လေ့
tennis;Noun;A1;တင်းနစ်
tent;Noun;B1;တဲကို
term;Noun, Verb;A2, B2;သက်တမ်း
terrible;Adjective;A1;ကြောက်မက်ဘွယ်သော
test;Noun Verb;A1;စမ်းသပ်
text;Noun, Verb;A1, A2;စာသားမ
than;conj.;A1;ထက်
thank;Verb;A1;ကြေးဇူးတငျ
thanks;exclam. Noun;A1;ကြေးဇူးတငျစကား
that;det. proNoun conj., Adverb;A1, B1;ထို
the;definite article;A1;အဆိုပါ
theatre;Noun;A1;ပြဇာတ်ရုံ
their;det.;A1;သူတို့၏
theirs;proNoun;B1;သူတို့
them;proNoun;A1;သူတို့ကို
theme;Noun;B1;အကွောငျး
themselves;proNoun;A2;သူတို့ကိုယ်သူတို့
then;Adverb;A1;ထိုအခါ
theory;Noun;B1;သဘောတရား
therapy;Noun;B2;ဆေးဝါးကုသခြင်းပညာ
there;Adverb;A1;အဲဒီမှာ
therefore;Adverb;B1;ထိုကွောငျ့
they;proNoun;A1;သူတို့
thick;Adjective;A2;ထူသော
thief;Noun;A2;သူခိုး
thin;Adjective;A2;ပါးသော
thing;Noun;A1;အရာ
think;Verb;A1;ထင်
thinking;Noun;A2;စဉ်းစားတွေးခေါ်
third;number, Noun;A1, A2;တတိယ
thirsty;Adjective;A1;ငတ်သော
thirteen;number;A1;ဆယ့်သုံး
thirty;number;A1;သုံးဆယ်
this;det./proNoun, Adverb;A1, B1;ဤ
though;conj. Adverb;B1;သော်လည်း
thought;Noun;A2;အတွေး
thousand;number;A1;တထောင်
threat;Noun;B2;ခြိမ်းခြောက်မှု
threaten;Verb;B2;ခြိမ်းခြောက်
three;number;A1;သုံး
throat;Noun;B1;လည်ချောင်း
through;prep. Adverb;A1;ဖြတ်.
throughout;prep./Adverb;B1;တလျှောက်လုံး
throw;Verb;A2;ပစ်ခြင်း
Thursday;Noun;A1;ကြာသပတေးနေ့
thus;Adverb;B2;ထို့ကြောင့်
ticket;Noun;A1;လက်မှတ်
tidy;Adjective v;A2;နေရာတကျလုပ်
tie;Verb Noun;A2;လည်စည်း
tight;Adjective;B1;ကြပ်သော
till;conj./prep.;B1;မရောက်မှီတိုင်အောင်,
time;Noun, Verb;A1, B2;အချိန်
tin;Noun;B1;ခဲမဖြူ
tiny;Adjective;B1;သေးငယ်သော
tip;Noun, Verb;A2, B1;အဖျား
tired;Adjective;A1;ပင်ပန်း
title;Noun;A1, B2;ခေါင်းစဥ်
to;prep., infinitive marker;A1;သို့
today;Adverb Noun;A1;ယနေ့တွင်
toe;Noun;B1;ခွေခြောငျး
together;Adverb;A1;အတူတူ
toilet;Noun;A1;အိမ်သာခန်း
tomato;Noun;A1;ခရမ်းချဉ်သီး
tomorrow;Adverb Noun;A1;နက်ဖြန်
tone;Noun;B2;အသံ
tongue;Noun;B1;လြှာ
tonight;Adverb n;A1;ယနေ့ည
too;Adverb;A1;လွန်း
tool;Noun;A2;tool တစ်ခု
tooth;Noun;A1;သွား
top;Noun, Adjective;A2;ထိပ်တန်း
topic;Noun;A1;အကွောငျး
total;Adjective Noun;B1;စုစုပေါင်း
totally;Adverb;B1;လုံးဝ
touch;Verb , Noun;A2, B1;တို့
tough;Adjective;B2;ခိုင်မာသော
tour;Noun, Verb;A2, B1;ခရီးစဉ်
tourism;Noun;A2;ခရီးသွားလုပ်ငန်း
tourist;Noun;A1;ခရီးသည်
towards;prep.;A2;ဦးတည်
towel;Noun;A2;မျက်နှာသိုတ်ပုဝါ
tower;Noun;A2;ရဲတိုက်
town;Noun;A1;မြို့
toy;Noun, Adjective;A2;ကစားစရာ
track;Noun, Verb;A2, B2;လမ်း
trade;Noun, Verb;B1;ကုန်သွယ်
tradition;Noun;A2;အစဉ်အလာ
traditional;Adjective;A2;အစဉ်အလာ
traffic;Noun;A1;အသွားအလာ
train;Noun, Verb;A1, A2;မီးရထား
trainer;Noun;A2;နည်းပြဆရာမ
training;Noun;A2;လေ့ကျင့်ရေး
transfer;Verb Noun;B2;လွှဲပြောင်း
transform;Verb;B2;အသွင်ပြောင်း
transition;Noun;B2;အကူးအပြောင်း
translate;Verb;B1;ဘာသာပြန်
translation;Noun;B1;ဘာသာပြန်ချက်
transport;Noun, Verb;A2, B1;တင်ဆောင်
travel;Verb Noun;A1;ခရီးသွား
traveller;Noun;A2;ခရီးသည်
treat;Verb;B1;စားသောကျပှဲ
treatment;Noun;B1;ကုသမှု
tree;Noun;A1;သစ်ပင်
trend;Noun;B1;လမ်းကြောင်းသစ်
trial;Noun;B2;စမ်းသပ်ခြင်း
trick;Noun Verb;B1;စဉ်းလဲခြင်း
trip;Noun, Verb;A1, B2;ခရီးစဉ်
tropical;Adjective;B2;အပူပိုင်း
trouble;Noun, Verb;A2, B2;ဒုက္ခ
trousers;Noun;A1;ဘောင်းဘီရှည်
truck;Noun;A2;ကုလဲလှယ်ခြင်း
TRUE;Adjective;A1;TRUE
truly;Adverb;B2;အမှန်တကယ်
trust;Noun Verb;B2;ယုံကြည်မှု
truth;Noun;B1;အမှန်တရား
try;Verb , Noun;A1, B2;စမ်းကြည့်ပါဦး
T-shirt;Noun;A1;တီရှပ်
tube;Noun;B1;ပြွန်
Tuesday;Noun;A1;အင်္ဂါနေ့
tune;Noun;B2;အသံညှို
tunnel;Noun;B2;#VALUE!
turn;Verb Noun;A1;အလှည့်
TV;Noun;A1;တီဗီ
twelve;number;A1;တကျိပ်နှစ်ပါး
twenty;number;A1;နှစ်ဆယ်
twice;Adverb;A1;နှစ်ကြိမ်
twin;Noun Adjective;A2;အမွှာပူး
two;number;A1;နှစ်
type;Noun, Verb;A1, B1;ပုံစံ
typical;Adjective;A2;ပုံမှန်
typically;Adverb;B1;ထုံးစံအတိုင်း
tyre;Noun;B1;အဝတ်အစား
ugly;Adjective;B1;အရုပ်ဆိုးသော
ultimately;Adverb;B2;နောက်ဆုံးမှာ
umbrella;Noun;A1;ထီး
unable;Adjective;B1;နိုင်ခြင်း
uncle;Noun;A1;ဘကြီး
uncomfortable;Adjective;B1;ဇိမ်မကျသော
unconscious;Adjective;B2;သတိမေ့သော
under;prep. Adj;A1;အောက်
underground;Adjective Adverb;A2;မွေအောကျ
understand;Verb;A1;နားလည်သည်
understanding;Noun;A2;နားလည်မှု
underwear;Noun;B1;အတွင်းခံအဝတ်အစား
unemployed;Adjective;B1;အလုပ်လက်မဲ့သော
unemployment;Noun;B1;အလုပ်လက်မဲ့မှု
unexpected;Adjective;B2;မမျှော်လင့်ဘဲ
unfair;Adjective;B1;မတရားသော
unfortunately;Adverb;A2;ကံမကောင်းသဖြင့်
unhappy;Adjective;A2;ဝမ်းမသာသော
uniform;Noun;A2;ဝတ်စုံ
union;Noun;B1;ပြည်ထောင်စု
unique;Adjective;B2;ထူးခြားသော
unit;Noun;A2;ယူနစ်
united;Adjective;A2;ပေါင်းစပ်သော
universe;Noun;B2;စကွဝဠာ
university;Noun;A1;တက္ကသိုလ်
unknown;Adjective;B2;အမည်မသိ
unless;conj.;B1;မဟုတ်လျှင်
unlike;prep.;B1;မတူပဲ
unlikely;Adjective;B1;မဖြစ်တန်ရာ
unnecessary;Adjective;B1;မလိုအပ်သော
unpleasant;Adjective;B1;မသာယာသော
until;conj./prep.;A1;သည်အထိ
unusual;Adjective;A2;ထူးဆန်းသော
up;Adverb proNoun;A1;ထ
update;Verb Noun;B1;update ကို
upon;prep.;B1;အပေါ်သို့
upper;Adjective;B2;အထက်
upset;Adjective v;B1;စိတ်မကောင်းဖြစ်သည်
upstairs;Adverb , Adjective;A1, A2;အပေါ်ထပ်သို့
upwards;Adverb;B2;အထက်သို့
urban;Adjective;B2;မြို့ပြ
urge;Verb;B2;တိုက်တွန်းသည်
us;proNoun;A1;ကျွန်တော်တို့ကို
use;Verb , Noun;A1, A2;အသုံး
used;Adjective;B1;အသုံးပြုခံ့
used to;modal Verb;A2;ကျင့်သားရသည်
useful;Adjective;A1;အသုံးဝင်သော
user;Noun;A2;အသုံးပြုသူကို
usual;Adjective;A2;ပုံမှန်ထက်
usually;Adverb;A1;များသောအားဖြင့်
vacation;Noun;A1;အားလပ်ရက်
valley;Noun;A2;ချိုင့်ဝှမ်း
valuable;Adjective;B1;တန်ဖိုးရှိသော
value;Noun, Verb;B1, B2;အဘိုး
van;Noun;A2;ကုန်တင်ရထား
variety;Noun;A2;အမျိုးမျိုး
various;Adjective;B1;အမျိုးမျိုးသော
vary;Verb;B2;ကွဲပြား
vast;Adjective;B2;ကျယ်ဝန်းသော
vegetable;Noun;A1;ဟင်းသီးဟင်းရွက်
vehicle;Noun;A2;မော်တော်ယာဉ်
venue;Noun;B2;နေရာ
version;Noun;B1;ဗားရှင်း
very;Adverb , Adjective;A1, B1;အလွန်
via;prep.;B2;မှတဆင့်
victim;Noun;B1;သားကောင်
victory;Noun;B2;အောင်ပွဲ
video;Noun;A1;ဗီဒီယိုက
view;Noun, Verb;A2,;ကြည့်ရှုခြင်း
viewer;Noun;B1;ကြည့်ရှုသူ
village;Noun;A1;ရွာ
violence;Noun;B2;အကြမ်းဖက်မှုများ
violent;Adjective;B1;ပြင်းထန်သော
virtual;Adjective;B2;ကို virtual
virus;Noun;A2;ဗိုင်းရပ်စ်
vision;Noun;B2;ရူပါရုံကို
visit;Verb Noun;A1;အလည်အပတ်
visitor;Noun;A1;ဧည့်သည်
visual;Adjective;B2;မြင်သာသော
vital;Adjective;B2;အရေးပါသောအ
vitamin;Noun;B2;သြဇါဓါတ်
voice;Noun;A2;အသံ
volume;Noun;B2;အသံအတိုးအကျယ်
volunteer;Noun Verb;B1;အပျြောအမှုထမျး
vote;Noun Verb;B1;မဲပေး
wage;Noun;B2;လုပ်အားခ
wait;Verb , Noun;A1, A2;ချောင်းမြောင်း
waiter;Noun;A1;စားပွဲထိုး
wake;Verb;A1;နှိုးဆျော
walk;Verb Noun;A1;လမျးလြှောကျသှား
wall;Noun;A1;နံရံ
want;Verb;A1;လို
war;Noun;A2;စစ်
warm;Adjective , v;A1, B1;နွေး
warn;Verb;B1;သတိပေး
warning;Noun;B1;သတိပေး
wash;Verb , Noun;A1, A2;ရေချိုးခြင်း
washing;Noun;A2;အဝတ်လျှော်
waste;Noun v, Adjective;B1;စွန့်ပစ်
watch;Verb Noun;A1;စောင့်ကြည့်
water;Noun, Verb;A1, B1;ရေ
wave;Noun;A2, B1;လှိုငျး
way;Noun;A1, B2;လမ်း
we;proNoun;A1;ကျွန်တော်တို့
weak;Adjective;A2;အားနည်းသော
weakness;Noun;B2;အားနည်းခြင်း
wealth;Noun;B2;ဥစ္စာဓန
wealthy;Adjective;B2;ချမ်းသာကြွယ်ဝ
weapon;Noun;B1;လက်နက်
wear;Verb;A1;wear
weather;Noun;A1;ရာသီဥတု
web;Noun;A2;ဝဘ်
website;Noun;A1;က်ဘ်ဆိုက်
wedding;Noun;A2;မင်္ဂလာဆောင်
Wednesday;Noun;A1;ဗုဒ္ဓဟူးနေ့
week;Noun;A1;ရက်သတ္တပတ်
weekend;Noun;A1;တနင်္ဂနွေ
weigh;Verb;B1;ချိန်
weight;Noun;A2;အလေးချိန်
welcome;exclam. Verb Adjective , n;A1, A2;ကြိုဆို
well;Adverb , Adjective , exclam.;A1;ကောင်းစွာ
west;Noun Adjective Adverb;A1;အနောက်
western;Adjective;B1;အနောက်ပိုင်း
wet;Adjective;A2;စိုစွတ်သော
what;proNoun/det.;A1;ဘာ
whatever;det./proNoun;B1;ဘာပဲဖြစ်ဖြစ်
wheel;Noun;A2;ဘီး
when;Adverb proNounconj.;A1;ဘယ်တော့လဲ
whenever;conj.;B1;အခါတိုင်း
where;Adverb conj.;A1;ဘယ်မှာ
whereas;conj.;B2;သော်လည်း
wherever;conj.;B2;ဘယ်နေရာသို့မဆို
whether;conj.;B1;ဖြစ်စေ
which;proNoun/det.;A1;အရာ
while;conj., Noun;A2, B1;စဉ်တွင်
whisper;Verb Noun;B2;တီးတိုးစကားပွော
white;Adjective Noun;A1;အဖြူ
who;proNoun;A1;ကမ္ဘာ့ကျန်းမာရေးအဖွဲ့
whole;Adjective , n;A2, B1;အလုံးစုံ
whom;proNoun;B2;အဘယ်သူကို
whose;det./proNoun;A2;အဘယ်သူ၏
why;Adverb;A1;အဘယ်ကြောင့်
wide;Adjective;A2;ကျယ်ဝန်းသော
widely;Adverb;B2;ကျယ်ပြန့်
wife;Noun;A1;ဇနီး
wild;Adjective;A2;ရိုင်းသော
wildlife;Noun;B2;တောရိုင်းတိရစ္ဆာန်
will;modal, Noun Verb;A1,;အလိုတော်
willing;Adjective;B2;ဆန္ဒရှိ
win;Verb , Noun;A1, B1;အောင်မြင်
wind1;Noun;A2;wind1
wind2;Verb;B2;wind2
window;Noun;A1;ပြတင်းပေါက်
wine;Noun;A1;ဝိုင်
wing;Noun;B1;တောင်ပံ
winner;Noun;A2;အောင်သူ
winter;Noun;A1;ဆောငျးရာသီ
wire;Noun;B2;သံကြိုး
wise;Adjective;B2;ပညာရှိသောသူ
wish;Verb Noun;A2;အလို
with;prep.;A1;နှင့်
within;prep.;B1;အတွင်း
without;prep.;A1;မပါဘဲ
witness;Noun Verb;B2;သကျသခေံ
woman;Noun;A1;မိန်းမ
wonder;Verb Noun;B1;အ့ံသြ
wonderful;Adjective;A1;အံ့သြစရာ
wood;Noun;A2;သစ်သား
wooden;Adjective;A2;သစ်သား
wool;Noun;B1;သိုးမွေး
word;Noun;A1;စကားလုံး
work;Verb Noun;A1;အလုပ်
worker;Noun;A1;အလုပ်သမား
working;Adjective;A2;အလုပ်လုပ်
world;Noun;A1;ကမ္ဘာကြီး
worldwide;Adjective Adverb;B1;ကမ္ဘာတစ်ဝှမ်း
worried;Adjective;A2;စိုးရိမ်
worry;Verb Noun;A2, B1;စိုးရိမ်
worse;Adjective, AdVerb Noun;A2,B1, B2;ပိုဆိုး
worst;Adjective, AdVerb;A2,B1, B2;အဆိုးဆုံး
worth;Adjective, Noun;B1, B2;တန်ဘိုး
would;modal, Verb;A1;မယ်ဆိုတာ
wound;Noun Verb;B2;ဒဏ်ရာ
wow;exclam.;A2;ဝိုး
wrap;Verv;B2;ထုပ်
write;Verb;A1;ရေး
writer;Noun;A1;စာရေးဆရာ
writing;Noun;A1;စာအရေးအသား
written;Adjective;B1;စာဖြင့်ရေးသား
wrong;Adjective, AdVerb Noun;A1, B1, B2;မှားသော
yard;Noun;B1;အိမ်ဝင်းခြံ
yeah;exclam.;A1;yeah
year;Noun;A1;ခုနှစ်
yellow;Adjective, Noun;A1;ဝါသော
yes;exclam.;A1;ဟုတ်ကဲ့
yesterday;AdVerb Noun;A1;မနေ့က
yet;AdVerb conj.;A2, B2;သေး
you;proNoun;A1;သငျသညျ
young;Adjective, Noun;A1, B1;ငယ်ရွယ်
your;det.;A1;သင့်ရဲ့
yours;proNoun;A2;ဥစ္စာ
yourself;proNoun;A1;သင်ကိုယ်တိုင်
youth;Noun;B1;လူငယ်
zero;number;A2;သုည
zone;Noun;B2;ဇုန်
