a, an;indefinite, article;A1;يو، يو
abandon;Verb;B2;پرېږدي
ability;Noun;A2;توان
able;Adjective;A2;کولای
about;prep. Adverb;A1;په اړه
above;prep. Adverb;A1;پورته
abroad;Adverb;A2;په بهر کې
absolute;Adjective;B2;مطلق
absolutely;Adverb;B1;په بشپړه توګه
academic;adj, Noun;B1, B2;علمي
accept;Verb;A2;ومني
acceptable;Adjective;B2;د منلو وړ
access;Noun Verb;B1;رسی
accident;Noun;A2;ټکر
accommodation;Noun;B1;د استوګنې
accompany;Verb;B2;ملتیا
according to;prep.;A2;په وینا د
account;Noun Verb;B1, B2;ګڼون
accurate;Adjective;B2;کره
accuse;Verb;B2;تورنوي
achieve;Verb;A2;ترلاسه
achievement;Noun;B1;لاسته راوړنه
acknowledge;Verb;B2;دا تصديقوم
acquire;Verb;B2;لاسته راوړنه
across;prep. Adverb;A1;ټول
act;Verb Noun;A2,B1;عمل
action;Noun;A1;د عمل
active;Adjective;A2;فعال
activity;Noun;A1;د فعالیتونو
actor;Noun;A1;لوبغاړی
actress;Noun;A1;لوبغاړې
actual;Adjective;B2;واقعي
actually;Adverb;A2;په حقيقت کې
ad;Noun;B1;زیږدیز کال
adapt;Verb;B2;د خپلولو
add;Verb;A1;اضافه
addition;Noun;B1;سربېره
additional;Adjective;B2;اضافي
address;Noun Verb;A1,B2;پته
administration;Noun;B2;د ادارې
admire;Verb;B1;ستاینه
admit;Verb;B1;مني
adopt;Verb;B2;کړي
adult;Noun adj;A1,A2;بالغ
Advance;Noun Verb adj;B2;پرمختللی
Advanced;Adjective;B1;ژور
Advantage;Noun;A2;ګټه
Adventure;Noun;A2;پېښه
Advertise;Verb;A2;اعلانونه
Advertisement;Noun;A2;یؤو
Advertising;Noun;A2;اعلانونه
Advice;Noun Verb;A1, B1;مشوره
affair;Noun;B2;چارو
affect;Verb;A2;اغيزه
afford;Verb;B1;وس
afraid;Adjective;A1;ويره
after;prep. conj. Adverb;A1,A2;وروسته
afternoon;Noun;A1;له غرمې وروسته
afterwards;Adverb;B2;وروسته
again;Adverb;A1;بیا
against;prep;A2;په وړاندې د
age;Noun Verb;A1, B1;عمر
aged;Adjective;B1;عمر
agency;Noun;B2;د ادارې
agenda;Noun;B2;اجندا
agent;Noun;B1;اجنټ
aggressive;Adjective;B2;تیري
ago;Adverb;A1;وړاندې
agree;Verb;A1;موافق
agreement;Noun;B1;تړون
ah;exclam.;A2;هجري
ahead;Adverb;B1;مخ
aid;Noun Verb;B2;د مرستو د
aim;Verb Noun;B1;موخه
air;Noun;A1;د هوا
aircraft;Noun;B2;الوتکه
airline;Noun;A2;هوايي شرکت
airport;Noun;A1;هوايي ډګر
alarm;Noun Verb;B1, B2;خطر زنګ
album;Noun;B1;البوم
alcohol;Noun;B1;د الکولو
alcoholic;Adjective;B1;الکولي
alive;Adjective;A2;ژوندی
all;det. pron, Adverb;A1, A2;ټول
all right;Adjective, Adverb exclam;A2;ښه
allow;Verb;A2;اجازه
almost;Adverb;A2;تقریبا
alone;Adjective, Adverb;A2;يوازې
along;prep. Adverb;A2;په اوږدو کې
already;Adverb;A2;لا د
also;Adverb;A1;هم
alter;Verb;B2;یووارې
alternative;Noun Adjective;A2, B1;د بدیل
although;conj;A2;که څه هم
always;Adverb;A1;تل
amazed;Adjective;B1;حيران
amazing;Adjective;A1;حیرانونکې
ambition;Noun;B1;ځانپالنې
ambitious;Adjective;B1;هيلو
among;prep.;A2;په منځ کې
amount;Noun Verb;A2, B2;اندازه
analyse;Verb;B1;تحلیل
analysis;Noun;B1;تحلیل
ancient;Adjective;A2;د لرغونو
and;conj;A1;او
anger;Noun;B2;قهر
angle;Noun;B2;زاويه
angry;Adjective;A1;په غوسه
animal;Noun;A1;د څارويو
ankle;Noun;A2;د گوتی
anniversary;Noun;B2;لمانځ غونډه
announce;Verb;B1;اعلان
announcement;Noun;B1;اعلان
annoy;Verb;B1;زینت
annoyed;Adjective;B1;غمګين
annoying;Adjective;B1;سرخوږی
annual;Adjective;B2;کلنی
another;det. proNoun;A1;بل
answer;Noun Verb;A1;ځواب
anxious;Adjective;B2;د خرابیدو په
any;det. proNoun, Adverb;A1, A2;کوم
anybody;pron;A2;هيچا
any more;Adverb;A2;نور
anyone;pron;A1;څوک
anything;pron;A1;څه
anyway;Adverb;A2;دليله
anywhere;AdVerb proNoun;A2;هرځای
apart;Adverb;B1;ټوټه
apartment;Noun;A1;اپارتمان
apologize;Verb;B1;بښنه
app;Noun;A2;ددفتروسایل
apparent;Adjective;B2;د څرګند
apparently;Adverb;B2;ظاهرا
appeal;Noun Verb;B2;د استیناف
appear;Verb;A2;ښکاري
appearance;Noun;A2;بڼه
apple;Noun;A1;مڼه
application;Noun;B1;غوښتنلیک
apply;Verb;A2;درخواست
appointment;Noun;B1;د ټاکلو
appreciate;Verb;B1;مننه
approach;Noun Verb;B2;روش
appropriate;Adjective;B2;د اړوندو
approval;Noun;B2;د تصویب
approve;Verb;B2;تصویب
approximately;Adverb;B1;تقريبا
April;Noun;A1;اپریل
architect;Noun;A2;طراح
architecture;Noun;A2;معمارۍ
area;Noun;A1;په سيمه کې
argue;Verb;A2;استدلال کوي
argument;Noun;A2;دليل
arise;Verb;B2;راپورته
arm;Noun;A1;وسلې
armed;Adjective;B2;وسله
arms;Noun;B2;د وسلو د
army;Noun;A2;پوځ
around;prep. Adverb;A1;شاوخوا
arrange;Verb;A2;انتظام
arrangement;Noun;A2;د منظمولو
arrest;Verb Noun;B1;د نيولو
arrival;Noun;B1;راتګ
arrive;Verb;A1;ته
art;Noun;A1;هنر
article;Noun;A1;ماده
artificial;Adjective;B2;مصنوعي
artist;Noun;A1;هنرمند
artistic;Adjective;B2;هنري
as;prep., Adverb conj.;A1, A2;په توګه
ashamed;Adjective;B2;د شرم
asleep;Adjective;A2;ويده
ask;Verb;A1;پوښتنه
aspect;Noun;B2;اړخ
assess;Verb;B2;ارزونه
assessment;Noun;B2;د ارزونې
assignment;Noun;B1;دنده
assist;Verb;B1;مرسته
assistant;Noun Adjective;A2;معاون
associate;Verb;B2;ملګري
associated;Adjective;B2;ورسره تړلي
association;Noun;B2;د ټولنې
assume;Verb;B2;په غاړه
at;prep.;A1;په
athlete;Noun;A2;ورزشکار
atmosphere;Noun;B1;فضا
attach;Verb;B1;مل کړئ
attack;Noun Verb;A2;برید
attempt;Noun Verb;B2;هڅه
attend;Verb;A2;ځی
attention;Noun exclam.;A2;پاملرنه
attitude;Noun;B1;چلند
attract;Verb;B1;د جذبولو
attraction;Noun;B1;جذب
attractive;Adjective;A2;په زړه پورې
audience;Noun;A2;اورېدونکي
August;Noun;A1;اګست
aunt;Noun;A1;ترور
author;Noun;A2;لیکوال
authority;Noun;B1;واک
autumn;Noun;A1;په مني
available;Adjective;A2;شته
average;Adjective, Noun Verb;A2, B1;په اوسط ډول
avoid;Verb;A2;ډډه
award;Noun Verb;A2, B1;جایزه
aware;Adjective;B1;خبر
away;Adverb;A1;لرې
awful;Adjective;A2;ښویدنه
baby;Noun;A1;ماشوم
back;Noun AdVerb Adjective, Verb;A1, A2, B2;بېرته
background;Noun;A2;شاليد
backwards;Adverb;B1;شاته
bacteria;Noun;B2;باکټريا
bad;Adjective;A1;بد
badly;Adverb;A2;بد
bag;Noun;A1;کڅوړه
bake;Verb;B1;چنډه
balance;Noun Verb;B1;توازن
ball;Noun;A1;توپ
ban;Verb Noun;B1;بندیز
banana;Noun;A1;كيله
band;Noun;A1;بند
bank (money);Noun;A1;د بانک (پيسې)
bank (river);Noun;B1;د بانک (سيند)
bar;Noun Verb;A2, B2;bar
barrier;Noun;B2;خنډ
base;Noun Verb;B1;اډه
baseball;Noun;A2;بال
based;Adjective;A2;پر بنسټ
basketball;Noun;A2;باسکتبال
basic;Adjective;B1;د اساسي
basically;Adverb;B2;په بنسټيزه
basis;Noun;B1;بنسټ
bath;Noun;A1;حمام
bathroom;Noun;A1;تشناب
battery;Noun;B1;د بیټرۍ
battle;Noun Verb;B1, B2;جګړه
be;Verb auxiliary Verb;A1;وي
beach;Noun;A1;ساحلی
bean;Noun;A2;لوبیا
bear (deal with);Verb;B2;Bear (د سره تړون)
bear (animal);Noun;A2;Bear (د حیواناتو)
beat;Verb Noun;A2, B2;وهلو
beautiful;Adjective;A1;ښکلی
beauty;Noun;B1;ښکلا
because;conj.;A1;ځکه چې
become;Verb;A1;شي
bed;Noun;A1;بستره
bedroom;Noun;A1;په کوټه
bee;Noun;B1;د مچيو
beef;Noun;A2;د غوښينو
beer;Noun;A1;بير
before;prep., conj. Adverb;A1, A2;مخکې
beg;Verb;B2;بيګ
begin;Verb;A1;پيل كيدل؛ شروع كيدل: او چنېدل، راوتل
beginning;Noun;A1;پیل
behave;Verb;A2;چلند
behaviour;Noun;A2;چلند
behind;prep. Adverb;A1;تر شا
being;Noun;B2;وجود
belief;Noun;B1;باور
believe;Verb;A1;باور
bell;Noun;B1;Bell
belong;Verb;A2;پورې اړه لري
below;Adverb prep.;A1;لاندې
belt;Noun;A2;کمربند
bend;Verb Noun;B1;خم
benefit;Verb NouNoun;A2, B1;ګټه
bent;Adjective;B2;شاخي
best;Adjective, AdVerb Noun;A1, A2;ښه
bet;Verb Noun;B2;شرط
better;Adjective , Adverb , Noun;A1, A2, B1;ښه
between;prep., Adverb;A1, A2;تر منځ
beyond;prep. Adverb;B2;هاخوا
bicycle;Noun;A1;بايسکل
big;Adjective;A1;لوی
bike;Noun;A1;موټرسايکل
bill;Noun Verb;A1, B2;لايحه
billion number; ;A2;میلیارده شمیر
bin;Noun;A2;بن
biology;Noun;A2;بیولوژي
bird;Noun;A1;د مرغانو د
birth;Noun;A2;د ولادت
birthday;Noun;A1;د زیږیدو نیټه
biscuit;Noun;A2;بیسکویت
bit;Noun;A2;څه
bite;Verb Noun;B1;ولګوی
bitter;Adjective;B2;ترخې
black;Adjective, Noun;A1;تور
blame;Verb Noun;B2;پړه
blank;Adjective, Noun;A2;خالي
blind;Adjective;B2;ړوند
block;Noun Verb;B1;د بنديز
blog;Noun;A1;بلاګ
blonde;Adjective;A1;طاليي زيړ
blood;Noun;A2;وينه
blow;Verb;A2;ګوزار
blue;Adjective, Noun;A1;آبي
board;Noun Verb;A2, B1;تخته
boat;Noun;A1;بېړۍ
body;Noun;A1;د بدن
boil;Verb;A2;دانې
bomb;Noun Verb;B1;بم
bond;Noun;B2;بانډ
bone;Noun;A2;د هډوکو
book;Noun Verb;A1, A2;کتاب
boot;Noun;A1;بوټانو د
border;Noun Verb;B1, B2;د سرحدي
bored;Adjective;A1;په تنگ راغلي
boring;Adjective;A1;خلک ستړي
born;Verb;A1;زیږیدلی
borrow;Verb;A2;پور
boss;Noun;A2;مشر
both;det./proNoun;A1;د دواړو
bother;Verb;B1;مزاحمت
bottle;Noun;A1;بوتل
bottom;NouNoun Adjective;A2;ښکته
bowl;Noun;A2;کاسې
box;Noun;A1;بکس
boy;Noun;A1;هلک
boyfriend;Noun;A1;هلک
brain;Noun;A2;د مغزو
branch;Noun;B1;څانګه
brand;Noun Verb;B1;د نښې
brave;Adjective;B1;زړور
bread;Noun;A1;ډوډۍ
break;Verb Noun;A1;د وقفې
breakfast;Noun;A1;چای
breast;Noun;B2;سينه
breath;Noun;B1;ساه
breathe;Verb;B1;تنفس
breathing;Noun;B1;د تنفس
bride;Noun;B1;ناوې
bridge;Noun;A2;پل
brief;Adjective;B2;لنډ
bright;Adjective;A2;روښانه
brilliant;Adjective;A2;وځليد
bring;Verb;A1;راولي
broad;Adjective;B2;پراخ
broadcast;Verb Noun;B2;د خپرونو
broken;Adjective;A2;مات
brother;Noun;A1;ورور
brown;Adjective, Noun;A1;نصواري
brush;Verb Noun;A2;برس
bubble;Noun;B1;شامپو
budget;Noun;B2;د بودجې د
build;Verb;A1;جوړول
building;Noun;A1;ودانۍ
bullet;Noun;B2;مرمۍ
bunch;Noun;B2;ډله
burn;Verb Noun;A2, B2;سوځوي
bury;Verb;B1;ښخ
bus;Noun;A1;بس
bush;Noun;B2;د بوش د
business;Noun;A1;د سوداګرۍ
businessman;Noun;A2;سوداګر
busy;Adjective;A1;بوخت
but;conj. prep;A1, B2;خو
butter;Noun;A1;کوچ
button;Noun;A2;تڼی
buy;Verb;A1;اخلي
by;prep. Adverb;A1, B1;له خوا
bye;exclam;A1;د خدای په امان
cable;Noun;B2;کیبل
cafe;Noun;A1;کافه
cake;Noun;A1;کيک
calculate;Verb;B2;محاسبه
call;Verb Noun;A1;غږ
calm;Adjective Verb Noun;B1;ارام
camera;Noun;A1;کامرې
camp;Noun Verb;A2;کمپ
campaign;Noun Verb;B1;کمپاین
camping;Noun;A2;ورپېښه شوې
campus;Noun;B1;انګړ
can1;modal Verb;A1;can1
can2;Noun;A2;can2
cancel;Verb;B2;لغوه
cancer;Noun;B2;د سرطان
candidate;Noun;B1;د کانديد
cannot;Verb;A1;نه
cap;Noun;B1;خولۍ
capable;Adjective;B2;توان
capacity;Noun;B2;د ظرفیت
capital;Noun Adjective;A1;مرکز
captain;Noun;B1;کپتان
capture;Verb Noun;B2;نیول
car;Noun;A1;موټر
card;Noun;A1;کارت
care;Noun Verb;A2;د پاملرنې
career;Noun;A1;مسلک
careful;Adjective;A2;احتياط
carefully;Adverb;A2;په دقت سره
careless;Adjective;B1;بې احتياطۍ
carpet;Noun;A2;د غاليو
carrot;Noun;A1;ګازرې
carry;Verb;A1;انتقال
cartoon;Noun;A2;کارتون
case;Noun;A2;صورت کې
cash;Noun;A2;د نغدو
cast;Noun Verb;B2;ووټونو
castle;Noun;A2;کلا
cat;Noun;A1;پيشو
catch;Verb Noun;A2, B2;اخستونکي
category;Noun;B1;وېشنيزه
cause;Noun Verb;A2;لامل
CD;Noun;A1;CD
ceiling;Noun;B1;چت
celebrate;Verb;A2;لمانځي
celebration;Noun;B1;لمانځنې
celebrity;Noun;A2;مشاهير
cell;Noun;B2;حجره
cent;Noun;A1;په سلو کې
central;Adjective;B1;د مرکزي
centre;Noun Verb;A1, B1;مرکز
century;Noun;A1;پیړۍ
ceremony;Noun;B1;په مراسمو کې
certain;Adjective;A2;د ځانګړو
certainly;Adverb;A2;یقینا
chain;Noun Verb;B1, B2;کړۍ
chair;Noun Verb;A1, B2;د کرسۍ
chairman;Noun;B2;مشر
challenge;Noun Verb;B1, B2;ننګونه
champion;Noun;B1;اتل
chance;Noun;A2;چانس
change;Verb Noun;A1;بدلون
channel;Noun;B1;چینل
chapter;Noun;B1;فصل
character;Noun;A2;کرکټر
characteristic;Noun Adjective;B2;ځانګړتیا
charge;Noun Verb;B1;تور
charity;Noun;A2;صدقه
chart;Noun Verb;A1, B2;چارت
chat;Verb Noun;A2;chat
cheap;Adjective , Adverb;A1, B1;ارزانه
cheat;Verb Noun;B1;غولوم
check;Verb Noun;A1, A2;وګورئ
chef;Noun;A2;آشپز
cheerful;Adjective;B1;باش
cheese;Noun;A1;پنیر
chemical;Adjective, Noun;B1;د کیمیاوي
chemistry;Noun;A2;کيميا
chest;Noun;B1;سینه
chicken;Noun;A1;چرګه
chief;Adjective, Noun;B2;مشر
child;Noun;A1;ماشوم
childhood;Noun;B1;د ماشومتوب
chip;Noun;A2;چپس
chocolate;Noun;A1;چاکلېټو
choice;Noun;A2;انتخاب
choose;Verb;A1;غوره
church;Noun;A2;کلیسا
cigarette;Noun;A2;سګريټ
cinema;Noun;A1;سینما
circle;Noun Verb;A2;دایره
circumstance;Noun;B2;شرایطو
cite;Verb;B2;ذکر
citizen;Noun;B2;تبعه
city;Noun;A1;ښار
civil;Adjective;B2;د مدني
claim;Verb Noun;B1;ادعا
class;Noun;A1;ټولګي
classic;Adjective, Noun;B2;کلاسيک
classical;Adjective;A2;کلاسيکه
classroom;Noun;A1;ټولګي
clause;Noun;B1;فقره
clean;Adjective, Verb;A1;پاک
clear;Adjective, Verb;A2, B1;روښانه
clearly;Adverb;A2;په روښانه توګه
clever;Adjective;A2;هوښیار
click;Verb Noun;B1;کلیک
client;Noun;B1;د مراجعینو
climate;Noun;A2;د اقلیم د
climb;Verb Noun;A1, B1;ریندي
clock;Noun;A1;ساعته
close1;Verb Noun;A1, B2;close1
close2;Adjective , Adverb;A2, B1;close2
closed;Adjective;A2;د تړلو
closely;Adverb;B2;له نږدې
cloth;Noun;B1;ټوکر
clothes;Noun;A1;جامې
clothing;Noun;A2;جامې
cloud;Noun;A2;ورېځ
club;Noun;A1;کلپ
clue;Noun;B1;Clue
coach;Noun Verb;A2, B1;د روزونکي په
coal;Noun;B1;د ډبرو سکاره
coast;Noun;A2;ساحل
coat;Noun;A1;چپنه
code;Noun;A2;کوډ
coffee;Noun;A1;قهوه
coin;Noun;B1;COIN
cold;Adjective Noun;A1;سوړ
collapse;Verb Noun;B2;سقوط
colleague;Noun;A2;همکار
collect;Verb;A2;راټول
collection;Noun;B1;ټولګه
college;Noun;A1;کالج
colour;Noun;A1;رنګ
coloured;Adjective;B1;رنګه
column;Noun;A2;کالم
combination;Noun;B2;ترکیب
combine;Verb;B1;په ګډه
come;Verb;A1;راځي
comedy;Noun;A2;په ډرامه کې
comfort;Noun Verb;B2;ارام
comfortable;Adjective;A2;هوسا
command;Noun Verb;B2;د قوماندې
comment;Noun Verb;A2, B1;تبصره
commercial;Adjective Noun;B1;تجارتي
commission;Noun Verb;B2;کمیسیون
commit;Verb;B1;ژمن
commitment;Noun;B2;ژمنې
committee;Noun;B2;د کمیټې
common;Adjective Noun;A1;عام
commonly;Adverb;B2;په عام ډول
communicate;Verb;A2;اړیکه
communication;Noun;B1;د اړیکو
community;Noun;A2;ټولنې
company;Noun;A1;شرکت
compare;Verb;A1;په پرتله
comparison;Noun;B1;په پرتله
compete;Verb;A2;سیالی
competition;Noun;A2;سیالۍ
competitor;Noun;B1;د سيالي
competitive;Adjective;B1;رقابتي
complain;Verb;A2;شکايت
complaint;Noun;B1;شکايت
complete;Adjective Verb;A1;بشپړ
completely;Adverb;A2;په بشپړه توګه
complex;Adjective, Noun;B1, B2;پیچلي
complicated;Adjective;B2;پيچلې
component;Noun;B2;برخه
computer;Noun;A1;کمپيوټر
concentrate;Verb;B1;ټينګ
concentration;Noun;B2;غلظت
concept;Noun;B2;مفهوم
concern;Noun Verb;B2;اندیښنې
concerned;Adjective;B2;په اړه
concert;Noun;A1;کنسرت
conclude;Verb;B1;په پای کې
conclusion;Noun;B1;پایلې
condition;Noun;A2;حالت
conduct;Verb Noun;B2;چلند
conference;Noun;A2;کنفرانس
confidence;Noun;B2;باور
confident;Adjective;B1;ډاډه
confirm;Verb;B1;تأیید
conflict;Noun Verb;B2;شخړې
confuse;Verb;B1;مغشوش کړي
confused;Adjective;B1;مغشوش
confusing;Adjective;B2;پېچلې
connect;Verb;A2;سره نښلوي
connected;Adjective;A2;سره نښلول
connection;Noun;B1;په تړاو
conscious;Adjective;B2;هوش
consequence;Noun;B1;پایله
conservative;Adjective, Noun;B2;محافظه
consider;Verb;A2;په پام کې
consideration;Noun;B2;په پام کې
consist;Verb;B1;لري
consistent;Adjective;B2;سمون
constant;Adjective;B2;پرله پسې
constantly;Adverb;B2;په دوامداره توګه
construct;Verb;B2;د ودانولو په
construction;Noun;B2;د جوړولو
consume;Verb;B1;په مصرف
consumer;Noun;B1;د مصرف
contact;Noun Verb;B1;تماس
contain;Verb;A2;مشتمل په
container;Noun;B1;لوښی
contemporary;Adjective;B2;د معاصرو
content;Noun;B1;منځپانګه
contest;Noun Verb;B2;سیالي
context;Noun;A2;متن
continent;Noun;A2;وچه
continue;Verb;A2;دوام
continuous;Adjective;B1;دوامداره
contract;Noun Verb;B2;د قرارداد د
contrast;Noun Verb;B1;برعکس
contribute;Verb;B2;مرسته
contribution;Noun;B2;مرسته
control;Noun Verb;A2;کنترول
convenient;Adjective;B1;مناسب
conversation;Noun;A1;خبرې
convert;Verb;B2;اوښتي
convince;Verb;B1;قانع
convinced;Adjective;B2;قانع
cook;Verb Noun;A1, A2;اشپز
cooker;Noun;A2;ديګ
cooking;Noun;A1;د پخلي
cool;Adjective, Verb;A1, B1;ارام
copy;Noun Verb;A2;کاپي
core;Noun Adjective;B2;د اصلي
corner;Noun;A2;کونج
corporate;Adjective;B2;د شرکتونو
correct;Adjective Verb;A1;صحیح
correctly;Adverb;A2;سمه
cost;Noun Verb;A1;لګښت
costume;Noun;B1;costume
cottage;Noun;B1;پنېر
cotton;Noun;B1;پنبه
could;Verb;A1;کولی
council;Noun;B2;شورا
count;Verb Noun;A2, B1;حساب
country;Noun;A1;هیواد
countryside;Noun;B1;د هيواد
county;Noun;B2;County
couple;Noun;A2;څو
courage;Noun;B2;زړورتيا
course;Noun;A1;کورس
court;Noun;B1;محکمه
cousin;Noun;A1;د کاکا، ماما، ترور زوی یا لور
cover;Verb Noun;A2, B1;د پوښونو
covered;Adjective;B1;تر پوښښ لاندې
cow;Noun;A1;غوا
crash;Noun Verb;B2;د غورځېدو
crazy;Adjective;A2;لیونی
cream;Noun Adjective;A1, B1;cream
create;Verb;A1;رامنځ ته
creation;Noun;B2;جوړول
creative;Adjective;A2;تخليقي
creature;Noun;B2;ژوندي مخلوقاتو
credit;Noun Verb;A2, B2;د پور
crew;Noun;B2;عمله
crime;Noun;A2;جرم
criminal;Noun Adjective;A2, B1;د جنايي
crisis;Noun;B2;بحران
criterion;Noun;B2;معیار
critic;Noun;B2;انتقاد
critical;Adjective;B2;مهم
criticism;Noun;B2;انتقاد
criticize;Verb;B2;انتقاد
crop;Noun;B2;د حاصلاتو
cross;Verb Noun;A2;صلیب
crowd;Noun;A2;ګڼه ګوڼه
crowded;Adjective;A2;ګڼه ګوڼه
crucial;Adjective;B2;مهم
cruel;Adjective;B1;ظالمانه
cry;Verb Noun;A2, B2;ژړا
cultural;Adjective;B1;کلتوري
culture;Noun;A1;کلتور
cup;Noun;A1;جام
cupboard;Noun;A2;الماري
cure;Verb Noun;B2;علاج
curly;Adjective;A2;ګرګوتي
currency;Noun;B1;د اسعارو د
current;Adjective, Noun;B1, B2;اوسني
currently;Adverb;B1;اوس
curtain;Noun;B1;پردې
curve;Noun Verb;B2;کږه
curved;Adjective;B2;منحنی
custom;Noun;B1;د ګمرک
customer;Noun;A1;د پېرېدونکو
cut;Verb , Noun;A1, B1;پري
cycle;Noun Verb;A2, B1;د دوران
dad;Noun;A1;داد
daily;Adjective, Adverb;A2, B1;هره ورځ
damage;Noun Verb;B1;زيان
dance;Noun Verb;A1;اتڼ
dancer;Noun;A1;ډمه
dancing;Noun;A1;نڅا
danger;Noun;A2;د خطر
dangerous;Adjective;A1;خطرناک
dark;Adjective, Noun;A1, A2;تياره
data;Noun;A2;معلومات
date;Noun Verb;A1, B2;نېټه
daughter;Noun;A1;لور
day;Noun;A1;ورځ
dead;Adjective;A2;وژل شوي
deal;Verb Noun;A2, B1;تړون
dear;Adjective, exclam;A1, A2;ګران
death;Noun;A2;د مرګ
debate;Noun Verb;B2;د مناظرې
debt;Noun;B2;د پور د
decade;Noun;B1;لسیزه
December;Noun;A1;دسمبر
decent;Adjective;B2;ښه
decide;Verb;A1;پریکړه
decision;Noun;A2;پریکړه
declare;Verb;B2;اعلان
decline;Verb Noun;B2;زوال
decorate;Verb;B1;د سينګار
decoration;Noun;B2;سينګار
decrease;Verb Noun;B2;کموالی
deep;Adjective, Adverb;A2, B1;ژوره
deeply;Adverb;B2;په ژوره توګه
defeat;Verb Noun;B2;ماتې
defence;Noun;B2;دفاع
defend;Verb;B2;د دفاع
define;Verb;B1;define
definite;Adjective;B1;قطعي
definitely;Adverb;A2;هرو مرو
definition;Noun;B1;تعریف
degree;Noun;A2;درجو
delay;Verb Noun;B2;ځنډ
deliberate;Adjective;B2;د عمدي
deliberately;Adverb;B2;په قصدي ډول
delicious;Adjective;A1;خوږې
delight;Verb Noun;B2;خوښۍ
delighted;Adjective;B2;خوښ
deliver;Verb;B1;ورسوي
delivery;Noun;B2;د وړاندې کولو
demand;Noun Verb;B2;د تقاضا
demonstrate;Verb;B2;څرګندونه
dentist;Noun;A2;د غاښونو
deny;Verb;B2;انکار
department;Noun;A2;رياست
departure;Noun;B1;د وتلو
depend;Verb;A2;پورې اړه لري
depressed;Adjective;B2;خواشينه
depressing;Adjective;B2;لږېدو
depth;Noun;B2;ژوره
describe;Verb;A1;تشریح
description;Noun;A1;Description
desert;Noun Verb;A2, B2;دښته
deserve;Verb;B2;وړ دي
design;Noun Verb;A1;ډيزاين
designer;Noun;A2;طراح
desire;Noun Verb;B2;ارمان
desk;Noun;A1;مېز
desperate;Adjective;B2;نهيلي
despite;prep;B1;سره
destination;Noun;B1;مقصد
destroy;Verb;A2;له منځه
detail;Noun Verb;A1, B2;تفصیل
detailed;Adjective;B2;تفصيل
detect;Verb;B2;کشف
detective;Noun;A2;کشفي
determine;Verb;B1;معلوم
determined;Adjective;B1;هوډمن
develop;Verb;A2;وده
development;Noun;B1;پرمختګ
device;Noun;A2;آله
diagram;Noun;B1;دیاګرام
dialogue;Noun;A1;د خبرو اترو
diamond;Noun;B1;الماس
diary;Noun;A2;کتابچه
dictionary;Noun;A1;قاموس
die;Verb;A1;مري
diet;Noun;A1;خواړه
difference;Noun;A1;توپير
different;Adjective;A1;مختلف
differently;Adverb;A2;په مختلف
difficult;Adjective;A1;ستونزمن
difficulty;Noun;B1;ستونزه
dig;Verb;B2;جنرالې
digital;Adjective;A2;په ډیجیټل
dinner;Noun;A1;ماښامنۍ
direct;Adjective, Verb Adverb;A2, B1;مستقیم
direction;Noun;A2;جهت
directly;Adverb;B1;په مستقیم ډول
director;Noun;A2;رئيس
dirt;Noun;B1;چټلی
dirty;Adjective;A1;چټل
Dis Adverbantage;Noun;B1;مهدویت Adverbantage
disagree;Verb;A2;موافق
disappear;Verb;A2;له منځه
disappointed;Adjective;B1;نهيلي
disappointing;Adjective;B1;نهيلۍ
disaster;Noun;A2;د ناورین
disc;Noun;B2;ټیکلي
discipline;Noun;B2;دسپلين
discount;Noun Verb;B1, B2;تخفیف
discover;Verb;A2;کشف
discovery;Noun;A2;کشفولو
discuss;Verb;A1;په اړه
discussion;Noun;A2;بحث
disease;Noun;A2;ناروغۍ
dish;Noun;A1;ډيش
dishonest;Adjective;B2;ناپاک
dislike;Verb Noun;B1;بد
dismiss;Verb;B2;د ګوښه
display;Verb Noun;B2;نندارې ته
distance;Noun;A2;واټن
distribute;Verb;B2;وويشي
distribution;Noun;B2;ویش
district;Noun;B2;ولسوالۍ د
divide;Verb Noun;B1, B2;وېش
division;Noun;B2;فرقې
divorced;Adjective;A2;طلاق
do;Verb auxiliary verb;A1;نه
doctor;Noun;A1;ډاکټر
document;Noun Verb;A2, B2;سند
documentary;Noun;B1;مستند
dog;Noun;A1;سپی
dollar;Noun;A1;ډالر
domestic;Adjective;B2;کورني
dominate;Verb;B2;ترګورت لاندې
donate;Verb;B1;مرسته
door;Noun;A1;دروازه
double;Adjective det. proNoun Verb , Adverb;A2, B1;دوه ګونی
doubt;Noun Verb;B1;شک
down;Adverb Prep;A1;ښکته
download;Verb Noun;A2;دانلود
downstairs;Adverb , Adjective;A1, A2;راکښته
downwards;Adverb;B2;لخواځواب
dozen;Noun det;B2;لسګونو
draft;Noun Verb;B2;مسوده
drag;Verb;B2;راکښ
drama;Noun;A2;ډرامه
dramatic;Adjective;B2;ډراماتيک
draw;Verb;A1;رسم
drawing;Noun;A2;انځور
dream;Noun Verb;A2;خوب
dress;Noun Verb;A1;کالی
dressed;Adjective;B1;په جامه کې
drink;Noun Verb;A1;د څښلو
drive;Verb Noun;A1, A2;ډرایو
driver;Noun;A1;چلوونکی
driving;Noun;A2;د موټر چلولو
drop;Verb Noun;A2, B1;ولویږي
drug;Noun;A2;د مخدره توکو
drum;Noun;B1;ډول
drunk;Adjective;B1;مستی
dry;Adjective, Verb;A2;وچ
due;Adjective;B1;له امله
during;prep;A1;په ترڅ کې
dust;Noun;B1;دوړو
duty;Noun;B1;دنده
DVD;Noun;A1;DVD
each;det./proNoun/Adverb;A1;د هر
ear;Noun;A1;د غوږ
early;Adjective Adverb;A1;په لومړيو
earn;Verb;A2;ترلاسه
earth;Noun;A2;ځمکه
earthquake;Noun;B1;زلزلې
easily;Adverb;A2;په اسانۍ سره
east;Noun Adjective Adverb;A1;ختیځ
eastern;Adjective;B1;په ختيځ
easy;Adjective;A1;اسانه
eat;Verb;A1;خورئ
economic;Adjective;B1;اقتصادي
economy;Noun;B1;اقتصاد
edge;Noun;B1;څنډه
edit;Verb;B2;سمول
edition;Noun;B2;ګڼه
editor;Noun;B1;مدير
educate;Verb;B1;زده کړه
educated;Adjective;B1;زده کړې
education;Noun;A2;زده کړې
educational;Adjective;B1;د زده کړې
effect;Noun;A2;اغېز
effective;Adjective;B1;اغیزمن
effectively;Adverb;B1;په اغیزمنه توګه
efficient;Adjective;B2;اغیزمن
effort;Noun;B1;هڅې
egg;Noun;A1;هګۍ
eight;number;A1;اته
eighteen;number;A1;اتلس
eighty;number;A1;اتیا
either;det./proNoun Adverb;A2;يا
elderly;Adjective;B2;زاړه
elect;Verb;B2;ټاکل
election;Noun;B1;د ټاکنو د
electric;Adjective;A2;برقي
electrical;Adjective;A2;بریښنا
electricity;Noun;A2;د بريښنا
electronic;Adjective;A2;برېښنايي
element;Noun;B1;عنصر
elephant;Noun;A1;د فيل
eleven;number;A1;یولس
else;Adverb;A1;بل
elsewhere;Adverb;B2;په نورو
email;Noun Verb;A1;ایمیل
embarrassed;Adjective;B1;وارخطا
embarrassing;Adjective;B1;وارخطا
emerge;Verb;B2;د رامنځته
emergency;Noun;B1;عاجل
emotion;Noun;B1;احساساتو
emotional;Adjective;B2;احساساتي
emphasis;Noun;B2;ټینګار
emphasize;Verb;B2;ټینګار
employ;Verb;A2;په کارګماري
employee;Noun;A2;کارمند
employer;Noun;A2;کارفرما
employment;Noun;B1;د کار
empty;Adjective, Verb;A2, B1;تش
enable;Verb;B2;وتوانوي
encounter;Verb Noun;B2;لوبه
encourage;Verb;B1;وهڅوي
end;Noun Verb;A1;پای
ending;Noun;A2;د پای ته
enemy;Noun;B1;دښمن
energy;Noun;A2;د انرژۍ د
engage;Verb;B2;ښکیل
engaged;Adjective;B1;بوخت
engine;Noun;A2;انجن
engineer;Noun;A2;انجنير
engineering;Noun;B1;د انجنيرۍ
enhance;Verb;B2;لوړول
enjoy;Verb;A1;خوند
enormous;Adjective;A2;ستره
enough;det. proNoun Adverb;A1;پوره
enquiry;Noun;B2;پوښتنې
ensure;Verb;B2;ډاډ
enter;Verb;A2;داخل
entertain;Verb;B1;تفريحي
entertainment;Noun;B1;ساعتېري
enthusiasm;Noun;B2;ليوالتيا
enthusiastic;Adjective;B2;ليوالتيا
entire;Adjective;B2;ټول
entirely;Adverb;B2;په بشپړه توګه
entrance;Noun;B1;ننوتل
entry;Noun;B1;د ننوتلو
environment;Noun;A2;چاپېريال
environmental;Adjective;B1;د چاپیریال د
episode;Noun;B1;خپرونه
equal;Adjective, Verb Noun;B1, B2;مساوي
equally;Adverb;B1;په مساوي
equipment;Noun;A2;وسايل
error;Noun;A2;تېروتنې
escape;Verb Noun;B1;وتښتي
especially;Adverb;A2;په ځانګړې توګه
essay;Noun;A2;مغمون
essential;Adjective;B1;ضروري
establish;Verb;B2;جوړ کړي
estate;Noun;B2;شتمنۍ
estimate;Verb Noun;B2;اټکل
ethical;Adjective;B2;اخلاقي
euro;Noun;A1;یورو
evaluate;Verb;B2;ارزونه
even;AdVerb Adjective;A1, B2;آن
evening;Noun;A1;ماښام
event;Noun;A1;پيښه
eventually;Adverb;B1;په پای کې
ever;Adverb;A1;تل
every;det;A1;هر
everybody;proNoun;A1;هرڅوک
everyday;Adjective;A2;هره ورځ
everyone;proNoun;A1;هر څوک
everything;proNoun;A1;هر څه
everywhere;Adverb;A2;په هرځای کې
evidence;Noun;A2;شواهد
evil;Adjective, Noun;B2;د شر
exact;Adjective;A2;کره
exactly;Adverb;A2;کټ
exam;Noun;A1;آزموينه
examination;Noun;B2;د ازموینې
examine;Verb;B1;معاينه
example;Noun;A1;د مثال په
excellent;Adjective;A2;ښه
except;prep, conj;A2, B1;مګر
exchange;Noun Verb;B1;په بدل کې
excited;Adjective;A1;هیجاني
excitement;Noun;B1;هیجان
exciting;Adjective;A1;په زړه پورې
excuse;Noun Verb;B2;عذر
executive;Noun Adjective;B2;اجرائیه
exercise;Noun Verb;A1;تمرین
exhibition;Noun;B1;نندارتون
exist;Verb;A2;شتون
existence;Noun;B2;شتون
expand;Verb;B1;پراختیا
expect;Verb;A2;تمه
expectation;Noun;B2;تمه
expected;Adjective;B1;تمه
expedition;Noun;B1;Expedition
expense;Noun;B2;لګښت
expensive;Adjective;A1;ګران
experience;Noun Verb;A2, B1;تجربه
experienced;Adjective;B1;تجربه
experiment;Noun Verb;A2, B1;تجربه
expert;Noun Adjective;A2;کارپوه
explain;Verb;A1;تشریح
explanation;Noun;A2;توضیحات
explode;Verb;B1;انفجار
exploration;Noun;B2;د اکتشاف
explore;Verb;B1;ولټوي
explosion;Noun;B1;چاودنه
export;Noun Verb;B1;د صادراتو
expose;Verb;B2;رسوا
express;Verb;A2;اکسپرس
expression;Noun;A2;د بیان د
extend;Verb;B2;وغځوي
extent;Noun;B2;حده
external;Adjective;B2;خارجي
extra;Adjective, Noun Adverb;A1, B1;د اضافي
extraordinary;Adjective;B2;فوق العاده
extreme;Adjective, Noun;A2, B2;افراطي
extremely;Adverb;A2;خورا
eye;Noun;A1;د سترګو
face;Noun Verb;A1, B1;مخ
facility;Noun;B2;مرکز
fact;Noun;A1;حقیقت
factor;Noun;A2;فکتور
factory;Noun;A2;فابريکه
fail;Verb;A2;ناکام
failure;Noun;B2;ناکامي
fair;Adjective;A2;عادلانه
fairly;Adverb;B1;عادالنه
faith;Noun;B2;د ايمان
fall;Verb Noun;A1, A2;راځي
FALSE;Adjective;A1;False ليکل
familiar;Adjective;B1;اشنا
family;Noun Adjective;A1;کورنۍ
famous;Adjective;A1;نامتو
fan;Noun;A2;مينه وال
fancy;Verb Adjective;B1;ښکلې
fantastic;Adjective;A1;fantastic
far;Adverb , Adjective;A1, B1;تر اوسه
farm;Noun Verb;A1, A2;فارم
farmer;Noun;A1;بزګر
farming;Noun;A2;کرنه
fascinating;Adjective;B1;پېېلې
fashion;Noun;A2;فېشن
fashionable;Adjective;B1;فیشني
fast;Adjective, Adverb;A1;روژه
fasten;Verb;B1;کړی.او
fat;Adjective, Noun;A1, A2;وازګه
father;Noun;A1;پلار
fault;Noun;B2;نيمګړيتا په
favour;Noun Verb;B1, B2;په ګټه
favourite;Adjective, Noun;A1;د خوښې
fear;Noun Verb;A2, B1;ويره
feather;Noun;B2;بڼکو
feature;Noun Verb;A2, B1;فیچر
February;Noun;A1;فبروري
fee;Noun;B2;فیس
feed;Verb Noun;A2, B2;خواړه
feedback;Noun;B2;فیډبک
feel;Verb Noun;A1, B2;احساس
feeling;Noun;A1;احساس
fellow;Adjective;B2;ملګري
female;Adjective, Noun;A2;ښځينه
fence;Noun;B1;اغزن
festival;Noun;A1;جشن
few;det./Adjective, proNoun;A1;څو
fiction;Noun;A2;افسانه
field;Noun;A2;ډګر
fifteen;number;A1;پنځلس
fifth;number;A1;پنځم
fifty;number;A1;پنځوس
fight;Verb Noun;A2;د مبارزې
fighting;Noun;B1;جګړه
figure;Noun Verb;A2, B2;شکل
file;Noun Verb;B1, B2;د دوتنې
fill;Verb;A1;ډکول
film;Noun Verb;A1, A2;فلم
final;Adjective, Noun;A1, A2;وروستي
finally;Adverb;A2;په پای کې
finance;Noun Verb;B2;د مالیې
financial;Adjective;B1;د مالي
find;Verb;A1;پیدا
finding;Noun;B2;موندنه
fine;Adjective;A1;ښه
finger;Noun;A2;د ګوتې
finish;Verb Noun;A1, A2;پای
fire;Noun Verb;A1, B1;اور
firm;Noun;B2;شرکت
first;det./number.AdVerb Noun;A1, A2;لومړی
firstly;Adverb;A2;لومړی
fish;Noun Verb;A1, A2;د کبانو
fishing;Noun;A2;د کبانو
fit;Verb Adjective;A2;مناسبه
fitness;Noun;B1;فټنس
five;number;A1;پنځه
fix;Verb Noun;A2, B2;بلواوو
fixed;Adjective;B1;ثابت
flag;Noun;B1;بیرغ
flame;Noun;B2;لمبه
flash;Noun Verb;B2;فلش
flat;Noun Adjective;A1, A2;هوارو
flexible;Adjective;B2;د انعطاف
flight;Noun;A1;الوتنې
float;Verb;B2;لرګې
flood;Noun Verb;B1;د سېلاب
floor;Noun;A1;پوړ
flour;Noun;B1;د اوړو
flow;Verb Noun;B1;بهيږي
flower;Noun;A1;ګل
flu;Noun;A2;د انفلونزا
fly;Verb Noun;A1, A2;الوتنه
flying;Noun Adjective;A2;د الوتلو
focus;Verb Noun;A2;تمرکز
fold;Verb Noun;B1, B2;قات
folding;Adjective;B2;تاوېدو
folk;Noun Adjective;B1;او فولکلوريکي
follow;Verb;A1;تعقيب
following;Adjective, Noun prep;A2, B1, B2;لاندې
food;Noun;A1;د خوړو د
foot;Noun;A1;پښه
football;Noun;A1;د فوټبال
for;prep.;A1;لپاره
force;NounVerb;B1;ځواک
foreign;Adjective;A2;د بهرنيو چارو
forest;Noun;A2;د ځنګله
forever;Adverb;B1;د تل لپاره
forget;Verb;A1;هېر
forgive;Verb;B2;وبخښه
fork;Noun;A2;ښاخۍ
form;NounVerb;A1;فورمه
formal;Adjective;A2;رسمي
former;Adjective;B2;د پخواني
fortunately;Adverb;A2;له نیکه مرغه
fortune;Noun;B2;بخت
forty;number;A1;څلوېښت
forward;AdVerb Adjective;A2, B2;مخ
found;Verb;B2;موندل
four;number;A1;څلور
fourteen;number;A1;څورلس
fourth;number;A1;څلورم
frame;NounVerb;B1;چوکاټ
free;Adjective, AdVerb Verb;A1,A2,B2;وړيا
freedom;Noun;B2;د آزادۍ
freeze;Verb;B1;کنګل
frequency;Noun;B2;د فریکونسي
frequently;Adverb;B1;په وار وار
fresh;Adjective;A2;تازه
Friday;Noun;A1;جمعه
fridge;Noun;A2;د یخچال
friend;Noun;A1;ملګري
friendly;Adjective;A1;دوستانه
friendship;Noun;B1;د دوستۍ
frighten;Verb;B1;وويروي
frightened;Adjective;B1;ډارولي
frightening;Adjective;B1;ډاروونکي
frog;Noun;A2;Frog
from;prep;A1;له
front;Noun Adjective;A1;مخ
frozen;Adjective;B1;کنګل
fruit;Noun;A1;ميوه
fry;Verb;B1;Fry
fuel;Noun Verb;B1, B2;د تیلو د
full;Adjective;A1;بشپړ
fully;Adverb;B2;په بشپړه توګه
fun;Noun Adjective;A1, A2;fun
function;Noun Verb;B1, B2;دنده
fund;Noun Verb;B2;صندوق
fundamental;Adjective;B2;د اساسي
funding;Noun;B2;تمویل
funny;Adjective;A1;مسخره
fur;Noun;B1;Fur
furniture;Noun;A2;فرنيچر
further;Adjective, Adverb;A2, B1;نور
furthermore;Adverb;B2;سربیره پر
future;Noun Adjective;A1, A2;راتلونکې
gain;Verb Noun;B2;ګټې
gallery;Noun;A2;ګالري
game;Noun;A1;لوبه
gang;Noun;B2;ډله
gap;Noun;A2;تشه
garage;Noun;B1;ګاراژ
garden;Noun;A1;باغ
gas;Noun;A2;د ګازو د
gate;Noun;A2;ور
gather;Verb;B1;راټول
general;Adjective;A2;عمومي
generally;Adverb;B1;په عمومي توګه
generate;Verb;B2;د تولید
generation;Noun;B1;نسل
generous;Adjective;B1;سخاوتمندانه
genre;Noun;B2;ژانر
gentle;Adjective;B1;نرم
gentleman;Noun;B1;د چاخبر
geography;Noun;A1;جغرافيې
get;Verb;A1;GET
ghost;Noun;B1;ارواګانو
giant;Adjective, Noun;B1;giant
gift;Noun;A2;ډالۍ
girl;Noun;A1;نجلۍ
girlfriend;Noun;A1;انډيوالې
give;Verb;A1;ورکړي
glad;Adjective;B1;خوښ
glass;Noun;A1;شیشه
global;Adjective;B1;نړۍ
glove;Noun;B1;دستکشه
go;Verb Noun;A1, B1;لاړ شه
goal;Noun;A2;موخه
God;Noun;A2;خدای
gold;Noun Adjective;A2;د سرو زرو
golf;Noun;A2;ګالف
good;Adjective, Noun;A1, A2;ښه
goodbye;exclam. Noun;A1;خداى پامان
goods;Noun;B1;د توکو
govern;Verb;B2;د حکومت
government;Noun;A2;د حکومت
grab;Verb;B2;غصب
grade;Noun Verb;B1, B2;ټولګي
gradually;Adverb;B2;ورو ورو
graduate;Noun Verb;B1;فارغ
grain;Noun;B1;د غلې
grand;Adjective;B2;لوئې
grandfather;Noun;A1;نیکه
grandmother;Noun;A1;نیا
grandparent;Noun;A1;انا
grant;Verb Noun;B2;د وړیا مرستو
grass;Noun;A2;واښه
grateful;Adjective;B1;مننه
great;Adjective;A1;غوره
green;Adjective, Noun;A1;شین
greet;Verb;A2;روغ بړ
grey;Adjective, Noun;A1;خړ
ground;Noun;A2;د ځمکنیو
group;Noun;A1;ډله
grow;Verb;A1;وده
growth;Noun;B1;وده
guarantee;Verb Noun;B2;ضمانت
guard;Noun Verb;B1;ساتونکي
guess;Verb Noun;A1;فکر
guest;Noun;A2;میلمه
guide;Noun Verb;A2;لارښود
guilty;Adjective;B1;مجرم
guitar;Noun;A1;ګيتار
gun;Noun;A2;ټوپک
guy;Noun;A2;هلک
gym;Noun;A1;جمنازيوم
habit;Noun;A2;عادت
hair;Noun;A1;ويښتان
half;Noundet.proNoun, Adverb;A1, A2;نیم
hall;Noun;A2;په تالار کې
hand;Noun Verb;A1, B1;لاس
handle;Verb Noun;B2;لاستی
hang;Verb;B1;ځوړند
happen;Verb;A1;پېښ
happily;Adverb;A2;په خوښۍ
happiness;Noun;B1;خوښي
happy;Adjective;A1;خوښ
hard;Adjective, Adverb;A1;سخت
hardly;Adverb;B1;په سختۍ
harm;Noun Verb;B2;زیان
harmful;Adjective;B2;مضره
hat;Noun;A1;خولۍ
hate;Verb Noun;A1, B1;کرکې
have;Verb auxiliary Verb;A1, A2;لري
have to modal;Verb;A1;ته د ورکېدا
he;proNoun;A1;هغه
head;Noun Verb;A1, B1;سر
headache;Noun;A2;سرخوږی
headline;Noun;B1;سرټکی
health;Noun;A1;روغتیا
healthy;Adjective;A1;روغ
hear;Verb;A1;ډرا
hearing;Noun;B2;اوريدلو
heart;Noun;A2;هرات
heat;Noun Verb;A2;ګرمۍ
heating;Noun;B1;د تودولو
heaven;Noun;B2;اسمان
heavily;Adverb;B1;په ژوره
heavy;Adjective;A2;درنو
heel;Noun;B2;پونده
height;Noun;A2;د قد
helicopter;Noun;B1;چورلکه
hell;Noun;B2;دوزخ
hello;exclam./Noun;A1;سلام
help;Verb Noun;A1;مرسته
helpful;Adjective;A2;ګټور
her;proNoundet;A1;د هغې
here;Adverb;A1;دلته
hero;Noun;A2;اتل
hers;proNoun;A2;د عاید
herself;proNoun;A2;ځان
hesitate;Verb;B2;زړه
hey;exclam;A1;سلام
hi;exclam;A1;سلام
hide;Verb;A2;پټول
high;Adjective, AdVerb Noun;A1, A2, B2;لوړ
highlight;Verb Noun;B1;مهم ټکي
highly;Adverb;B1;په لوړه کچه
hill;Noun;A2;غونډۍ
him;proNoun;A1;هغه
himself;proNoun;A2;ځان
hire;Verb Noun;B1, B2;د کرايي
his;det. proNoun;A1, A2;د هغه د
historic;Adjective;B1;تاريخي
historical;Adjective;B1;تاریخي
history;Noun;A1;تاریخ
hit;Verb Noun;A2;د ویشتلو
hobby;Noun;A1;شوقي
hockey;Noun;A2;هاکي
hold;Verb Noun;A2, B2;ځنډولې
hole;Noun;A2;سوري
holiday;Noun;A1;رخصتي
hollow;Adjective;B2;ګوګ
holy;Adjective;B2;مقدس
home;Noun AdVerb Adjective;A1, A2;کور
homework;Noun;A1;کورنی دنده
honest;Adjective;B1;صادق
honour;Noun Verb;B2;عزت
hope;Verb Noun;A1, A2;هيله
horrible;Adjective;B1;horrible
horror;Noun;B1;ډارونکی
horse;Noun;A1;آس
hospital;Noun;A1;روغتون
host;Noun Verb;B1, B2;کوربه
hot;Adjective;A1;ګرم
hotel;Noun;A1;هوټل
hour;Noun;A1;ساعت
house;Noun Verb;A1, B2;کور
household;Noun;B2;د کورنۍ د
housing;Noun;B2;د کور
how;Adverb;A1;څه ډول
however;Adverb;A1;خو
huge;Adjective;A2;ستر
human;Adjective, Noun;A2;د بشري
humorous;Adjective;B2;خندونکی
humour;Noun;B2;، ټوګی.
hundred;number;A1;سوه
hungry;Adjective;A1;د وږو
hunt;Verb Noun;B1, B2;ښکار
hunting;Noun;B2;ښکار
hurricane;Noun;B1;توپان
hurry;Noun Verb;B1;بيړه
hurt;Verb Adjective Noun;A2, B2;ژوبل
husband;Noun;A1;خاوند
I;proNoun;A1;زه
ice;Noun;A1;یخ
ice cream;Noun;A1;ایسکریم
idea;Noun;A1;مفکوره
ideal;Adjective , Noun;A2, B2;مطلوب
identify;Verb;A2;په ګوته کړي
identity;Noun;B1;د هویت
if;conj.;A1;که
ignore;Verb;B1;له پامه
ill;Adjective;A2;ناروغه
illegal;Adjective;B1;ناقانونه
illness;Noun;A2;ناروغي
illustrate;Verb;B2;تشریح
illustration;Noun;B2;انځور
image;Noun;A2;انځور
imaginary;Adjective;B1;د خیالي ژوندي
imagination;Noun;B2;تصور
imagine;Verb;A1;تصور
immediate;Adjective;B1;فوري
immediately;Adverb;A2;ژر تر ژره
immigrant;Noun;B1;د کډوالۍ د
impact;Noun Verb;B1;اغیز
impatient;Adjective;B2;بېړه
imply;Verb;B2;پدي
import;Noun Verb;B1;د وارداتو
importance;Noun;B1;اهمیت
important;Adjective;A1;مهم
impose;Verb;B2;تحمیل
impossible;Adjective;A2;ناشوني
impress;Verb;B2;اغېزې
impressed;Adjective;B2;متاثره
impression;Noun;B1;احساس
impressive;Adjective;B1;په زړه پورې
improve;Verb;A1;ښه
improvement;Noun;B1;ښه
in;prep., Adverb;A1;په
inch;Noun;B2;انچ
incident;Noun;B2;پېښې
include;Verb;A1;شامل دي
included;Adjective;A2;شامل دي
including;prep.;A2;په ګډون
income;Noun;B2;د عوايدو
increase;Verb Noun;A2;ډیروالی
increasingly;Adverb;B2;په زياتيدونکي
incredible;Adjective;A2;اریانونکی
incredibly;Adverb;B1;کچه
indeed;Adverb;B1;په حقیقت کی
independent;Adjective;A2;د خپلواک
indicate;Verb;B1;ښيي
indirect;Adjective;B1;غیر مستقیم
individual;Noun, adj;A2;انفرادي
indoor;Adjective;B1;د ننی
indoors;Adverb;B1;په طوېله کې
industrial;Adjective;B2;د صنعتي
industry;Noun;A2;صنعت
infection;Noun;B2;انتان
influence;NounVerb;B1;نفوذ
inform;Verb;B2;خبر
informal;Adjective;A2;غیر رسمي
information;Noun;A1;معلومات
ingredient;Noun;B1;مواد
initial;Adjective;B2;لومړنۍ
initially;Adverb;B2;په پیل کې
initiative;Noun;B2;نوښت
injure;Verb;B1;ژوبل
injured;Adjective;B1;ټپي
injury;Noun;A2;زخم
inner;Adjective;B2;داخلي
innocent;Adjective;B1;بې ګناه
insect;Noun;A2;د حشراتو
inside;prep.Adverb Noun Adjective;A2;دننه
insight;Noun;B2;انسایټ
insist;Verb;B2;ټينګار
inspire;Verb;B2;انسپاير
install;Verb;B2;نصب
instance;Noun;B2;بېلګې په توګه
instead;Adverb;A2;پر ځای
institute;Noun;B2;د انستیتوت
institution;Noun;B2;نهاد
instruction;Noun;A2;لارښوونې
instructor;Noun;A2;استاد
instrument;Noun;A2;آله
insurance;Noun;B2;د بیمې
intelligence;Noun;B1;استخباراتي
intelligent;Adjective;A2;هوښيار
intend;Verb;B1;اراده
intended;Adjective;B2;په پام کې
intense;Adjective;B2;د سختو
intention;Noun;B1;قصد
interest;Noun Verb;A1;سود
interested;Adjective;A1;مینه
interesting;Adjective;A1;په زړه پورې
internal;Adjective;B2;د داخلي
international;Adjective;A2;د نړیوالو
internet;Noun;A1;انټرنټ
interpret;Verb;B2;تفسیر
interrupt;Verb;B2;مداخله
interview;Noun Verb;A1;مرکه
into;prep.;A1;ته
introduce;Verb;A1;معرفي
introduction;Noun;A2;پېژندنه
invent;Verb;A2;اختراع
invention;Noun;A2;اختراع
invest;Verb;B1;پانګونه
investigate;Verb;B1;پلټنه
investigation;Noun;B2;پلټنې
investment;Noun;B2;د پانګې اچونې
invitation;Noun;A2;بلنه
invite;Verb;A2;بلنه
involve;Verb;A2;شامل
involved;Adjective;B1;دخیل
iron;Noun Verb;B1;د اوسپنې
island;Noun;A1;ټاپو
issue;Noun, Verb;B1, B2;موضوع
IT;Noun;B1;IT
it;proNoun;A1;دا
item;Noun;A2;توکی
its;det.;A1;خپل
itself;proNoun;A2;په خپله
jacket;Noun;A1;جاکټ
jam;Noun;A2;جم
January;Noun;A1;جنوري
jazz;Noun;A2;جاز
jeans;Noun;A1;جينز
jewellery;Noun;A2;ګاڼې
job;Noun;A1;دندې
join;Verb;A1;سره یوځای شي
joke;Noun Verb;A2;ټوکه
journal;Noun;B1;ژورنال
journalist;Noun;A2;خبریال
journey;Noun;A1;سفر
joy;Noun;B2;جوي
judge;Noun Verb;B1;قاضي
judgement;Noun;B2;قضاوت
juice;Noun;A1;جوس
July;Noun;A1;جولای
jump;Verb Noun;A2;ورټوپ کړه
June;Noun;A1;جون
junior;Adjective;B2;د ټیټو
just;Adverb;A1;يوازې
justice;Noun;B2;عدالت
justify;Verb;B2;توجیه
keen;Adjective;B1;ليواله
keep;Verb;A1;وساتي
key;Noun, Adjective Verb;A1, B1;کلیدي
keyboard;Noun;B1;کي بورډ
kick;Verb Noun;B1;پخاطر
kid;Noun;A2;د کوچینیانو
kill;Verb;A2;ووژل شول
killing;Noun;B1;وژنه
kilometre;Noun;A1;کيلومتره
kind(type);Noun;A1;ډول (ډول)
kind(caring);Adjective;B1;ډول (دپالنی)
king;Noun;A2;پاچا
kiss;Verb Noun;B1;مچې
kitchen;Noun;A1;د پخلنځي
knee;Noun;A2;زنګون
knife;Noun;A2;چاقو
knock;Verb , Noun;A2, B1;منډې
know;Verb;A1;پوه
knowledge;Noun;A2;پوهه
lab;Noun;A2;د لابراتوار
label;Noun Verb;B1;لیبل
laboratory;Noun;B1;لابراتوار
labour;Noun;B2;د کار
lack;Noun Verb;B1;نشتوالی
lady;Noun;A2;ابۍ
lake;Noun;A2;جهيل
lamp;Noun;A2;څراغ
land;Noun, Verb;A1, A2;د ځمکې د
landscape;Noun;B2;منظره
language;Noun;A1;ژبه
laptop;Noun;A2;لپ ټاپ
large;Adjective;A1;لوی
largely;Adverb;B2;په پراخه توګه
last1 (final);det., Adverb n;A1, A2;last1 (وروستۍ)
last1 (taking time);Verb;A2;last1 (اخلي وخت)
late;Adjective Adverb;A1;په وروستيو
later;Adverb , Adjective;A1, A2;وروسته
latest;Adjective , Noun;B1, B2;وروستۍ
laugh;Verb Noun;A1;خندا
laughter;Noun;A2;خندا
launch;Verb Noun;B2;پيل
law;Noun;A2;د قانون د
lawyer;Noun;A2;سلاكار
lay;Verb;B1;lay
layer;Noun;B1;طبقه
lazy;Adjective;A2;لټ
lead;Verb , Noun;A2, B1;رهبري
leader;Noun;A2;مشر
leadership;Noun;B2;د مشرتابه
leading;Adjective;B1;مخکښ
leaf;Noun;B1;د پاڼی
league;Noun;B2;لیګ
lean;Verb;B2;تکيه
learn;Verb;A1;زده
learning;Noun;A2;زده کړې
least;det./proNoun Adverb;A2;لږ تر لږه
leather;Noun;B1;چرم
leave;Verb , Noun;A1, B2;رخصت
lecture;Noun Verb;A2;لکچر
left;Adjective Adverb Verb;A1;چپ
leg;Noun;A1;پښه
legal;Adjective;B1;قانوني
leisure;Noun;B1;تفریحي
lemon;Noun;A2;ليمو
lend;Verb;A2;قرض
length;Noun;B1;اوږدوالي
less;det./pro Noun Adverb;A2;کم
lesson;Noun;A1;درس
let;Verb;A1;اجازه
letter;Noun;A1;لیک
level;Noun, Adjective , Verb;A2, B1, B2;کچه د
library;Noun;A1;کړی
licence;Noun;B2;د جواز
lie;Verb;A1;دروغ
lie;Verb Noun;B2;دروغ
life;Noun;A1;ژوند
lifestyle;Noun;A2;ژوند
lift;Verb;Noun;فشاري
light (from the sun/a lamp);Noun Adverb , Verb;A1, A2;رڼا (له لمر څخه / A څراغ)
light (not heavy);Adjective;A2;رڼا (د درنو وسلو نه)
like (similar);prep.;A1;لکه (ورته)
like (find sb/sth pleasant);Verb , n;A1, B1;لکه (د موندلو SB / sth ښايسته)
Noun;B1; ;هممانيزونه
likely;Adjective;A2;احتمال
limit;Noun Verb;B1;حد
limited;Adjective;B2;محدود
line;Noun, Verb;A1, B2;کرښه
link;Noun Verb;A2;مخونه
lion;Noun;A1;د زمري
lip;Noun;B1;شونډه
liquid;Noun Adjective;B1;مايع
list;Noun Verb;A1;لست
listen;Verb;A1;غوږ
listener;Noun;A2;اوريدونکي
literature;Noun;B1;ادب
little;Adjective det./proNoun, Adverb;A1, A2;لږ
live1;Verb;A1;live1
live2;Adjective Adverb;B1;live2
lively;Adjective;B2;رپورټونه
living;Adjective Noun;B1;ژوند
load;Noun Verb;B2;بار
loan;Noun;B2;د پور
local;Adjective , Noun;A1, B1;ځايي
locate;Verb;B1;موندلو
located;Adjective;B1;موقعیت
location;Noun;B1;د ځای
lock;Verb Noun;A2;قلف
logical;Adjective;B2;منطقي
lonely;Adjective;B1;lonely
long;Adjective Adverb;A1;د اوږد
long-term;Adjective Adverb;B2;اوږده موده
look;Verb , Noun;A1, A2;کتنه
loose;Adjective;B2;ته راوځي
lord;Noun;B2;باداره
lorry;Noun;A2;لارۍ
lose;Verb;A1;له لاسه ورکړي
loss;Noun;B1;تاوان
lost;Adjective;A2;له لاسه
lot;proNoun det. Adverb;A1;ډېر
loud;Adjective Adverb;A2;لوړ
loudly;Adverb;A2;لوړ غږ
love;Noun Verb;A1;مینه
lovely;Adjective;A2;په زړه پورې
low;Adjective Adverb , n;A2, B2;کم
lower;Verb;B2;د ولسي
luck;Noun;A2;بخت
lucky;Adjective;A2;نېکمرغه
lunch;Noun;A1;د غرمې ډوډۍ
lung;Noun;B2;د سږو
luxury;Noun;B1;لوکس
machine;Noun;A1;ماشین
mad;Adjective;B1;په غوسه
magazine;Noun;A1;مجله
magic;Noun Adjective;B1;جادو
mail;Noun Verb;A2;د کرنې وزارت
main;Adjective;A1;اصلي
mainly;Adverb;B1;عمدتا
maintain;Verb;B2;وساتي
major;Adjective;A2;لوی
majority;Noun;B2;اکثریت
make;Verb , Noun;A1, B2;د کمکیانو لپاره
male;Adjective Noun;A2;نارينه
mall;Noun;B1;Mall
man;Noun;A1;سړی
manage;Verb;A2;اداره
management;Noun;B1;مدیریت
manager;Noun;A2;مدیر
manner;Noun;A2;ډول
many;det./proNoun;A1;څو
map;Noun, Verb;A1, B2;نقشه
March;Noun;A1;مارچ
mark;Verb Noun;A2;نښه
market;Noun, Verb;A1, B1;د بازار د
marketing;Noun;B1;د بازار
marriage;Noun;B1;واده
married;Adjective;A1;واده
marry;Verb;A2;واده
mass;Noun Adjective;B2;ډله
massive;Adjective;B2;ستر
master;Noun Verb;B2;د بادار
match (contest/correspond);Noun Verb;A1;لوبه (سيالۍ / مطابقت)
matching;Adjective;B2;مطابقت ورکول
material;Noun, Adjective;A2, B2;د مادي
mathematics;Noun;A2;د رياضي
maths;Noun;A2;رياضي
matter;Noun Verb;A2;موضوع
maximum;Adjective Noun;B2;اعظمي
May;Noun;A1;می
may modal;Verb;A2;ښايي د ورکېدا
maybe;Adverb;A1;امکان لری
me;proNoun;A1;ما
meal;Noun;A1;ډوډۍ
mean;Verb;A1;مانا
meaning;Noun;A1;معنی
means;Noun;B2;وسيلې
meanwhile;Adverb;B1;په همدې حال
measure;Verb Noun;B1;اندازه
measurement;Noun;B2;د اندازه کولو
meat;Noun;A1;غوښه
media;Noun;A2;د رسنيو
medical;Adjective;A2;طبي
medicine;Noun;A2;دارو
medium;Adjective , Noun;B1, B2;منځني
meet;Verb;A1;سره وکتل
meeting;Noun;A1;غونډه
melt;Verb;B2;ویلې شوې
member;Noun;A1;غړي
memory;Noun;A2;حافظه
mental;Adjective;B1;د رواني
mention;Verb , Noun;A2, B1;ذکر
menu;Noun;A1;غورنۍ
mess;Noun Verb;B1;mess
message;Noun;A1;پیغام
metal;Noun;A2;فلزي
method;Noun;A2;میتود
metre;Noun;A1;متره
middle;Noun Adjective;A2;د منځني
midnight;Noun;A1;نيمه شپه
might modal;Verb;A2;ښايي د ورکېدا
mild;Adjective;B1;متوسط
mile;Noun;A1;مایلو
military;Adjective Noun;B2;پوځي
milk;Noun;A1;شيدې
million number; ;A1;ميليونه شمیر
mind;Noun Verb;A2;ذهن
mine (belongs to me);proNoun;A2;کان (زما دی)
mine (hole in the ground);Noun;B1;کان (په ځمکه کې د سوري)
mineral;Noun;B2;د منرالونو
minimum;Adjective Noun;B2;لږ تر لږه
minister;Noun;B2;د وزير
minor;Adjective;B2;کوچنۍ
minority;Noun;B2;اقلیت
minute;Noun;A1;دقیقې
mirror;Noun;A2;هنداره
miss;Verb;A1;ملکه
missing;Adjective;A2;ورک
mission;Noun;B2;ماموریت
mistake;Noun, Verb;A1, B2;غلطي
mix;Verb Noun;B1;ترکیب
mixed;Adjective;B2;مختلط
mixture;Noun;B1;مخلوط
mobile;Adjective Noun;A2;ګرځنده
model;Noun, Verb;A1, B2;موډل
modern;Adjective;A1;عصري
modify;Verb;B2;کي بدلون
moment;Noun;A1;شېبه
Monday;Noun;A1;دوشنبه
money;Noun;A1;د پیسو
monitor;Noun Verb;B2;څارنه
monkey;Noun;A2;بیزو
month;Noun;A1;میاشت
mood;Noun;B1;مزاج
moon;Noun;A2;سپوږمۍ
moral;Adjective Noun;B2;اخلاقي
more;det./proNoun Adverb;A1;نور
morning;Noun;A1;سهار
most;det./proNoun Adverb;A1;تر ټولو
mostly;Adverb;A2;زياتره
mother;Noun;A1;مور
motor;Noun Adjective;B2;موټور
motorcycle;Noun;A2;موټر سایکل
mount;Verb;B2;غره
mountain;Noun;A1;د غره
mouse;Noun;A1;موږک
mouth;Noun;A1;خوله
move;Verb , Noun;A1, B1;خوځول
movement;Noun;A2;غورځنګ
movie;Noun;A1;فلم
much;det./proNoun Adverb;A1;څومره
mud;Noun;B1;خټو
multiple;Adjective;B2;څو
multiply;Verb;B2;ضرب
mum;Noun;A1;قطرکې
murder;NounVerb;B1;قتل
muscle;Noun;B1;د عضلاتو
museum;Noun;A1;موزیم
music;Noun;A1;موسيقي
musical;Adjective , Noun;A2, B1;د موسيقي
musician;Noun;A2;موسیقي
must modal;Verb;A1;باید د ورکېدا
my;det.;A1;زما د
myself;proNoun;A2;ځان
mysterious;Adjective;B2;مرموز
mystery;Noun;B1;معما
nail;Noun;B1;نوک
name;Noun Verb;A1;نوم
narrative;Noun Adjective;B1;فلسفې
narrow;Adjective , Verb;A2, B2;محدودوي
nation;Noun;B1;ملت
national;Adjective , Noun;A2, B2;د ملي
native;Adjective Noun;B1;مورنۍ
natural;Adjective;A1;د طبيعي
naturally;Adverb;B1;په طبيعي
nature;Noun;A2;ماهيت
near;prep. Adjective Adverb;A1;ته نږدې
nearly;Adverb;A2;نږدې
neat;Adjective;B2;د نيتبل
necessarily;Adverb;B1;حتمي
necessary;Adjective;A2;ضروري
neck;Noun;A2;غاړه
need;Verb , Noun, modal Verb;A1, A2, B1;اړتيا
needle;Noun;B1;ستن
negative;Adjective , Noun;A1, B2;منفي
neighbour;Noun;A1;ګاونډي
neighbourhood;Noun;B1;ګاونډ
neither;det./proNoun, Adverb;A2, B1;نه
nerve;Noun;B2;اعصابو
nervous;Adjective;A2;عصبي
net;Noun;B1;خالص
network;Noun;A2;شبکه
never;Adverb;A1;هيڅکله
nevertheless;Adverb;B2;سره له دې
new;Adjective;A1;د نوي
news;Noun;A1;خبرونه
newspaper;Noun;A1;ورځپاڼې
next;Adjective Adverb , Noun;A1, B1;بل
next to;prep.;A1;وړاندې
nice;Adjective;A1;غوره
night;Noun;A1;شپه
nightmare;Noun;B2;خپسکه
nine;number;A1;نهه
nineteen;number;A1;نولس
ninety;number;A1;نوي
no;exclam. det.;A1;نه
no one;proNoun;A1;یو هم نه
nobody;proNoun;A1;هيڅوک
noise;Noun;A2;د شور
noisy;Adjective;A2;په غړمبار
none;pro Noun;A2;هیڅ یو
nor;conj./Adverb;B1;او نه
normal;Adjective , Noun;A2, B1;عادي
normally;Adverb;A2;په عادي
north;Noun Adjective Adverb;A1;شمال
northern;Adjective;B1;په شمال کې
nose;Noun;A1;پوزه
not;Adverb;A1;نه
note;Noun Verb;A1, B1;نوټ
nothing;proNoun;A1;هيڅ
notice;Verb Noun;A2;خبرتيا
notion;Noun;B2;تصور
novel;Noun;A2;ناول
November;Noun;A1;نومبر
now;Adverb , conj.;A1, B1;اوس
nowhere;Adverb;A2;ځائ
nuclear;Adjective;B1;د اټومي
number;Noun, Verb;A1, A2;شمیر
numerous;Adjective;B2;ګڼ شمېر
nurse;Noun;A1;نرس
nut;Noun;A2;مغز
obey;Verb;B2;فرمان برداري
object;Noun Verb;A1, B2;څيز
objective;Noun Adjective;B2;موخه
obligation;Noun;B2;مکلفيت
observation;Noun;B2;نظارت
observe;Verb;B2;وڅاري
obtain;Verb;B2;د ترلاسه کولو
obvious;Adjective;B1;څرګنده
obviously;Adverb;B1;څرګنده
occasion;Noun;B1;مناسبت
occasionally;Adverb;B2;کله ناکله
occur;Verb;B1;واقع
ocean;Noun;A2;سمندر
o’clock;Adverb;A1;بجو
October;Noun;A1;اکتوبر
odd;Adjective;B1;طاقو
of;prep.;A1;د
off;Adverb prep.;A1;پړاو
offence;Noun;B2;جرم
offend;Verb;B2;سپکاوې
offensive;Adjective;B2;عمليات
offer;Verb Noun;A2;وړاندیز
office;Noun;A1;دفتر
officer;Noun;A2;افسر
official;Adjective , Noun;B1, B2;چارواکي
often;Adverb;A1;اکثرا
oh;exclam.;A1;Oh
oil;Noun;A2;د تیلو
OK;exclam. Adjective /Adverb;A1;سمه ده
old;Adjective;A1;زوړ
old-fashioned;Adjective;B1;پخوانۍ طریقې
on;prep. Adverb;A1;په
once;Adverb , conj.;A1, B1;یوځل
one;number-det. proNoun;A1;یو
onion;Noun;A1;پياز
online;Adjective Adverb;A1;آن لائن
only;Adjective Adverb;A1;یوازې
onto;prep.;A2;همداسي
open;Adjective Verb;A1;خلاص
opening;Noun;B2;د پرانستلو
operate;Verb;B2;فعالیت
operation;Noun;B1;د عملياتو
opinion;Noun;A1;نظر
opponent;Noun;B2;سیال
opportunity;Noun;A2;فرصت
oppose;Verb;B2;مخالفت
opposed;Adjective;B2;مخالفت
opposite;Adjective Adverb prep. Noun;A1;برعکس
opposition;Noun;B2;اپوزیسیون
option;Noun;A2;انتخاب
or;conj.;A1;او یا
orange;Noun Adjective;A1;نارنج
order;Noun Verb;A1;نظم
ordinary;Adjective;A2;عادي
organ;Noun;B2;ارګان
organization;Noun;A2;سازمان
organize;Verb;A2;تنظيم
organized;Adjective;B1;تنظيم
organizer;Noun;B1;تنظيموونکي
origin;Noun;B2;اصلي
original;Adjective , Noun;A2, B1;اصلي
originally;Adverb;B1;په اصل کې
other;Adjective /proNoun;A1;نور
otherwise;Adverb;B2;بل
ought;modal Verb;B1;باید
our;det.;A1;زموږ
ours;proNoun;B1;زموږ
ourselves;proNoun;A2;خپل ځان
out;Adverb /prep.;A1;څخه
outcome;Noun;B2;د پایلو
outdoor;Adjective;B1;د کور
outdoors;Adverb;B1;تر خيمو لاندې
outer;Adjective;B2;باندني
outline;Noun Verb;B2;غټ ټکي
outside;Adverb , prep. nouNoun Adjective;A1, A2;څخه بهر
oven;Noun;A2;ویو
over;prep. Adverb;A1;له
overall;Adjective Adverb;B2;په ټولیزه توګه
owe;Verb;B2;پوروړي
own;Adjective /proNoun, Verb;A1, A2;خپل
owner;Noun;A2;خاوند
pace;Noun, Verb;B2;سرعت
pack;Verb , Noun;A2, B1;واچوئ
package;Noun, Verb;B1, B2;بسته
page;Noun;A1;مخ
pain;Noun;A2;درد
painful;Adjective;B1;دردناک
paint;Verb Noun;A1;انځورګري
painter;Noun;A2;انځورګره
painting;Noun;A1;نقاشي
pair;Noun;A1;جوړې
palace;Noun;A2;ماڼۍ
pale;Adjective;B1;رنګ
pan;Noun;B1;پژواک
panel;Noun;B2;تختې
pants;Noun;A2;پتلون
paper;Noun;A1;کاغذ
paragraph;Noun;A1;پاراګراف
parent;Noun;A1;مور او پلار
park;Noun Verb;A1;پارک
parking;Noun;A2;پارکینگ
parliament;Noun;B2;پارلمان
part;Noun;A1;برخه
participant;Noun;B2;ګډون
participate;Verb;B1;ګډون
particular;Adjective;A2;ځانګړې
particularly;Adverb;B1;په ځانګړې توګه
partly;Adverb;B2;حده
partner;Noun;A1;ملګری
party;Noun;A1;ګوند
pass;Verb , Noun;A2, B1;پاس
passage;Noun;B2;تیریدلو
passenger;Noun;A2;مسافر
passion;Noun;B1;مينه
passport;Noun;A1;پاسپورټ
past;Adjective Noun prep., Adverb;A1, A2;په تېرو
path;Noun;B1;لاره
patient;Noun, Adjective;A2, B2;ناروغ
pattern;Noun;A2;بيلګه
pay;Verb , Noun;A1, A2;د معاشونو
payment;Noun;B1;د تادیاتو
peace;Noun;A2;د سولې د
peaceful;Adjective;B1;سوله
pen;Noun;A1;قلم
pencil;Noun;A1;پنسل
penny;Noun;A2;پيسه
pension;Noun;B2;د تقاعد
people;Noun;A1;خلک
pepper;Noun;A1;تور مرچ
per;prep.;A2;په هر
per cent;Noun Adjective /Adverb;A2;په سلو کې
percentage;Noun;B1;سلنه
perfect;Adjective;A1;کامل
perfectly;Adverb;B1;پوره
perform;Verb;A2;ترسره کړي
performance;Noun;B1;کړنې
perhaps;Adverb;A2;ښايي
period;Noun;A1;موده
permanent;Adjective;B2;دايمي
permission;Noun;A2;له اجازې
permit;Verb Noun;B2;د جواز
person;Noun;A1;کس
personal;Adjective;A1;د شخصي
personality;Noun;A2;شخصیت
personally;Adverb;B1;شخصا
perspective;Noun;B2;نظره
persuade;Verb;B1;وهڅوي
pet;Noun;A2;pet
petrol;Noun;A2;پټرول
phase;Noun;B2;پړاو
phenomenon;Noun;B2;پديده
philosophy;Noun;B2;فلسفه
phone;Noun Verb;A1;تليفون
photo;Noun;A1;عکس
photograph;Noun, Verb;A1, A2;عکس
photographer;Noun;B1;عکاس
photography;Noun;B1;عکاسۍ
phrase;Noun;A1;عبارت
physical;Adjective;A2;فزیکي
physics;Noun;A2;فزیک
piano;Noun;A1;د پیانو
pick;Verb , Noun;A2, B2;واخلی
picture;Noun, Verb;A1, B2;انځور
piece;Noun;A1;ټوټه
pig;Noun;A1;خوګ
pile;Noun Verb;B2;ناجو
pilot;Noun;A2;ازمايښتي
pin;Noun Verb;B1;پین
pink;Adjective Noun;A1;ګلابي
pipe;Noun;B1;پایپ
pitch;Noun;B2;جګوالی
place;Noun Verb;A1, B1;ځای
plain;Adjective;B2;Plain
plan;Noun Verb;A1;پلان
plane;Noun;A1;الوتکه
planet;Noun;A2;سیاره
planning;Noun;B1;د پلان
plant;Noun Verb;A1, A2;د نبات د
plastic;Noun Adjective;A2;پلاستيکي
plate;Noun;A2;پليټ
platform;Noun;A2;پلاتفورم
play;Verb Noun;A1;لوبه
player;Noun;A1;لوبغاړی
pleasant;Adjective;B1;په زړه
please;exclam., Verb;A1, A2;مهرباني وکړه
pleased;Adjective;A2;خوښ
pleasure;Noun;B1;د خوښۍ
plenty;proNoun;B1;پرېمانه
plot;Noun, Verb;B1, B2;دسيسه
plus;prep., Adjective conj., Noun;B1, B2;جمع
pocket;Noun;A2;جيب
poem;Noun;B1;شعر
poet;Noun;B1;شاعر
poetry;Noun;B1;په شعر کې
point;Noun, Verb;A1, B1;ټکی
pointed;Adjective;B2;پاپله
poison;Noun Verb;B1;زهر
poisonous;Adjective;B1;زهرجن
police;Noun;A1;پولیس
policeman;Noun;A1;پولیس
policy;Noun;B1;پالیسي
polite;Adjective;A2;مودب
political;Adjective;B1;د سیاسي
politician;Noun;B1;سياستوال
politics;Noun;B1;سياست
pollution;Noun;A2;د ککړتیا
pool;Noun;A1;حوض
poor;Adjective;A1;بې وزله
pop;Noun Adjective;A2;بړبوکيزه
popular;Adjective;A1;نامتو
popularity;Noun;B2;شهرت
population;Noun;A2;نفوس
port;Noun;B1;بندر
portrait;Noun;B1;عکس
pose;Verb;B2;يږ
position;Noun, Verb;A2, B2;دريځ
positive;Adjective , Noun;A1, B2;مثبت
possess;Verb;B2;لري
possession;Noun;A2;د تړاوپه
possibility;Noun;A2;امکان
possible;Adjective;A1;امکان
possibly;Adverb;B1;ښایي
post;Noun Verb;A1;وروسته
poster;Noun;A2;د ليږونکي
pot;Noun;B1;لوښي
potato;Noun;A1;کچالو
potential;Adjective Noun;B2;د بالقوه
pound;Noun;A1;پوند
pour;Verb;B1;توی
poverty;Noun;B1;د فقر د
powder;Noun;B1;پوډر
power;Noun, Verb;A2, B2;قدرت
powerful;Adjective;B1;زورور
practical;Adjective;B1;عملي
practice;Noun;A1;عمل
practise;Verb;A1;عمل
praise;Noun Verb;B2;ثناء
pray;Verb;B1;دعا
prayer;Noun;B1;لمونځ
predict;Verb;A2;وړاندوینه
prediction;Noun;B1;وړاندوينه
prefer;Verb;A1;غوره
pregnant;Adjective;B2;حامله
preparation;Noun;B2;د چمتووالي
prepare;Verb;A1;چمتو
prepared;Adjective;B1;چمتو
presence;Noun;B2;د حضور
present;Adjective Noun, Verb;A1, A2;حاضر
presentation;Noun;B1;د پریزنټیشن
preserve;Verb;B2;ساتلو
president;Noun;A2;ولسمشر
press;Verb Noun;B1;مطبوعاتي
pressure;Noun;B1;د فشار
pretend;Verb;B1;پلمه
pretty;Adjective Adverb;A1;ښایسته
prevent;Verb;A2;مخنیوی
previous;Adjective;B1;د پخوانيو
previously;Adverb;B1;پخوا
price;Noun, Verb;A1, B2;قیمت
priest;Noun;B1;کاهن
primary;Adjective;B1;د لومړنيو
prime;Adjective;B2;د لومړي
prince;Noun;B1;شهزاده
princess;Noun;B1;شهزادگۍ
principle;Noun;B2;اصل
print;Verb , Noun;A2, B2;چاپ
printer;Noun;A2;پرنټر
printing;Noun;B1;چاپول
priority;Noun;B2;د لومړیتوب
prison;Noun;A2;د زندان
prisoner;Noun;B1;د بنديانو د
privacy;Noun;B2;د پټنتيا
private;Adjective;B1;د خصوصي
prize;Noun;A2;د جایزې
probably;Adverb;A1;احتمالا
problem;Noun;A1;ستونزه
procedure;Noun;B2;طرزالعمل
process;Noun, Verb;A2, B2;پروسه
produce;Verb , Verb;A2, B2;توليدول، جوړول
producer;Noun;B1;د تولید
product;Noun;A1;محصول
production;Noun;B1;تولید
profession;Noun;B1;مسلک
professional;Adjective , Noun;A2, B2;د مسلکي
professor;Noun;A2;استاد
profile;Noun;A2;پېژنڅېر
profit;Noun;B1;ګټه
program;Noun, Verb;A2, B1;پروګرام
programme;Noun;A1;پروګرام
progress;Noun, Verb;A2, B2;پرمختګ
project;Noun, Verb;A1, B2;د پروژې د
promise;Verb Noun;A2;وعده
promote;Verb;B1;وده
pronounce;Verb;A2;تلفظ
proof;Noun;B2;ثبوت
proper;Adjective;B1;مناسب
properly;Adverb;B1;په سمه توګه
property;Noun;B1;ملکیت
proposal;Noun;B2;وړانديز
propose;Verb;B2;وړاندیز
prospect;Noun;B2;لرليد
protect;Verb;A2;ساتنه
protection;Noun;B2;د ساتنې
protest;Noun Verb;B1;اعتراض
proud;Adjective;B1;وياړم
prove;Verb;B1;ثابت
provide;Verb;A2;برابر کړي
psychologist;Noun;B2;ارواپوه
psychology;Noun;B2;د ارواپوهنې
pub;Noun;A2;Pub
public;Adjective Noun;A2;د عامه
publication;Noun;B2;د چاپ تاریخ
publish;Verb;A2;خپاره
pull;Verb , Noun;A2, B1;کشول
punish;Verb;B1;سزا
punishment;Noun;B1;سزا
pupil;Noun;B2;زده کوونکي
purchase;Noun Verb;B2;رانيولواو
pure;Adjective;B2;سوچه
purple;Adjective Noun;A1;ارغواني
purpose;Noun;A2;موخه
pursue;Verb;B2;تعقیب کړي
push;Verb , Noun;A2, B1;ټیله کول
put;Verb;A1;اچوي
qualification;Noun;B1;وړتوب
qualified;Adjective;B1;د وړ
qualify;Verb;B1;وړ
quality;Noun;A2;د کیفیت د
quantity;Noun;A2;کمیت
quarter;Noun;A1;ربعه
queen;Noun;A2;ملکه
question;Noun, Verb;A1, A2;پوښتنه
queue;Noun Verb;B1;په ليکه کې
quick;Adjective;A1;د چټک
quickly;Adverb;A1;ژر
quiet;Adjective;A1;چپ
quietly;Adverb;A2;ارام
quit;Verb;B1;پرېږدې.
quite;Adverb;A1;خورا
quotation;Noun;B1;د آفرونو
quote;Verb Noun;B1;quote
race (competition);NounVerb;A2;سیالۍ (رقابت)
race (people);Noun;B1;نژاد (خلکو)
racing;Noun;B1;دوچرخه
radio;Noun;A1;راډیو
railway;Noun;A2;د پټلۍ
rain;Noun Verb;A1;باران
raise;Verb;A2;راپورته
range;Noun, Verb;B1, B2;لړ
rank;Noun Verb;B2;رتبې
rapid;Adjective;B2;د چټک
rapidly;Adverb;B2;په چټکۍ سره
rare;Adjective;B1;نادره
rarely;Adverb;B1;په ندرت
rate;Noun, Verb;A2, B2;نرخ
rather;Adverb;A2;پر ځای
raw;Adjective;B2;خام
reach;Verb , Noun;A2, B2;ته الس
react;Verb;A2;غبرګون
reaction;Noun;B1;غبرګون
read;Verb;A1;پاتې برخه
reader;Noun;A1;لوستونکي
reading;Noun;A1;د لوستلو
ready;Adjective;A1;چمتو
real;Adjective;A1;دریښتینو
realistic;Adjective;B2;واقعي
reality;Noun;B1;حقیقت
realize;Verb;A2;پوه
really;Adverb;A1;په رښتيا
reason;Noun;A1;دلیل
reasonable;Adjective;B2;معقول
recall;Verb;B2;دراټولنې
receipt;Noun;B1;رسید
receive;Verb;A2;تر لاسه
recent;Adjective;A2;وروستي
recently;Adverb;A2;په دې وروستيو کې
reception;Noun;A2;د استوګنې په
recipe;Noun;A2;بېلګه
recognize;Verb;A2;پیژني
recommend;Verb;A2;سپارښتنه
recommendation;Noun;B1;سپارښتنه
record;Noun Verb;A2;ریکارډ
recording;Noun;A2;د ثبت
recover;Verb;B2;بیرته
recycle;Verb;A2;Recycle
red;Adjective Noun;A1;سور
reduce;Verb;A2;کم کړي
reduction;Noun;B2;د کمولو
refer;Verb;A2;ته مراجعه وکړئ
reference;Noun;B1;ماخذ
reflect;Verb;B1;منعکس
refuse;Verb;A2;نه ورکوی
regard;Verb Noun;B2;په اړه
region;Noun;A2;سیمه
regional;Adjective;B2;سیمه
register;Verb Noun;B2;ثبت
regret;Verb Noun;B2;خواشيني
regular;Adjective;A2;منظم
regularly;Adverb;B1;په منظمه توګه
regulation;Noun;B2;مقرره
reject;Verb;B1;رد
relate;Verb;B1;تړاو
related;Adjective;B1;اړوند
relation;Noun;B1;تړاو
relationship;Noun;A2;اړيکې
relative;Adjective Noun;B1;خپلوان
relatively;Adverb;B2;نسبتا
relax;Verb;A1;ارام اوسه
relaxed;Adjective;B1;خواووته
relaxing;Adjective;B1;ناحیې
release;Verb Noun;B1;خوشې
relevant;Adjective;B2;اړوند
reliable;Adjective;B1;د اعتبار وړ
relief;Noun;B2;د مرستې
religion;Noun;B1;دين
religious;Adjective;B1;ديني
rely;Verb;B2;تکیه
remain;Verb;B1;پاتې شي
remark;Noun Verb;B2;تبصره
remember;Verb;A1;په یاد
remind;Verb;B1;یاد
remote;Adjective;B1;پرتو
remove;Verb;A2;لرې
rent;Noun Verb;B1;په کرایه
repair;Verb , Noun;A2, B1;ترميم
repeat;Verb , Noun;A1, B1;تکرار
repeated;Adjective;B1;تکرار
replace;Verb;A2;ځای
reply;Verb Noun;A2;ځواب
report;Noun, Verb;A1, A2;راپور
reporter;Noun;A2;خبريال
represent;Verb;B1;استازيتوب
representative;Noun Adjective;B2;استازي
reputation;Noun;B2;شهرت
request;Noun, Verb;A2, B1;غوښتنه
require;Verb;B1;ته اړتيا لري
requirement;Noun;B2;شرط
rescue;Verb Noun;B2;د ژغورنې
research;Noun Verb;A2;څيړنې
researcher;Noun;A2;څېړونکی
reservation;Noun;B1;مالحظاتو
reserve;Noun Verb;B2;د زيرمې
resident;NounAdjective;B2;اوسيدونکي
resist;Verb;B2;مقاومت
resolve;Verb;B2;هوډ
resort;Noun;B2;د تعذیب
resource;Noun;B1;د منابعو د
respect;Noun Verb;B1;درناوی
respond;Verb;A2;ځواب
response;Noun;A2;په ځواب کې
responsibility;Noun;B1;په غاړه
responsible;Adjective;B1;په غاړه
rest (remaining part);Noun;A2;استراحت (پاتې برخه)
rest (sleep/relax);Noun Verb;A2;پاتې (خوب / استراحت)
restaurant;Noun;A1;رستورانت
result;Noun, Verb;A1, B1;پایله
retain;Verb;B2;وساتي
retire;Verb;B1;تقاعد
retired;Adjective;B1;متقاعد
return;Verb Noun;A1;په بدل
reveal;Verb;B2;په ډاګه
review;Noun Verb;A2;کتنه
revise;Verb;B1;اوارزونه پرې
revolution;Noun;B2;د انقلاب
reward;Noun Verb;B2;اجر
rhythm;Noun;B2;ریتم
rice;Noun;A1;د وريجو
rich;Adjective;A1;شتمن
rid;Verb;B2;بېغمه
ride;Verb , Noun;A1, A2;ride
right;Adjective Adverb Noun;A1;حق
ring;Noun;A2;حلقوي
ring;Verb , Noun;A2, B1;حلقوي
rise;Verb , Noun;A2, B1;پاڅون
risk;Noun Verb;B1;د خطر
river;Noun;A1;د سيند د
road;Noun;A1;سړک
robot;Noun;B1;روباټ
rock (stone);Noun;A2;ګټ (ډبره)
rock (music);Noun;A2;راک موسیقي)
role;Noun;A2;رول
roll;Verb Noun;B1;رول
romantic;Adjective;B1;عشقي
roof;Noun;A2;چت
room;Noun;A1;کوټه
root;Noun;B2;د ريښو
rope;Noun;B1;رسۍ
rough;Adjective;B1;ناهموار
round;Adjective Adverb prep., Noun;A2, B2;پړاو
route;Noun;A2;لاره
routine;Noun, Adjective;A1, B2;ورځني
row;Noun;B1;قطار
royal;Adjective;B1;شاهي
rub;Verb;B2;حرج
rubber;Noun Adjective;B2;ربړ
rubbish;Noun;A2;د خځلو
rude;Adjective;A2;بې ادبه
rugby;Noun;B1;رګبي
rule;Noun, Verb;A1, B1;حاکميت
run;Verb , Noun;A1, A2;د دويم پړاو
runner;Noun;A2;د کانديد
running;Noun;A2;منډه
rural;Adjective;B2;د کلیوالي
rush;Verb Noun;B2;ګڼه ګوڼه
sad;Adjective;A1;خفه
sadly;Adverb;A2;خپګان
safe;Adjective;A2;خوندي
safety;Noun;B1;خونديتوب
sail;Verb , Noun;A2, B1;SAIL
sailing;Noun;A2;مطمن
sailor;Noun;B1;sailor
salad;Noun;A1;سلاته
salary;Noun;A2;د معاش
sale;Noun;A2;خرڅلاو
salt;Noun;A1;مالګې
same;Adjective proNoun Adverb;A1;ورته
sample;Noun, Verb;B1, B2;نمونه
sand;Noun;B1;شګه
sandwich;Noun;A1;ساندویچ
satellite;Noun;B2;د سپوږمکۍ
satisfied;Adjective;B2;خوښ
satisfy;Verb;B2;د قناعت وړ
Saturday;Noun;A1;شنبه
sauce;Noun;A2;ساس
save;Verb;A2;Save
saving;Noun;B2;د سپما
say;Verb;A1;ووايه
scale;Noun;B2;کچه د
scan;Verb;B1;سکن
scared;Adjective;A2;ډار
scary;Adjective;A2;ډارونکی
scene;Noun;A2;صحنه
schedule;Noun, Verb;A2, B2;مهال ویش
scheme;Noun;B2;پروګرام
school;Noun;A1;ښوونځي ته
science;Noun;A1;ساینس
scientific;Adjective;B1;علمي
scientist;Noun;A1;ساینس
score;Verb Noun;A2;نمره
scream;Verb Noun;B2;چیغه
screen;NounVerb;A2, B2;پرده
script;Noun;B1;سکرېپټ د
sculpture;Noun;B1;مجسمه
sea;Noun;A1;د بحر
search;Noun Verb;A2;پلټنه
season;Noun;A2;موسم
seat;Noun Verb;A2, B2;څوکۍ
second1 (next after the first);et./ number, Adverb;A1, A2;second1 (د لومړي وروسته بل)
second1 (unit of time);Noun;A1;second1 (د وخت واحد)
secondary;Adjective;B1;ثانوي
secondly;Adverb;A2;دوهم
secret;Adjective, Noun;A2;پټ
secretary;Noun;A2;منشي
section;Noun;A1;څانګه
sector;Noun;B2;سکتور
secure;Verb Adjective;B2;د خوندي
security;Noun;B1;د امنيت
see;Verb;A1;وګورئ
seed;Noun;B1;د تخم
seek;Verb;B2;په لټه کې
seem;Verb;A2;داسې ښکاري
select;Verb;B2;غوره
selection;Noun;B2;د انتخاب
self;Noun;B2;ځان
sell;Verb;A1;پلورلو
send;Verb;A1;Send
senior;Adjective;B2;لوړ پوړو
sense;Noun Verb;A2, B2;احساس
sensible;Adjective;B1;معقوله
sensitive;Adjective;B2;حساس
sentence;Noun Verb;A1, B2;سزا
separate;Adjective, Verb;A2, B1;جلا
September;Noun;A1;سپتمبر
sequence;Noun;B2;تعاقب
series;Noun;A2;لړۍ
serious;Adjective;A2;جدي
seriously;Adverb;B1;په جدي
servant;Noun;B1;خدمتګار
serve;Verb;A2;خدمت
service;Noun;A2;د خدمتونو
session;Noun;B2;غونډه
set (put);Verb;B1;ټولګه (اقامه)
set (group);Noun;B1;ټولګه (ډلې)
setting;Noun;B1;په ماحول
settle;Verb;B2;د حل
seven;number;A1;اووه
seventeen;number;A1;اولس
seventy;number;A1;اویا
several;det./proNoun;A2;څو
severe;Adjective;B2;سخت
sex;Noun;B1;د جنس
sexual;Adjective;B1;جنسي
shade;Noun;B2;سيوري
shadow;Noun;B2;نومول
shake;Verb Noun;A2, B1;بدلونونه
shall;modal Verb;A2;باید
shallow;Adjective;B2;سطحي
shame;Noun;B2;شرم
shape;Noun Verb;A2, B2;بڼه
share;Verb Noun;A1, B1;Share
sharp;Adjective;B1;تيره
she;proNoun;A1;هغې
sheep;Noun;A1;د پسونو د
sheet;Noun;A2;پاڼه
shelf;Noun;B1;طاق
shell;Noun;B1;Shell
shelter;Noun Verb;B2;سرپناه
shift;Noun Verb;B1, B2;بدلون
shine;Verb;B1;هرڅنګه
shiny;Adjective;B1;روښانه
ship;Noun Verb;A2, B2;کشتۍ
shirt;Noun;A1;کميس
shock;Noun Verb;B2;شاک
shocked;Adjective;B2;ټکان
shoe;Noun;A1;بوټ
shoot;Verb;B1;ښاخ
shooting;Noun;B2;د ډزو
shop;Noun Verb;A1;هټۍ
shopping;Noun;A1;سودا
short;Adjective;A1;لنډ
shot;Noun;B2;ډزو
should;modal Verb;A1;دې
shoulder;Noun;A2;اوږه
shout;Verb Noun;A2;shout
show;Verb Noun;A1;خپرونه
shower;Noun;A1;شاور
shut;Verb Adjective;A2;کیدنې
shy;Adjective;B1;وګڼل شي
sick;Adjective;A1;ناروغ
side;Noun;A2;لوري
sight;Noun;B1;سترګو
sign;Noun Verb;A2;ننوتنه یا ساین اېن
signal;Noun Verb;B1;سيګنال
significant;Adjective;B2;د پام وړ
significantly;Adverb;B2;د پام وړ
silence;Noun;B2;چوپتیا
silent;Adjective;B1;چپ
silk;Noun;B2;د ورېښمو
silly;Adjective;B1;چرګ
silver;Noun Adjective;A2;د سپينو زرو
similar;Adjective;A1;ورته
similarity;Noun;B1;ورته
similarly;Adverb;B1;ورته
simple;Adjective;A2;ساده
simply;Adverb;B1;په ساده ډول
since;prep. conj., Adverb;A2, B1;راهيسې
sincere;Adjective;B2;اخلاص
sing;Verb;A1;سندرې دي
singer;Noun;A1;سندرغاړې
singing;Noun;A2;د سندرو
single;Adjective Noun;A2;واحد
sink;Verb;B1;آياالتو
sir;Noun;A2;Sir
sister;Noun;A1;خور
sit;Verb;A1;تحصن
site;Noun;A2;ځای
situation;Noun;A1;حالت
six;number;A1;شپږ
sixteen;number;A1;شپاړس
sixty;number;A1;شپیته
size;Noun;A2;اندازه
ski;Verb Noun;A2;د سکي
skiing;Noun;A2;سکي
skill;Noun;A1;مهارت
skin;Noun;A2;د پوستکي د
skirt;Noun;A1;د لمنې
sky;Noun;A2;اسمان
slave;Noun;B2;برده
sleep;Verb , Noun;A1, A2;د خوب
slice;Noun Verb;B1;جات
slide;Verb Noun;B2;سلايډ
slight;Adjective;B2;لږ
slightly;Adverb;B1;لږ
slip;Verb;B2;ټوټه
slope;Noun Verb;B2;ځوړ
slow;Adjective , Verb;A1, B1;ورو
slowly;Adverb;A2;ورو
small;Adjective;A1;د وړو
smart;Adjective;B1;سمارټ
smartphone;Noun;A2;سمارټ
smell;Verb Noun;A2;بوی
smile;Verb Noun;A2;موسکا
smoke;Noun Verb;A2;لوګي
smoking;Noun;A2;سګرټ
smooth;Adjective;B1;مسطحه
snake;Noun;A1;مار
snow;Noun Verb;A1;واوره
so;Adverb conj.;A1;نو
soap;Noun;A2;صابون
soccer;Noun;A2;د فوټبال
social;Adjective;A2;ټولنیز
society;Noun;A2;ټولنه
sock;Noun;A2;sock
soft;Adjective;A2;نرم
software;Noun;B1;سافټ
soil;Noun;B1;د خاوری
solar;Adjective;B2;د لمر
soldier;Noun;A2;سرتیری
solid;Adjective Noun;B1;د جامدو
solution;Noun;A2;د حل
solve;Verb;A2;د حل
some;det. proNoun;A1;ځينې
somebody;proNoun;A1;چا
someone;proNoun;A1;څوک
something;proNoun;A1;څه
sometimes;Adverb;A1;کله کله
somewhat;Adverb;B2;حده
somewhere;Adverb proNoun;A2;ځای
son;Noun;A1;زوی
song;Noun;A1;سندره
soon;Adverb;A1;ژر
sorry;Adjective exclam.;A1;بخښنه
sort;Noun, Verb;A2, B1;ننداره
soul;Noun;B2;روح
sound;Noun Verb;A1;غږ
soup;Noun;A1;ښوروا
source;Noun;A2;سرچینه
south;Noun Adjective Adverb;A1;سویل
southern;Adjective;B1;په جنوب
space;Noun;A1;فضا
speak;Verb;A1;خبرې
speaker;Noun;A2;جرګې
special;Adjective;A1;ځانګړي
specialist;Noun Adjective;B2;متخصص
species;Noun;B2;ډولونه
specific;Adjective;A2;د ځانګړو
specifically;Adverb;B1;په ځانګړې توګه
speech;Noun;A2;وینا
speed;Noun, Verb;A2, B2;سرعت
spell;Verb;A1;جوړېدل
spelling;Noun;A1;حجا
spend;Verb;A1;لګوي
spending;Noun;B1;د لګښتونو
spicy;Adjective;B1;اوجالبو
spider;Noun;A2;د غڼې
spirit;Noun;B1;روح
spiritual;Adjective;B2;معنوي
split;Verb Noun;B2;وېشل شوى
spoken;Adjective;B1;خبرې
sponsor;Verb Noun;B2;سپانسر
spoon;Noun;A2;کاشوغه
sport;Noun;A1;ورزش
spot;Noun, Verb;B1, B2;SPOT
spread;Verb , Noun;B1, B2;خپراوی
spring;Noun, Verb;A1, B1;پسرلی
square;Adjective Noun;A2;مربع
stable;Adjective;B2;باثباته
stadium;Noun;B1;لوبغالي
staff;Noun;B1;د کارکوونکو
stage;Noun, Verb;A2, B2;پړاو
stair;Noun;A2;پله
stamp;Noun;A2;ټاپه
stand;Verb , Noun;A1, B2;ولاړ
standard;Noun Adjective;B1;معياري
star;Noun, Verb;A1, A2;ستوري
stare;Verb;B2;حيرانې
start;Verb , Noun;A1, A2;پیل
state;Noun, Adjective , v;A2, B1;د دولت
statement;Noun;A1;خبرپاڼه
station;Noun;A1;ستيشن
statistic;Noun;B1;د احصايې
statue;Noun;B1;مجسمې
status;Noun;B2;حالت
stay;Verb , Noun;A1, A2;پاتې
steady;Adjective;B2;ثابت
steal;Verb;A2;غلا
steel;Noun;B2;د پولادو
steep;Adjective;B2;ستوغ
step;Noun, Verb;A2, B2;ګام
stick (push into/attach);Verb;B1;امسا (push ته / مل)
stick (piece of wood);Noun;B1;امسا (د لرګي ټوټه)
sticky;Adjective;B2;سريښناکه
stiff;Adjective;B2;سخت
still;Adverb , Adjective;A1, B1;اوس هم
stock;Noun;B2;سټاک
stomach;Noun;A2;د معدې
stone;Noun;A2;ډبره
stop;Verb Noun;A1;درېدل
store;Noun, Verb;A2, B1;پلورنځي
storm;Noun;A2;توپان
story;Noun;A1;کیسه
straight;Adverb Adjective;A2;مستقیم
strange;Adjective;A2;عجيبه
stranger;Noun;B1;پردی
strategy;Noun;A2;ستراتیژي
stream;Noun;B2;د ويالو د
street;Noun;A1;سړک
strength;Noun;B1;قوت
stress;Noun Verb;A2;فشار
stretch;Verb Noun;B2;تېرېږي
strict;Adjective;B2;کلک
strike;Verb Noun;B2;برید
string;Noun;B1;تار
strong;Adjective;A1;قوي
strongly;Adverb;B1;په کلکه
structure;Noun, Verb;A2, B2;جوړښت
struggle;Verb Noun;B2;د مبارزې
student;Noun;A1;محصل
studio;Noun;B1;سټوډیو
study;Noun Verb;A1;مطالعه
stuff;Noun, Verb;B1, B2;توکي
stupid;Adjective;A2;احمق
style;Noun;A1;ډول
subject;Noun, Adjective;A1, B2;موضوع
submit;Verb;B2;وسپاري
substance;Noun;B1;مواد
succeed;Verb;A2;بریالي
success;Noun;A1;د بریالیتوب
successful;Adjective;A2;بریالی
successfully;Adverb;B1;په بریالیتوب سره
such;det./proNoun;A2;لکه
sudden;Adjective;B1;ناڅاپه
suddenly;Adverb;A2;ناڅاپه
suffer;Verb;B1;اخته
sugar;Noun;A1;د بورې
suggest;Verb;A2;وړاندیز
suggestion;Noun;A2;وړاندیز
suit;Noun, Verb;A2, B1;سوټ
suitable;Adjective;B1;مناسب
sum;Noun Verb;B2;مبلغ
summarize;Verb;B1;لنډيز
summary;Noun;B1;لنډيز
summer;Noun;A1;اوړي
sun;Noun;A1;لمر
Sunday;Noun;A1;یک شنبه
supermarket;Noun;A1;لوی پلورنځی
supply;Noun Verb;B1;رسولو د
support;Verb Noun;A2;د ملاتړ
supporter;Noun;B1;ملاتړی
suppose;Verb;A2;فرض کړئ
sure;Adjective , Adverb;A1, A2;ډاډه
surely;Adverb;B1;بيشکه
surface;Noun;B1;سطحي
surgery;Noun;B2;جراحي
surprise;Noun Verb;A2;د حیرانتیا خبره
surprised;Adjective;A2;هک پک
surprising;Adjective;A2;د حیرانتیا خبره
surround;Verb;B2;راتاو
surrounding;Adjective;B2;شاوخوا
survey;Noun, Verb;A2, B2;سروې
survive;Verb;B1;ژوند
suspect;Verb Noun;B2;شکمن
swear;Verb;B2;قسم
sweater;Noun;A1;بنیان
sweep;Verb;B2;پايي
sweet;Adjective Noun;A2;خواږه
swim;Verb , Noun;A1, B1;سویم
swimming;Noun;A1;د لامبو
switch;Verb , Noun;B1, B2;ونجول
symbol;Noun;A2;سمبول
sympathy;Noun;B2;خواخوږي
symptom;Noun;B1;نښو
system;Noun;A2;سيستم
table;Noun;A1;جدول
tablet;Noun;A2;ټابلیټ
tail;Noun;B1;لکۍ
take;Verb;A1;واخلي
tale;Noun;B2;کيسه
talent;Noun;B1;استعداد
talented;Adjective;B1;تکړه
talk;Verb , Noun;A1, A2;خبرې اترې
tall;Adjective;A1;دنګ
tank;Noun;B2;د ټانک
tape;Noun;B1;ټیپ
target;Noun, Verb;A2, B2;هدف
task;Noun;A2;دنده
taste;Noun Verb;A2;خوند
tax;Noun Verb;B1;د مالياتو
taxi;Noun;A1;ټکسي
tea;Noun;A1;چاى
teach;Verb;A1;درس
teacher;Noun;A1;د ښوونکي
teaching;Noun;A2;د تدريس
team;Noun;A1;ټیم
tear1;Verb Noun;B2;tear1
tear2;Noun;B2;tear2
technical;Adjective;B1;تخنیکي
technique;Noun;B1;تخنیک
technology;Noun;A2;تکنالوژي
teenage;Adjective;A2;تنکي
teenager;Noun;A1;هلک
telephone;Noun Verb;A1;ټیلیفون
television;Noun;A1;تلویزیون
tell;Verb;A1;ووایاست
temperature;Noun;A2;د حرارت درجه
temporary;Adjective;B2;موقتي
ten;number;A1;لس
tend;Verb;B1;ميلان لري
tennis;Noun;A1;ټينس
tent;Noun;B1;خېمې
term;Noun, Verb;A2, B2;اصطلاح
terrible;Adjective;A1;terrible
test;Noun Verb;A1;ازموینه
text;Noun, Verb;A1, A2;متن
than;conj.;A1;په پرتله
thank;Verb;A1;مننه
thanks;exclam. Noun;A1;مننه
that;det. proNoun conj., Adverb;A1, B1;چې
the;definite article;A1;د
theatre;Noun;A1;تیاتر
their;det.;A1;خپل
theirs;proNoun;B1;اوشته
them;proNoun;A1;د هغوی
theme;Noun;B1;موضوع
themselves;proNoun;A2;ځان
then;Adverb;A1;نو
theory;Noun;B1;تيوري
therapy;Noun;B2;د درملنې
there;Adverb;A1;هلته
therefore;Adverb;B1;له همدې امله
they;proNoun;A1;دوی
thick;Adjective;A2;غليظ
thief;Noun;A2;غل
thin;Adjective;A2;نری
thing;Noun;A1;خبره
think;Verb;A1;فکر
thinking;Noun;A2;فکر
third;number, Noun;A1, A2;دریم
thirsty;Adjective;A1;تږي
thirteen;number;A1;دیارلس
thirty;number;A1;دیرش
this;det./proNoun, Adverb;A1, B1;د دې
though;conj. Adverb;B1;که څه هم
thought;Noun;A2;فکر
thousand;number;A1;زره
threat;Noun;B2;ګواښ
threaten;Verb;B2;ګواښ
three;number;A1;درې
throat;Noun;B1;د ستوني
through;prep. Adverb;A1;له لارې
throughout;prep./Adverb;B1;ټول
throw;Verb;A2;غورځوي
Thursday;Noun;A1;پنجشنبه
thus;Adverb;B2;په دې توګه
ticket;Noun;A1;ټکټ
tidy;Adjective v;A2;اوپاکه
tie;Verb Noun;A2;غوټه
tight;Adjective;B1;کلک
till;conj./prep.;B1;تر
time;Noun, Verb;A1, B2;وخت
tin;Noun;B1;مومن
tiny;Adjective;B1;د طنز کتابونه
tip;Noun, Verb;A2, B1;څوکه
tired;Adjective;A1;ستړي
title;Noun;A1, B2;سرليک
to;prep., infinitive marker;A1;ته
today;Adverb Noun;A1;نن
toe;Noun;B1;وسولوي
together;Adverb;A1;په ګډه
toilet;Noun;A1;تشناب
tomato;Noun;A1;رومي
tomorrow;Adverb Noun;A1;سبا
tone;Noun;B2;لهجه
tongue;Noun;B1;ژبه
tonight;Adverb n;A1;نن شپه
too;Adverb;A1;هم
tool;Noun;A2;وسیله
tooth;Noun;A1;غاښ
top;Noun, Adjective;A2;سر ته
topic;Noun;A1;موضوع
total;Adjective Noun;B1;ټول
totally;Adverb;B1;په بشپړه توګه
touch;Verb , Noun;A2, B1;تماس
tough;Adjective;B2;سختې
tour;Noun, Verb;A2, B1;سفر
tourism;Noun;A2;توريزم
tourist;Noun;A1;د سيلانيانو
towards;prep.;A2;په لور
towel;Noun;A2;توليه
tower;Noun;A2;برج
town;Noun;A1;ښار
toy;Noun, Adjective;A2;نانځکې
track;Noun, Verb;A2, B2;تعقیب کړي
trade;Noun, Verb;B1;د سوداګرۍ
tradition;Noun;A2;دود
traditional;Adjective;A2;دوديزه
traffic;Noun;A1;د ترافيکو
train;Noun, Verb;A1, A2;روزنه
trainer;Noun;A2;روزونکی
training;Noun;A2;د روزنې
transfer;Verb Noun;B2;د انتقال
transform;Verb;B2;بدلول
transition;Noun;B2;د انتقال
translate;Verb;B1;ترجمه
translation;Noun;B1;ژباړه
transport;Noun, Verb;A2, B1;د ترانسپورت
travel;Verb Noun;A1;د سفر
traveller;Noun;A2;مسافر
treat;Verb;B1;درملنه
treatment;Noun;B1;د درملنې
tree;Noun;A1;ونې
trend;Noun;B1;میلان
trial;Noun;B2;د محاکمې
trick;Noun Verb;B1;چل
trip;Noun, Verb;A1, B2;سفر
tropical;Adjective;B2;حاره
trouble;Noun, Verb;A2, B2;د ستونزو
trousers;Noun;A1;پتلون
truck;Noun;A2;لارۍ
TRUE;Adjective;A1;مهال True
truly;Adverb;B2;رښتیا
trust;Noun Verb;B2;د باور
truth;Noun;B1;حقیقت
try;Verb , Noun;A1, B2;هڅه
T-shirt;Noun;A1;T-کميس
tube;Noun;B1;تيوب
Tuesday;Noun;A1;سه شنبه
tune;Noun;B2;عياره
tunnel;Noun;B2;تونل
turn;Verb Noun;A1;اړوي
TV;Noun;A1;ټلویزیون
twelve;number;A1;دولس
twenty;number;A1;شل
twice;Adverb;A1;دوه ځل
twin;Noun Adjective;A2;دوه
two;number;A1;دوه
type;Noun, Verb;A1, B1;ډول
typical;Adjective;A2;عادی
typically;Adverb;B1;په ځانګړې توګه
tyre;Noun;B1;ټایر
ugly;Adjective;B1;بدرنګه
ultimately;Adverb;B2;په پای کې
umbrella;Noun;A1;چتر
unable;Adjective;B1;توان
uncle;Noun;A1;تره
uncomfortable;Adjective;B1;د ناراحتۍ
unconscious;Adjective;B2;بې هوښه
under;prep. Adj;A1;لاندې
underground;Adjective Adverb;A2;د ځمکې لاندې
understand;Verb;A1;پوه
understanding;Noun;A2;درک
underwear;Noun;B1;underwear
unemployed;Adjective;B1;بیکاره
unemployment;Noun;B1;بیکاري
unexpected;Adjective;B2;ناڅاپي
unfair;Adjective;B1;غيرعادلانه
unfortunately;Adverb;A2;له بده مرغه
unhappy;Adjective;A2;مرورو
uniform;Noun;A2;یونیفورم
union;Noun;B1;اتحاد
unique;Adjective;B2;بې سارې
unit;Noun;A2;واحد
united;Adjective;A2;د ملګرو
universe;Noun;B2;کاینات
university;Noun;A1;پوهنتون
unknown;Adjective;B2;نامعلومو
unless;conj.;B1;مګر
unlike;prep.;B1;برعکس
unlikely;Adjective;B1;احتمال
unnecessary;Adjective;B1;ضروري
unpleasant;Adjective;B1;مکروهاتو
until;conj./prep.;A1;تر
unusual;Adjective;A2;غيرعادي
up;Adverb proNoun;A1;پورته
update;Verb Noun;B1;تازه
upon;prep.;B1;باندې
upper;Adjective;B2;د مشرانو
upset;Adjective v;B1;خپه
upstairs;Adverb , Adjective;A1, A2;ورورڼه
upwards;Adverb;B2;پورته
urban;Adjective;B2;ښاري
urge;Verb;B2;تشويق
us;proNoun;A1;موږ
use;Verb , Noun;A1, A2;استعمال
used;Adjective;B1;کارول
used to;modal Verb;A2;له پاره کارول کیږي
useful;Adjective;A1;ګټور
user;Noun;A2;د کارونکي عکس
usual;Adjective;A2;د معمول
usually;Adverb;A1;معمولا
vacation;Noun;A1;د رخصتيو
valley;Noun;A2;دره
valuable;Adjective;B1;ارزښتناک
value;Noun, Verb;B1, B2;ارزښت
van;Noun;A2;van
variety;Noun;A2;نوعه
various;Adjective;B1;د بېلابېلو
vary;Verb;B2;توپیر لري
vast;Adjective;B2;پراخ
vegetable;Noun;A1;د سبزيجاتو د
vehicle;Noun;A2;موټر
venue;Noun;B2;د پغمان
version;Noun;B1;نسخه
very;Adverb , Adjective;A1, B1;ډېر
via;prep.;B2;له لارې
victim;Noun;B1;قرباني
victory;Noun;B2;بریا
video;Noun;A1;ویډیو
view;Noun, Verb;A2,;محتویات
viewer;Noun;B1;کتونکی
village;Noun;A1;د کلي
violence;Noun;B2;تاوتریخوالی
violent;Adjective;B1;د تاوتریخوالي
virtual;Adjective;B2;مجازی
virus;Noun;A2;وایرس
vision;Noun;B2;لید
visit;Verb Noun;A1;سفر
visitor;Noun;A1;مېلمانه
visual;Adjective;B2;بصری
vital;Adjective;B2;حیاتي
vitamin;Noun;B2;ويټامين
voice;Noun;A2;غږ
volume;Noun;B2;حجم
volunteer;Noun Verb;B1;داوطلب
vote;Noun Verb;B1;د رايو
wage;Noun;B2;د معاش د
wait;Verb , Noun;A1, A2;انتظار
waiter;Noun;A1;چوبړوال
wake;Verb;A1;وروسته
walk;Verb Noun;A1;مزل
wall;Noun;A1;دیوال
want;Verb;A1;غواړي
war;Noun;A2;جګړه
warm;Adjective , v;A1, B1;تاوده
warn;Verb;B1;خبرداری
warning;Noun;B1;خبرداری
wash;Verb , Noun;A1, A2;د واش
washing;Noun;A2;مينځلو
waste;Noun v, Adjective;B1;ضایع
watch;Verb Noun;A1;د څار
water;Noun, Verb;A1, B1;د اوبو د
wave;Noun;A2, B1;څپې
way;Noun;A1, B2;لاره
we;proNoun;A1;موږ
weak;Adjective;A2;کمزوری
weakness;Noun;B2;کمزورتيا
wealth;Noun;B2;مال
wealthy;Adjective;B2;شتمن
weapon;Noun;B1;وسله
wear;Verb;A1;استهلاک
weather;Noun;A1;د هوا
web;Noun;A2;ويب
website;Noun;A1;ویب پاڼه
wedding;Noun;A2;واده
Wednesday;Noun;A1;چهارشنبه
week;Noun;A1;اونۍ
weekend;Noun;A1;اونۍ
weigh;Verb;B1;وزن
weight;Noun;A2;د وزن
welcome;exclam. Verb Adjective , n;A1, A2;ښه راغلاست
well;Adverb , Adjective , exclam.;A1;ښه
west;Noun Adjective Adverb;A1;لویدیځ
western;Adjective;B1;لویدیځ
wet;Adjective;A2;لوند
what;proNoun/det.;A1;څه
whatever;det./proNoun;B1;هر څه چې
wheel;Noun;A2;څرخ
when;Adverb proNounconj.;A1;كله
whenever;conj.;B1;هر کله
where;Adverb conj.;A1;چې
whereas;conj.;B2;په داسې حال کې
wherever;conj.;B2;هرچېرته
whether;conj.;B1;که
which;proNoun/det.;A1;چې
while;conj., Noun;A2, B1;په داسې حال کې
whisper;Verb Noun;B2;د وسوسو
white;Adjective Noun;A1;سپین
who;proNoun;A1;WHO
whole;Adjective , n;A2, B1;ټول
whom;proNoun;B2;د چا
whose;det./proNoun;A2;د چا
why;Adverb;A1;ولې
wide;Adjective;A2;پراخه
widely;Adverb;B2;په پراخه کچه
wife;Noun;A1;ښځه
wild;Adjective;A2;وحشي
wildlife;Noun;B2;د ژوو
will;modal, Noun Verb;A1,;به
willing;Adjective;B2;غواړي
win;Verb , Noun;A1, B1;ماتې ورکړه
wind1;Noun;A2;wind1
wind2;Verb;B2;wind2
window;Noun;A1;کړکۍ
wine;Noun;A1;دانګورو شراب
wing;Noun;B1;وزر
winner;Noun;A2;ګټونکي
winter;Noun;A1;د ژمي په
wire;Noun;B2;سیم
wise;Adjective;B2;هوښيار
wish;Verb Noun;A2;هيله
with;prep.;A1;سره
within;prep.;B1;دننه
without;prep.;A1;پرته له
witness;Noun Verb;B2;شاهد
woman;Noun;A1;ښځه
wonder;Verb Noun;B1;د تعجب
wonderful;Adjective;A1;عجيبه
wood;Noun;A2;د لرګي
wooden;Adjective;A2;د لرګيو
wool;Noun;B1;وړۍ
word;Noun;A1;کلمه
work;Verb Noun;A1;د کار
worker;Noun;A1;کارګر
working;Adjective;A2;کاري
world;Noun;A1;نړۍ
worldwide;Adjective Adverb;B1;په ټوله نړۍ
worried;Adjective;A2;اندېښمن
worry;Verb Noun;A2, B1;اندېښنه
worse;Adjective, AdVerb Noun;A2,B1, B2;ناوړه
worst;Adjective, AdVerb;A2,B1, B2;تر ټولو
worth;Adjective, Noun;B1, B2;ارزښت
would;modal, Verb;A1;به نن
wound;Noun Verb;B2;ټپ
wow;exclam.;A2;وا
wrap;Verv;B2;نغاړل
write;Verb;A1;نوشتن
writer;Noun;A1;ليکوال
writing;Noun;A1;لیکنه
written;Adjective;B1;لیکل
wrong;Adjective, AdVerb Noun;A1, B1, B2;غلط
yard;Noun;B1;انګړ
yeah;exclam.;A1;کنه
year;Noun;A1;کال
yellow;Adjective, Noun;A1;ژیړ
yes;exclam.;A1;هو
yesterday;AdVerb Noun;A1;پرون
yet;AdVerb conj.;A2, B2;تر اوسه
you;proNoun;A1;تاسو
young;Adjective, Noun;A1, B1;ځوان
your;det.;A1;ستاسو د
yours;proNoun;A2;په درنښت
yourself;proNoun;A1;خپل ځان
youth;Noun;B1;د ځوانانو د
zero;number;A2;صفر
zone;Noun;B2;زون
