a, an;indefinite, article;A1;สระ
abandon;Verb;B2;ละทิ้ง
ability;Noun;A2;ความสามารถ
able;Adjective;A2;สามารถ
about;prep. Adverb;A1;เกี่ยวกับ
above;prep. Adverb;A1;ข้างบน
abroad;Adverb;A2;ในต่างประเทศ
absolute;Adjective;B2;แน่นอน
absolutely;Adverb;B1;อย่างแน่นอน
academic;adj, Noun;B1, B2;วิชาการ
accept;Verb;A2;ยอมรับ
acceptable;Adjective;B2;ยอมรับได้
access;Noun Verb;B1;เข้าไป
accident;Noun;A2;อุบัติเหตุ
accommodation;Noun;B1;ที่พัก
accompany;Verb;B2;มากับ
according to;prep.;A2;ตาม
account;Noun Verb;B1, B2;บัญชีผู้ใช้
accurate;Adjective;B2;ถูกต้อง
accuse;Verb;B2;กล่าวโทษ
achieve;Verb;A2;บรรลุ
achievement;Noun;B1;ความสำเร็จ
acknowledge;Verb;B2;รับทราบ
acquire;Verb;B2;ซื้อ
across;prep. Adverb;A1;ข้าม
act;Verb Noun;A2,B1;ทำหน้าที่
action;Noun;A1;หนังบู๊
active;Adjective;A2;คล่องแคล่ว
activity;Noun;A1;กิจกรรม
actor;Noun;A1;นักแสดงชาย
actress;Noun;A1;นักแสดงหญิง
actual;Adjective;B2;ที่จริง
actually;Adverb;A2;แท้จริง
ad;Noun;B1;การโฆษณา
adapt;Verb;B2;ปรับ
add;Verb;A1;เพิ่ม
addition;Noun;B1;ส่วนที่เพิ่มเข้าไป
additional;Adjective;B2;เพิ่มเติม
address;Noun Verb;A1,B2;ที่อยู่
administration;Noun;B2;การบริหาร
admire;Verb;B1;ชื่นชม
admit;Verb;B1;ยอมรับ
adopt;Verb;B2;นำมาใช้
adult;Noun adj;A1,A2;ผู้ใหญ่
Advance;Noun Verb adj;B2;แอ็ดวานซ์
Advanced;Adjective;B1;สูง
Advantage;Noun;A2;ความได้เปรียบ
Adventure;Noun;A2;การผจญภัย
Advertise;Verb;A2;โฆษณา
Advertisement;Noun;A2;การโฆษณา
Advertising;Noun;A2;การโฆษณา
Advice;Noun Verb;A1, B1;คำแนะนำ
affair;Noun;B2;เรื่อง
affect;Verb;A2;มีผลต่อ
afford;Verb;B1;จ่าย
afraid;Adjective;A1;เกรงกลัว
after;prep. conj. Adverb;A1,A2;หลังจาก
afternoon;Noun;A1;ตอนบ่าย
afterwards;Adverb;B2;ภายหลัง
again;Adverb;A1;อีกครั้ง
against;prep;A2;ต่อต้าน
age;Noun Verb;A1, B1;อายุ
aged;Adjective;B1;มีอายุ
agency;Noun;B2;หน่วยงาน
agenda;Noun;B2;ระเบียบวาระการประชุม
agent;Noun;B1;ตัวแทน
aggressive;Adjective;B2;ก้าวร้าว
ago;Adverb;A1;มาแล้ว
agree;Verb;A1;ตกลง
agreement;Noun;B1;ข้อตกลง
ah;exclam.;A2;อา
ahead;Adverb;B1;ล่วงหน้า
aid;Noun Verb;B2;ช่วยเหลือ
aim;Verb Noun;B1;จุดมุ่งหมาย
air;Noun;A1;อากาศ
aircraft;Noun;B2;อากาศยาน
airline;Noun;A2;สายการบิน
airport;Noun;A1;สนามบิน
alarm;Noun Verb;B1, B2;สัญญาณเตือนภัย
album;Noun;B1;อัลบั้ม
alcohol;Noun;B1;แอลกอฮอล์
alcoholic;Adjective;B1;มีส่วนผสมของแอลกอฮอล์
alive;Adjective;A2;มีชีวิตอยู่
all;det. pron, Adverb;A1, A2;ทั้งหมด
all right;Adjective, Adverb exclam;A2;ถูกต้อง
allow;Verb;A2;อนุญาต
almost;Adverb;A2;เกือบจะ
alone;Adjective, Adverb;A2;คนเดียว
along;prep. Adverb;A2;ตาม
already;Adverb;A2;แล้ว
also;Adverb;A1;ด้วย
alter;Verb;B2;แก้ไข
alternative;Noun Adjective;A2, B1;ทางเลือก
although;conj;A2;แม้ว่า
always;Adverb;A1;เสมอ
amazed;Adjective;B1;ประหลาดใจ
amazing;Adjective;A1;น่าอัศจรรย์
ambition;Noun;B1;ความทะเยอทะยาน
ambitious;Adjective;B1;ทะเยอทะยาน
among;prep.;A2;ในหมู่
amount;Noun Verb;A2, B2;จำนวน
analyse;Verb;B1;วิเคราะห์
analysis;Noun;B1;การวิเคราะห์
ancient;Adjective;A2;โบราณ
and;conj;A1;และ
anger;Noun;B2;ความโกรธ
angle;Noun;B2;มุม
angry;Adjective;A1;โกรธ
animal;Noun;A1;สัตว์
ankle;Noun;A2;ข้อเท้า
anniversary;Noun;B2;วันครบรอบ
announce;Verb;B1;ประกาศ
announcement;Noun;B1;การประกาศ
annoy;Verb;B1;รบกวน
annoyed;Adjective;B1;รำคาญ
annoying;Adjective;B1;น่ารำคาญ
annual;Adjective;B2;ประจำปี
another;det. proNoun;A1;อื่น
answer;Noun Verb;A1;ตอบ
anxious;Adjective;B2;กระวนกระวาย
any;det. proNoun, Adverb;A1, A2;ใด
anybody;pron;A2;ใคร ๆ
any more;Adverb;A2;ใด ๆ เพิ่มเติม
anyone;pron;A1;ใคร ๆ
anything;pron;A1;สิ่งใด
anyway;Adverb;A2;อย่างไรก็ตาม
anywhere;AdVerb proNoun;A2;ทุกแห่ง
apart;Adverb;B1;ต่างหาก
apartment;Noun;A1;อพาร์ทเม้น
apologize;Verb;B1;ขอโทษ
app;Noun;A2;แอป
apparent;Adjective;B2;เห็นได้ชัด
apparently;Adverb;B2;เด่นชัด
appeal;Noun Verb;B2;อุทธรณ์
appear;Verb;A2;ปรากฏ
appearance;Noun;A2;การปรากฏ
apple;Noun;A1;แอปเปิ้ล
application;Noun;B1;ใบสมัคร
apply;Verb;A2;ใช้
appointment;Noun;B1;การแต่งตั้ง
appreciate;Verb;B1;ซาบซึ้ง
approach;Noun Verb;B2;เข้าใกล้
appropriate;Adjective;B2;จัดสรร
approval;Noun;B2;การอนุมัติ
approve;Verb;B2;อนุมัติ
approximately;Adverb;B1;ประมาณ
April;Noun;A1;เมษายน
architect;Noun;A2;สถาปนิก
architecture;Noun;A2;สถาปัตยกรรม
area;Noun;A1;พื้นที่
argue;Verb;A2;เถียง
argument;Noun;A2;การโต้เถียง
arise;Verb;B2;เกิดขึ้น
arm;Noun;A1;แขน
armed;Adjective;B2;อาวุธ
arms;Noun;B2;อาวุธ
army;Noun;A2;กองทัพบก
around;prep. Adverb;A1;รอบ
arrange;Verb;A2;เตรียมการ
arrangement;Noun;A2;การจัดการ
arrest;Verb Noun;B1;จับกุม
arrival;Noun;B1;การมาถึง
arrive;Verb;A1;มาถึง
art;Noun;A1;ศิลปะ
article;Noun;A1;บทความ
artificial;Adjective;B2;เทียม
artist;Noun;A1;ศิลปิน
artistic;Adjective;B2;ศิลปะ
as;prep., Adverb conj.;A1, A2;เช่น
ashamed;Adjective;B2;ละอายใจ
asleep;Adjective;A2;นอนหลับ
ask;Verb;A1;ถาม
aspect;Noun;B2;แง่มุม
assess;Verb;B2;ประเมินผล
assessment;Noun;B2;การประเมินผล
assignment;Noun;B1;การมอบหมาย
assist;Verb;B1;ช่วยเหลือ
assistant;Noun Adjective;A2;ผู้ช่วย
associate;Verb;B2;ที่เกี่ยวข้อง
associated;Adjective;B2;ที่เกี่ยวข้อง
association;Noun;B2;สมาคม
assume;Verb;B2;สมมติ
at;prep.;A1;ที่
athlete;Noun;A2;นักกีฬา
atmosphere;Noun;B1;บรรยากาศ
attach;Verb;B1;แนบ
attack;Noun Verb;A2;โจมตี
attempt;Noun Verb;B2;พยายาม
attend;Verb;A2;เข้าร่วม
attention;Noun exclam.;A2;ความสนใจ
attitude;Noun;B1;ท่าที
attract;Verb;B1;ดึงดูดใจ
attraction;Noun;B1;เสน่ห์
attractive;Adjective;A2;มีเสน่ห์
audience;Noun;A2;ผู้ชม
August;Noun;A1;สิงหาคม
aunt;Noun;A1;ป้า
author;Noun;A2;ผู้เขียน
authority;Noun;B1;อำนาจ
autumn;Noun;A1;ฤดูใบไม้ร่วง
available;Adjective;A2;ใช้ได้
average;Adjective, Noun Verb;A2, B1;เฉลี่ย
avoid;Verb;A2;หลีกเลี่ยงการ
award;Noun Verb;A2, B1;รางวัล
aware;Adjective;B1;ทราบ
away;Adverb;A1;ไป
awful;Adjective;A2;น่ากลัว
baby;Noun;A1;ทารก
back;Noun AdVerb Adjective, Verb;A1, A2, B2;กลับ
background;Noun;A2;พื้นหลัง
backwards;Adverb;B1;ย้อนกลับ
bacteria;Noun;B2;แบคทีเรีย
bad;Adjective;A1;ไม่ดี
badly;Adverb;A2;ไม่ดี
bag;Noun;A1;ถุง
bake;Verb;B1;อบ
balance;Noun Verb;B1;สมดุล
ball;Noun;A1;ลูกบอล
ban;Verb Noun;B1;ห้าม
banana;Noun;A1;กล้วย
band;Noun;A1;วงดนตรี
bank (money);Noun;A1;ธนาคาร (เงิน)
bank (river);Noun;B1;ธนาคาร (แม่น้ำ)
bar;Noun Verb;A2, B2;บาร์
barrier;Noun;B2;อุปสรรค
base;Noun Verb;B1;ฐาน
baseball;Noun;A2;กีฬาเบสบอล
based;Adjective;A2;ซึ่งเป็นรากฐาน
basketball;Noun;A2;บาสเกตบอล
basic;Adjective;B1;ขั้นพื้นฐาน
basically;Adverb;B2;เป็นพื้น
basis;Noun;B1;รากฐาน
bath;Noun;A1;การอาบน้ำ
bathroom;Noun;A1;ห้องอาบน้ำ
battery;Noun;B1;แบตเตอรี่
battle;Noun Verb;B1, B2;การต่อสู้
be;Verb auxiliary Verb;A1;เป็น
beach;Noun;A1;ชายหาด
bean;Noun;A2;ถั่ว
bear (deal with);Verb;B2;หมี (ข้อตกลงกับ)
bear (animal);Noun;A2;หมี (สัตว์)
beat;Verb Noun;A2, B2;ตี
beautiful;Adjective;A1;สวย
beauty;Noun;B1;ความงาม
because;conj.;A1;เพราะ
become;Verb;A1;กลายเป็น
bed;Noun;A1;เตียง
bedroom;Noun;A1;ห้องนอน
bee;Noun;B1;ผึ้ง
beef;Noun;A2;เนื้อวัว
beer;Noun;A1;เบียร์
before;prep., conj. Adverb;A1, A2;ก่อน
beg;Verb;B2;ขอ
begin;Verb;A1;เริ่ม
beginning;Noun;A1;จุดเริ่มต้น
behave;Verb;A2;ประพฤติ
behaviour;Noun;A2;พฤติกรรม
behind;prep. Adverb;A1;หลัง
being;Noun;B2;ความเป็นอยู่
belief;Noun;B1;ความเชื่อ
believe;Verb;A1;เชื่อ
bell;Noun;B1;กระดิ่ง
belong;Verb;A2;เป็นของ
below;Adverb prep.;A1;ด้านล่าง
belt;Noun;A2;เข็มขัด
bend;Verb Noun;B1;โค้ง
benefit;Verb NouNoun;A2, B1;ประโยชน์
bent;Adjective;B2;ก้ม
best;Adjective, AdVerb Noun;A1, A2;ดีที่สุด
bet;Verb Noun;B2;เดิมพัน
better;Adjective , Adverb , Noun;A1, A2, B1;ดีกว่า
between;prep., Adverb;A1, A2;ระหว่าง
beyond;prep. Adverb;B2;เกิน
bicycle;Noun;A1;รถจักรยาน
big;Adjective;A1;ใหญ่
bike;Noun;A1;จักรยาน
bill;Noun Verb;A1, B2;บิล
billion number; ;A2;พันล้านหมายเลข
bin;Noun;A2;ถัง
biology;Noun;A2;ชีววิทยา
bird;Noun;A1;นก
birth;Noun;A2;กำเนิด
birthday;Noun;A1;วันเกิด
biscuit;Noun;A2;สีน้ำตาลอ่อน
bit;Noun;A2;นิดหน่อย
bite;Verb Noun;B1;กัด
bitter;Adjective;B2;ขม
black;Adjective, Noun;A1;สีดำ
blame;Verb Noun;B2;ตำหนิ
blank;Adjective, Noun;A2;ว่างเปล่า
blind;Adjective;B2;ตาบอด
block;Noun Verb;B1;บล็อก
blog;Noun;A1;บล็อก
blonde;Adjective;A1;สีบลอนด์
blood;Noun;A2;เลือด
blow;Verb;A2;ระเบิด
blue;Adjective, Noun;A1;สีน้ำเงิน
board;Noun Verb;A2, B1;คณะกรรมการ
boat;Noun;A1;เรือ
body;Noun;A1;ร่างกาย
boil;Verb;A2;ต้ม
bomb;Noun Verb;B1;วางระเบิด
bond;Noun;B2;พันธบัตร
bone;Noun;A2;กระดูก
book;Noun Verb;A1, A2;หนังสือ
boot;Noun;A1;รองเท้า
border;Noun Verb;B1, B2;ชายแดน
bored;Adjective;A1;เบื่อ
boring;Adjective;A1;น่าเบื่อ
born;Verb;A1;เกิด
borrow;Verb;A2;ยืม
boss;Noun;A2;นาย
both;det./proNoun;A1;ทั้งสอง
bother;Verb;B1;ตื๊อ
bottle;Noun;A1;ขวด
bottom;NouNoun Adjective;A2;ด้านล่าง
bowl;Noun;A2;ขัน
box;Noun;A1;กล่อง
boy;Noun;A1;เด็กผู้ชาย
boyfriend;Noun;A1;แฟน
brain;Noun;A2;สมอง
branch;Noun;B1;สาขา
brand;Noun Verb;B1;ยี่ห้อ
brave;Adjective;B1;กล้าหาญ
bread;Noun;A1;ขนมปัง
break;Verb Noun;A1;หยุดพัก
breakfast;Noun;A1;อาหารเช้า
breast;Noun;B2;เต้านม
breath;Noun;B1;ลมหายใจ
breathe;Verb;B1;หายใจ
breathing;Noun;B1;การหายใจ
bride;Noun;B1;เจ้าสาว
bridge;Noun;A2;สะพาน
brief;Adjective;B2;สั้น
bright;Adjective;A2;สดใส
brilliant;Adjective;A2;สุกใส
bring;Verb;A1;นำมาซึ่ง
broad;Adjective;B2;กว้าง
broadcast;Verb Noun;B2;ออกอากาศ
broken;Adjective;A2;เสีย
brother;Noun;A1;พี่ชาย
brown;Adjective, Noun;A1;สีน้ำตาล
brush;Verb Noun;A2;แปรง
bubble;Noun;B1;ฟอง
budget;Noun;B2;งบ
build;Verb;A1;สร้าง
building;Noun;A1;อาคาร
bullet;Noun;B2;กระสุน
bunch;Noun;B2;พวง
burn;Verb Noun;A2, B2;เผา
bury;Verb;B1;ฝังศพ
bus;Noun;A1;รถบัส
bush;Noun;B2;พุ่มไม้
business;Noun;A1;ธุรกิจ
businessman;Noun;A2;นักธุรกิจ
busy;Adjective;A1;ไม่ว่าง
but;conj. prep;A1, B2;แต่
butter;Noun;A1;เนย
button;Noun;A2;ปุ่ม
buy;Verb;A1;ซื้อ
by;prep. Adverb;A1, B1;โดย
bye;exclam;A1;บาย
cable;Noun;B2;สายเคเบิล
cafe;Noun;A1;คาเฟ่
cake;Noun;A1;เค้ก
calculate;Verb;B2;คำนวณ
call;Verb Noun;A1;โทร
calm;Adjective Verb Noun;B1;เงียบสงบ
camera;Noun;A1;กล้อง
camp;Noun Verb;A2;ค่าย
campaign;Noun Verb;B1;รณรงค์
camping;Noun;A2;แคมป์ปิ้ง
campus;Noun;B1;วิทยาเขต
can1;modal Verb;A1;can1
can2;Noun;A2;Can2
cancel;Verb;B2;ยกเลิก
cancer;Noun;B2;โรคมะเร็ง
candidate;Noun;B1;ผู้สมัคร
cannot;Verb;A1;ไม่ได้
cap;Noun;B1;ฝาครอบ
capable;Adjective;B2;สามารถ
capacity;Noun;B2;ความจุ
capital;Noun Adjective;A1;เมืองหลวง
captain;Noun;B1;กัปตัน
capture;Verb Noun;B2;การจับกุม
car;Noun;A1;รถยนต์
card;Noun;A1;บัตร
care;Noun Verb;A2;การดูแล
career;Noun;A1;อาชีพ
careful;Adjective;A2;ระมัดระวัง
carefully;Adverb;A2;รอบคอบ
careless;Adjective;B1;ประมาท
carpet;Noun;A2;พรม
carrot;Noun;A1;แครอท
carry;Verb;A1;การพกพา
cartoon;Noun;A2;การ์ตูน
case;Noun;A2;กรณี
cash;Noun;A2;เงินสด
cast;Noun Verb;B2;หล่อ
castle;Noun;A2;ปราสาท
cat;Noun;A1;แมว
catch;Verb Noun;A2, B2;จับ
category;Noun;B1;ประเภท
cause;Noun Verb;A2;สาเหตุ
CD;Noun;A1;ซีดี
ceiling;Noun;B1;เพดาน
celebrate;Verb;A2;ฉลอง
celebration;Noun;B1;งานเฉลิมฉลอง
celebrity;Noun;A2;ชื่อเสียง
cell;Noun;B2;เซลล์
cent;Noun;A1;ร้อย
central;Adjective;B1;ศูนย์กลาง
centre;Noun Verb;A1, B1;ศูนย์
century;Noun;A1;ศตวรรษ
ceremony;Noun;B1;พิธี
certain;Adjective;A2;แน่นอน
certainly;Adverb;A2;อย่างแน่นอน
chain;Noun Verb;B1, B2;เชื่อมต่อ
chair;Noun Verb;A1, B2;เก้าอี้
chairman;Noun;B2;ประธาน
challenge;Noun Verb;B1, B2;ท้าทาย
champion;Noun;B1;แชมป์
chance;Noun;A2;โอกาส
change;Verb Noun;A1;เปลี่ยนแปลง
channel;Noun;B1;ช่อง
chapter;Noun;B1;บท
character;Noun;A2;ตัวละคร
characteristic;Noun Adjective;B2;ลักษณะเฉพาะ
charge;Noun Verb;B1;ค่าใช้จ่าย
charity;Noun;A2;การกุศล
chart;Noun Verb;A1, B2;แผนภูมิ
chat;Verb Noun;A2;พูดคุย
cheap;Adjective , Adverb;A1, B1;ถูก
cheat;Verb Noun;B1;โกง
check;Verb Noun;A1, A2;ตรวจสอบ
chef;Noun;A2;พ่อครัว
cheerful;Adjective;B1;ร่าเริง
cheese;Noun;A1;ชีส
chemical;Adjective, Noun;B1;สารเคมี
chemistry;Noun;A2;เคมี
chest;Noun;B1;หน้าอก
chicken;Noun;A1;ไก่
chief;Adjective, Noun;B2;หัวหน้า
child;Noun;A1;เด็ก
childhood;Noun;B1;วัยเด็ก
chip;Noun;A2;ชิป
chocolate;Noun;A1;ช็อคโกแลต
choice;Noun;A2;ทางเลือก
choose;Verb;A1;เลือก
church;Noun;A2;โบสถ์
cigarette;Noun;A2;บุหรี่
cinema;Noun;A1;โรงภาพยนตร์
circle;Noun Verb;A2;วงกลม
circumstance;Noun;B2;สถานการณ์
cite;Verb;B2;อ้างอิง
citizen;Noun;B2;พลเมือง
city;Noun;A1;เมือง
civil;Adjective;B2;พลเรือน
claim;Verb Noun;B1;ข้อเรียกร้อง
class;Noun;A1;ชั้น
classic;Adjective, Noun;B2;คลาสสิก
classical;Adjective;A2;คลาสสิก
classroom;Noun;A1;ห้องเรียน
clause;Noun;B1;ประโยค
clean;Adjective, Verb;A1;สะอาด
clear;Adjective, Verb;A2, B1;ชัดเจน
clearly;Adverb;A2;อย่างเห็นได้ชัด
clever;Adjective;A2;ฉลาด
click;Verb Noun;B1;คลิก
client;Noun;B1;ลูกค้า
climate;Noun;A2;ภูมิอากาศ
climb;Verb Noun;A1, B1;ปีนขึ้นไป
clock;Noun;A1;นาฬิกา
close1;Verb Noun;A1, B2;close1
close2;Adjective , Adverb;A2, B1;close2
closed;Adjective;A2;ปิด
closely;Adverb;B2;อย่างใกล้ชิด
cloth;Noun;B1;ผ้า
clothes;Noun;A1;เสื้อผ้า
clothing;Noun;A2;เสื้อผ้า
cloud;Noun;A2;เมฆ
club;Noun;A1;สโมสร
clue;Noun;B1;เงื่อนงำ
coach;Noun Verb;A2, B1;โค้ช
coal;Noun;B1;ถ่านหิน
coast;Noun;A2;ชายฝั่ง
coat;Noun;A1;เสื้อโค้ท
code;Noun;A2;รหัส
coffee;Noun;A1;กาแฟ
coin;Noun;B1;เหรียญ
cold;Adjective Noun;A1;เย็น
collapse;Verb Noun;B2;ล่มสลาย
colleague;Noun;A2;เพื่อนร่วมงาน
collect;Verb;A2;เก็บ
collection;Noun;B1;ชุด
college;Noun;A1;วิทยาลัย
colour;Noun;A1;สี
coloured;Adjective;B1;มีสี
column;Noun;A2;คอลัมน์
combination;Noun;B2;การรวมกัน
combine;Verb;B1;รวมกัน
come;Verb;A1;มา
comedy;Noun;A2;ความขบขัน
comfort;Noun Verb;B2;ความสบายใจ
comfortable;Adjective;A2;สบาย
command;Noun Verb;B2;คำสั่ง
comment;Noun Verb;A2, B1;คิดเห็น
commercial;Adjective Noun;B1;เชิงพาณิชย์
commission;Noun Verb;B2;คณะกรรมาธิการ
commit;Verb;B1;ผูกมัด
commitment;Noun;B2;ความมุ่งมั่น
committee;Noun;B2;กรรมการ
common;Adjective Noun;A1;ร่วมกัน
commonly;Adverb;B2;อย่างธรรมดา
communicate;Verb;A2;สื่อสาร
communication;Noun;B1;การสื่อสาร
community;Noun;A2;ชุมชน
company;Noun;A1;บริษัท
compare;Verb;A1;เปรียบเทียบ
comparison;Noun;B1;การเปรียบเทียบ
compete;Verb;A2;แข่งขัน
competition;Noun;A2;การแข่งขัน
competitor;Noun;B1;คู่แข่ง
competitive;Adjective;B1;การแข่งขัน
complain;Verb;A2;บ่น
complaint;Noun;B1;การร้องเรียน
complete;Adjective Verb;A1;สมบูรณ์
completely;Adverb;A2;อย่างสมบูรณ์
complex;Adjective, Noun;B1, B2;ซับซ้อน
complicated;Adjective;B2;ซับซ้อน
component;Noun;B2;ส่วนประกอบ
computer;Noun;A1;คอมพิวเตอร์
concentrate;Verb;B1;สมาธิ
concentration;Noun;B2;สมาธิ
concept;Noun;B2;แนวคิด
concern;Noun Verb;B2;กังวล
concerned;Adjective;B2;ที่เกี่ยวข้อง
concert;Noun;A1;คอนเสิร์ต
conclude;Verb;B1;เอาเป็นว่า
conclusion;Noun;B1;ข้อสรุป
condition;Noun;A2;เงื่อนไข
conduct;Verb Noun;B2;ความประพฤติ
conference;Noun;A2;การประชุม
confidence;Noun;B2;ความมั่นใจ
confident;Adjective;B1;มั่นใจ
confirm;Verb;B1;ยืนยัน
conflict;Noun Verb;B2;ขัดแย้ง
confuse;Verb;B1;สับสน
confused;Adjective;B1;สับสน
confusing;Adjective;B2;ทำให้เกิดความสับสน
connect;Verb;A2;การเชื่อมต่อ
connected;Adjective;A2;เกี่ยวข้อง
connection;Noun;B1;สัมพันธ์
conscious;Adjective;B2;มีสติอยู่
consequence;Noun;B1;ผลพวง
conservative;Adjective, Noun;B2;อนุรักษนิยม
consider;Verb;A2;พิจารณา
consideration;Noun;B2;การพิจารณา
consist;Verb;B1;ประกอบด้วย
consistent;Adjective;B2;คงเส้นคงวา
constant;Adjective;B2;คงที่
constantly;Adverb;B2;อย่างสม่ำเสมอ
construct;Verb;B2;สร้าง
construction;Noun;B2;การก่อสร้าง
consume;Verb;B1;บริโภค
consumer;Noun;B1;ผู้บริโภค
contact;Noun Verb;B1;ติดต่อ
contain;Verb;A2;บรรจุ
container;Noun;B1;ภาชนะ
contemporary;Adjective;B2;ร่วมสมัย
content;Noun;B1;เนื้อหา
contest;Noun Verb;B2;การประกวด
context;Noun;A2;บริบท
continent;Noun;A2;ทวีป
continue;Verb;A2;ต่อ
continuous;Adjective;B1;ต่อเนื่องกัน
contract;Noun Verb;B2;สัญญา
contrast;Noun Verb;B1;ความคมชัด
contribute;Verb;B2;สนับสนุน
contribution;Noun;B2;การสนับสนุน
control;Noun Verb;A2;ควบคุม
convenient;Adjective;B1;สะดวกสบาย
conversation;Noun;A1;การสนทนา
convert;Verb;B2;แปลง
convince;Verb;B1;โน้มน้าวใจ
convinced;Adjective;B2;เชื่อว่า
cook;Verb Noun;A1, A2;ปรุงอาหาร
cooker;Noun;A2;เตา
cooking;Noun;A1;การปรุงอาหาร
cool;Adjective, Verb;A1, B1;เย็น
copy;Noun Verb;A2;สำเนา
core;Noun Adjective;B2;แกน
corner;Noun;A2;มุม
corporate;Adjective;B2;องค์กร
correct;Adjective Verb;A1;แก้ไข
correctly;Adverb;A2;ได้อย่างถูกต้อง
cost;Noun Verb;A1;ราคา
costume;Noun;B1;ชุดแต่งกาย
cottage;Noun;B1;กระท่อม
cotton;Noun;B1;ฝ้าย
could;Verb;A1;ได้
council;Noun;B2;สภา
count;Verb Noun;A2, B1;นับ
country;Noun;A1;ประเทศ
countryside;Noun;B1;ชนบท
county;Noun;B2;เขต
couple;Noun;A2;คู่
courage;Noun;B2;ความกล้าหาญ
course;Noun;A1;หลักสูตร
court;Noun;B1;ศาล
cousin;Noun;A1;ลูกพี่ลูกน้อง
cover;Verb Noun;A2, B1;ปก
covered;Adjective;B1;ปกคลุม
cow;Noun;A1;วัว
crash;Noun Verb;B2;ชน
crazy;Adjective;A2;บ้า
cream;Noun Adjective;A1, B1;ครีม
create;Verb;A1;สร้าง
creation;Noun;B2;การสร้าง
creative;Adjective;A2;ความคิดสร้างสรรค์
creature;Noun;B2;สัตว์
credit;Noun Verb;A2, B2;เครดิต
crew;Noun;B2;พวกลูกเรือ
crime;Noun;A2;อาชญากรรม
criminal;Noun Adjective;A2, B1;อาชญากร
crisis;Noun;B2;วิกฤติ
criterion;Noun;B2;เกณฑ์
critic;Noun;B2;นักวิจารณ์
critical;Adjective;B2;วิกฤติ
criticism;Noun;B2;คำวิจารณ์
criticize;Verb;B2;วิจารณ์
crop;Noun;B2;พืชผล
cross;Verb Noun;A2;ข้าม
crowd;Noun;A2;ฝูงชน
crowded;Adjective;A2;แออัด
crucial;Adjective;B2;สำคัญมาก
cruel;Adjective;B1;โหดร้าย
cry;Verb Noun;A2, B2;ร้องไห้
cultural;Adjective;B1;ด้านวัฒนธรรม
culture;Noun;A1;วัฒนธรรม
cup;Noun;A1;ถ้วย
cupboard;Noun;A2;ตู้
cure;Verb Noun;B2;รักษา
curly;Adjective;A2;หยิก
currency;Noun;B1;เงินตรา
current;Adjective, Noun;B1, B2;ปัจจุบัน
currently;Adverb;B1;ปัจจุบัน
curtain;Noun;B1;ม่าน
curve;Noun Verb;B2;เส้นโค้ง
curved;Adjective;B2;โค้ง
custom;Noun;B1;กำหนดเอง
customer;Noun;A1;ลูกค้า
cut;Verb , Noun;A1, B1;ตัด
cycle;Noun Verb;A2, B1;วงจร
dad;Noun;A1;พ่อ
daily;Adjective, Adverb;A2, B1;ประจำวัน
damage;Noun Verb;B1;ความเสียหาย
dance;Noun Verb;A1;เต้นรำ
dancer;Noun;A1;นาฏ
dancing;Noun;A1;การเต้นรำ
danger;Noun;A2;อันตราย
dangerous;Adjective;A1;เป็นอันตราย
dark;Adjective, Noun;A1, A2;มืด
data;Noun;A2;ข้อมูล
date;Noun Verb;A1, B2;วันที่
daughter;Noun;A1;ลูกสาว
day;Noun;A1;วัน
dead;Adjective;A2;ตาย
deal;Verb Noun;A2, B1;จัดการ
dear;Adjective, exclam;A1, A2;ที่รัก
death;Noun;A2;ความตาย
debate;Noun Verb;B2;อภิปราย
debt;Noun;B2;หนี้สิน
decade;Noun;B1;ทศวรรษ
December;Noun;A1;ธันวาคม
decent;Adjective;B2;เหมาะสม
decide;Verb;A1;ตัดสิน
decision;Noun;A2;การตัดสิน
declare;Verb;B2;ประกาศ
decline;Verb Noun;B2;ลดลง
decorate;Verb;B1;ตกแต่ง
decoration;Noun;B2;เครื่องประดับ
decrease;Verb Noun;B2;ลดลง
deep;Adjective, Adverb;A2, B1;ลึก
deeply;Adverb;B2;ลึก
defeat;Verb Noun;B2;ความพ่ายแพ้
defence;Noun;B2;ป้องกัน
defend;Verb;B2;ป้องกัน
define;Verb;B1;กำหนด
definite;Adjective;B1;ชัดเจน
definitely;Adverb;A2;อย่างแน่นอน
definition;Noun;B1;คำนิยาม
degree;Noun;A2;ระดับ
delay;Verb Noun;B2;ความล่าช้า
deliberate;Adjective;B2;พิจารณา
deliberately;Adverb;B2;จงใจ
delicious;Adjective;A1;อร่อย
delight;Verb Noun;B2;สุข
delighted;Adjective;B2;ยินดี
deliver;Verb;B1;ส่งมอบ
delivery;Noun;B2;การจัดส่ง
demand;Noun Verb;B2;ความต้องการ
demonstrate;Verb;B2;สาธิต
dentist;Noun;A2;ทันตแพทย์
deny;Verb;B2;ปฏิเสธ
department;Noun;A2;สาขา
departure;Noun;B1;การออกเดินทาง
depend;Verb;A2;ขึ้นอยู่กับ
depressed;Adjective;B2;หดหู่
depressing;Adjective;B2;ตกต่ำ
depth;Noun;B2;ความลึก
describe;Verb;A1;อธิบาย
description;Noun;A1;ลักษณะ
desert;Noun Verb;A2, B2;ทะเลทราย
deserve;Verb;B2;สมน้ำสมเนื้อ
design;Noun Verb;A1;ออกแบบ
designer;Noun;A2;นักออกแบบ
desire;Noun Verb;B2;ความต้องการ
desk;Noun;A1;เคาน์เตอร์
desperate;Adjective;B2;หมดหวัง
despite;prep;B1;แม้จะมี
destination;Noun;B1;ปลายทาง
destroy;Verb;A2;ทำลาย
detail;Noun Verb;A1, B2;รายละเอียด
detailed;Adjective;B2;รายละเอียด
detect;Verb;B2;ตรวจจับ
detective;Noun;A2;นักสืบ
determine;Verb;B1;กำหนด
determined;Adjective;B1;มุ่งมั่น
develop;Verb;A2;พัฒนา
development;Noun;B1;พัฒนาการ
device;Noun;A2;เครื่อง
diagram;Noun;B1;แผนภาพ
dialogue;Noun;A1;บทสนทนา
diamond;Noun;B1;เพชร
diary;Noun;A2;ไดอารี่
dictionary;Noun;A1;พจนานุกรม
die;Verb;A1;ตาย
diet;Noun;A1;อาหาร
difference;Noun;A1;ข้อแตกต่าง
different;Adjective;A1;ต่าง
differently;Adverb;A2;ต่างกัน
difficult;Adjective;A1;ยาก
difficulty;Noun;B1;ความยาก
dig;Verb;B2;ขุด
digital;Adjective;A2;ดิจิทัล
dinner;Noun;A1;อาหารเย็น
direct;Adjective, Verb Adverb;A2, B1;โดยตรง
direction;Noun;A2;ทิศทาง
directly;Adverb;B1;โดยตรง
director;Noun;A2;ผู้อำนวยการ
dirt;Noun;B1;ฝุ่น
dirty;Adjective;A1;สกปรก
Dis Adverbantage;Noun;B1;Dis Adverbantage
disagree;Verb;A2;ไม่เห็นด้วย
disappear;Verb;A2;หายไป
disappointed;Adjective;B1;ผิดหวัง
disappointing;Adjective;B1;ที่น่าผิดหวัง
disaster;Noun;A2;ภัยพิบัติ
disc;Noun;B2;จาน
discipline;Noun;B2;วินัย
discount;Noun Verb;B1, B2;ส่วนลด
discover;Verb;A2;ค้นพบ
discovery;Noun;A2;การค้นพบ
discuss;Verb;A1;สนทนา
discussion;Noun;A2;อภิปรายผล
disease;Noun;A2;โรค
dish;Noun;A1;จาน
dishonest;Adjective;B2;ไม่สุจริต
dislike;Verb Noun;B1;ไม่ชอบ
dismiss;Verb;B2;ยกเลิก
display;Verb Noun;B2;แสดง
distance;Noun;A2;ระยะทาง
distribute;Verb;B2;กระจาย
distribution;Noun;B2;การกระจาย
district;Noun;B2;อำเภอ
divide;Verb Noun;B1, B2;หาร
division;Noun;B2;แผนก
divorced;Adjective;A2;การหย่าร้าง
do;Verb auxiliary verb;A1;ทำ
doctor;Noun;A1;คุณหมอ
document;Noun Verb;A2, B2;เอกสาร
documentary;Noun;B1;สารคดี
dog;Noun;A1;หมา
dollar;Noun;A1;ดอลลาร์
domestic;Adjective;B2;ในประเทศ
dominate;Verb;B2;ครอง
donate;Verb;B1;บริจาค
door;Noun;A1;ประตู
double;Adjective det. proNoun Verb , Adverb;A2, B1;สอง
doubt;Noun Verb;B1;สงสัย
down;Adverb Prep;A1;ลง
download;Verb Noun;A2;ดาวน์โหลด
downstairs;Adverb , Adjective;A1, A2;ข้างล่าง
downwards;Adverb;B2;ลงต่ำ
dozen;Noun det;B2;โหล
draft;Noun Verb;B2;ร่าง
drag;Verb;B2;ลาก
drama;Noun;A2;ละคร
dramatic;Adjective;B2;น่าทึ่ง
draw;Verb;A1;วาด
drawing;Noun;A2;การวาดภาพ
dream;Noun Verb;A2;ฝัน
dress;Noun Verb;A1;แต่งตัว
dressed;Adjective;B1;แต่งตัว
drink;Noun Verb;A1;ดื่ม
drive;Verb Noun;A1, A2;ขับรถ
driver;Noun;A1;คนขับรถ
driving;Noun;A2;การขับรถ
drop;Verb Noun;A2, B1;หล่น
drug;Noun;A2;ยา
drum;Noun;B1;กลอง
drunk;Adjective;B1;เมา
dry;Adjective, Verb;A2;แห้ง
due;Adjective;B1;ครบกำหนด
during;prep;A1;ในระหว่าง
dust;Noun;B1;ฝุ่น
duty;Noun;B1;หน้าที่
DVD;Noun;A1;ดีวีดี
each;det./proNoun/Adverb;A1;แต่ละ
ear;Noun;A1;หู
early;Adjective Adverb;A1;ตอนต้น
earn;Verb;A2;ได้รับ
earth;Noun;A2;โลก
earthquake;Noun;B1;แผ่นดินไหว
easily;Adverb;A2;อย่างง่ายดาย
east;Noun Adjective Adverb;A1;ทางทิศตะวันออก
eastern;Adjective;B1;ทางตะวันออก
easy;Adjective;A1;ง่าย
eat;Verb;A1;กิน
economic;Adjective;B1;เศรษฐกิจ
economy;Noun;B1;เศรษฐกิจ
edge;Noun;B1;ขอบ
edit;Verb;B2;แก้ไข
edition;Noun;B2;ฉบับ
editor;Noun;B1;บรรณาธิการ
educate;Verb;B1;ให้ความรู้
educated;Adjective;B1;การศึกษา
education;Noun;A2;การศึกษา
educational;Adjective;B1;เกี่ยวกับการศึกษา
effect;Noun;A2;ผล
effective;Adjective;B1;มีประสิทธิภาพ
effectively;Adverb;B1;มีประสิทธิภาพ
efficient;Adjective;B2;ที่มีประสิทธิภาพ
effort;Noun;B1;ความพยายาม
egg;Noun;A1;ไข่
eight;number;A1;แปด
eighteen;number;A1;สิบแปด
eighty;number;A1;แปดสิบ
either;det./proNoun Adverb;A2;ทั้ง
elderly;Adjective;B2;สูงอายุ
elect;Verb;B2;รักษาการ
election;Noun;B1;การเลือกตั้ง
electric;Adjective;A2;ไฟฟ้า
electrical;Adjective;A2;ไฟฟ้า
electricity;Noun;A2;ไฟฟ้า
electronic;Adjective;A2;อิเล็กทรอนิกส์
element;Noun;B1;ธาตุ
elephant;Noun;A1;ช้าง
eleven;number;A1;สิบเอ็ด
else;Adverb;A1;อื่น
elsewhere;Adverb;B2;ที่อื่น ๆ
email;Noun Verb;A1;อีเมล
embarrassed;Adjective;B1;อึดอัดใจ
embarrassing;Adjective;B1;น่าอาย
emerge;Verb;B2;ออกมา
emergency;Noun;B1;กรณีฉุกเฉิน
emotion;Noun;B1;อารมณ์
emotional;Adjective;B2;อารมณ์
emphasis;Noun;B2;ความสำคัญ
emphasize;Verb;B2;เน้น
employ;Verb;A2;จ้าง
employee;Noun;A2;ลูกจ้าง
employer;Noun;A2;นายจ้าง
employment;Noun;B1;การจ้าง
empty;Adjective, Verb;A2, B1;ว่างเปล่า
enable;Verb;B2;ทำให้สามารถ
encounter;Verb Noun;B2;พบ
encourage;Verb;B1;ส่งเสริม
end;Noun Verb;A1;ปลาย
ending;Noun;A2;สิ้นสุด
enemy;Noun;B1;ศัตรู
energy;Noun;A2;พลังงาน
engage;Verb;B2;ว่าจ้าง
engaged;Adjective;B1;หมั้น
engine;Noun;A2;เครื่องยนต์
engineer;Noun;A2;วิศวกร
engineering;Noun;B1;วิศวกรรม
enhance;Verb;B2;ทำให้ดีขึ้น
enjoy;Verb;A1;สนุก
enormous;Adjective;A2;มหาศาล
enough;det. proNoun Adverb;A1;พอ
enquiry;Noun;B2;การสอบสวน
ensure;Verb;B2;ทำให้มั่นใจ
enter;Verb;A2;เข้าสู่
entertain;Verb;B1;ความบันเทิง
entertainment;Noun;B1;การบันเทิง
enthusiasm;Noun;B2;ความกระตือรือร้น
enthusiastic;Adjective;B2;กระตือรือร้น
entire;Adjective;B2;ทั้งหมด
entirely;Adverb;B2;อย่างสิ้นเชิง
entrance;Noun;B1;ทางเข้า
entry;Noun;B1;การเข้า
environment;Noun;A2;สิ่งแวดล้อม
environmental;Adjective;B1;สิ่งแวดล้อม
episode;Noun;B1;ตอน
equal;Adjective, Verb Noun;B1, B2;เท่ากัน
equally;Adverb;B1;พอ ๆ กัน
equipment;Noun;A2;อุปกรณ์
error;Noun;A2;ความผิดพลาด
escape;Verb Noun;B1;หนี
especially;Adverb;A2;โดยเฉพาะอย่างยิ่ง
essay;Noun;A2;เรียงความ
essential;Adjective;B1;สำคัญ
establish;Verb;B2;สร้าง
estate;Noun;B2;ที่ดิน
estimate;Verb Noun;B2;ประมาณการ
ethical;Adjective;B2;ตามหลักจริยธรรม
euro;Noun;A1;ยูโร
evaluate;Verb;B2;ประเมินผล
even;AdVerb Adjective;A1, B2;แม้
evening;Noun;A1;ตอนเย็น
event;Noun;A1;เหตุการณ์
eventually;Adverb;B1;ในที่สุด
ever;Adverb;A1;เคย
every;det;A1;ทุกๆ
everybody;proNoun;A1;ทุกคน
everyday;Adjective;A2;ทุกวัน
everyone;proNoun;A1;ทุกคน
everything;proNoun;A1;ทุกอย่าง
everywhere;Adverb;A2;ทุกที่
evidence;Noun;A2;หลักฐาน
evil;Adjective, Noun;B2;ชั่วร้าย
exact;Adjective;A2;แน่นอน
exactly;Adverb;A2;อย่างแน่นอน
exam;Noun;A1;การสอบ
examination;Noun;B2;การตรวจสอบ
examine;Verb;B1;ตรวจสอบ
example;Noun;A1;ตัวอย่าง
excellent;Adjective;A2;ยอดเยี่ยม
except;prep, conj;A2, B1;ยกเว้น
exchange;Noun Verb;B1;แลกเปลี่ยน
excited;Adjective;A1;ตื่นเต้น
excitement;Noun;B1;ความตื่นเต้น
exciting;Adjective;A1;น่าตื่นเต้น
excuse;Noun Verb;B2;ขอโทษ
executive;Noun Adjective;B2;ฝ่ายบริหาร
exercise;Noun Verb;A1;การออกกำลังกาย
exhibition;Noun;B1;งานแสดงนิทรรศการ
exist;Verb;A2;ที่มีอยู่
existence;Noun;B2;การดำรงอยู่
expand;Verb;B1;ขยายตัว
expect;Verb;A2;คาดหวัง
expectation;Noun;B2;ความคาดหวัง
expected;Adjective;B1;ที่คาดหวัง
expedition;Noun;B1;การเดินทาง
expense;Noun;B2;ค่าใช้จ่าย
expensive;Adjective;A1;เเพง
experience;Noun Verb;A2, B1;ประสบการณ์
experienced;Adjective;B1;ที่มีประสบการณ์
experiment;Noun Verb;A2, B1;การทดลอง
expert;Noun Adjective;A2;ผู้เชี่ยวชาญ
explain;Verb;A1;อธิบาย
explanation;Noun;A2;คำอธิบาย
explode;Verb;B1;ระเบิด
exploration;Noun;B2;การสำรวจ
explore;Verb;B1;สำรวจ
explosion;Noun;B1;การระเบิด
export;Noun Verb;B1;ส่งออก
expose;Verb;B2;เปิดเผย
express;Verb;A2;ด่วน
expression;Noun;A2;การแสดงออก
extend;Verb;B2;ต่ออายุ
extent;Noun;B2;ขอบเขต
external;Adjective;B2;ภายนอก
extra;Adjective, Noun Adverb;A1, B1;พิเศษ
extraordinary;Adjective;B2;วิสามัญ
extreme;Adjective, Noun;A2, B2;สุดขีด
extremely;Adverb;A2;อย่างมาก
eye;Noun;A1;ตา
face;Noun Verb;A1, B1;ใบหน้า
facility;Noun;B2;สิ่งอำนวยความสะดวก
fact;Noun;A1;ความจริง
factor;Noun;A2;ปัจจัย
factory;Noun;A2;โรงงาน
fail;Verb;A2;ล้มเหลว
failure;Noun;B2;ความล้มเหลว
fair;Adjective;A2;ธรรม
fairly;Adverb;B1;อย่างเป็นธรรม
faith;Noun;B2;ความเชื่อ
fall;Verb Noun;A1, A2;ตก
FALSE;Adjective;A1;FALSE
familiar;Adjective;B1;คุ้นเคย
family;Noun Adjective;A1;ครอบครัว
famous;Adjective;A1;มีชื่อเสียง
fan;Noun;A2;แฟน
fancy;Verb Adjective;B1;แฟนซี
fantastic;Adjective;A1;น่าอัศจรรย์
far;Adverb , Adjective;A1, B1;ห่างไกล
farm;Noun Verb;A1, A2;ฟาร์ม
farmer;Noun;A1;ชาวนา
farming;Noun;A2;การทำฟาร์ม
fascinating;Adjective;B1;มโนหร
fashion;Noun;A2;แฟชั่น
fashionable;Adjective;B1;ทันสมัย
fast;Adjective, Adverb;A1;รวดเร็ว
fasten;Verb;B1;ยึด
fat;Adjective, Noun;A1, A2;อ้วน
father;Noun;A1;พ่อ
fault;Noun;B2;ความผิด
favour;Noun Verb;B1, B2;โปรดปราน
favourite;Adjective, Noun;A1;ที่ชื่นชอบ
fear;Noun Verb;A2, B1;กลัว
feather;Noun;B2;ขน
feature;Noun Verb;A2, B1;ลักษณะเฉพาะ
February;Noun;A1;กุมภาพันธ์
fee;Noun;B2;ค่าธรรมเนียม
feed;Verb Noun;A2, B2;อาหาร
feedback;Noun;B2;ข้อเสนอแนะ
feel;Verb Noun;A1, B2;รู้สึก
feeling;Noun;A1;ความรู้สึก
fellow;Adjective;B2;มนุษย์
female;Adjective, Noun;A2;หญิง
fence;Noun;B1;รั้ว
festival;Noun;A1;งานเทศกาล
few;det./Adjective, proNoun;A1;น้อย
fiction;Noun;A2;เรื่องอ่านเล่น
field;Noun;A2;สนาม
fifteen;number;A1;สิบห้า
fifth;number;A1;ที่ห้า
fifty;number;A1;ห้าสิบ
fight;Verb Noun;A2;สู้
fighting;Noun;B1;ศึก
figure;Noun Verb;A2, B2;รูป
file;Noun Verb;B1, B2;ไฟล์
fill;Verb;A1;เติม
film;Noun Verb;A1, A2;ฟิล์ม
final;Adjective, Noun;A1, A2;สุดท้าย
finally;Adverb;A2;ในที่สุด
finance;Noun Verb;B2;การเงิน
financial;Adjective;B1;การเงิน
find;Verb;A1;หา
finding;Noun;B2;คำวินิจฉัย
fine;Adjective;A1;ละเอียด
finger;Noun;A2;นิ้ว
finish;Verb Noun;A1, A2;เสร็จสิ้น
fire;Noun Verb;A1, B1;ไฟ
firm;Noun;B2;บริษัท
first;det./number.AdVerb Noun;A1, A2;เป็นครั้งแรก
firstly;Adverb;A2;ประการแรก
fish;Noun Verb;A1, A2;ปลา
fishing;Noun;A2;ประมง
fit;Verb Adjective;A2;พอดี
fitness;Noun;B1;การออกกำลังกาย
five;number;A1;ห้า
fix;Verb Noun;A2, B2;แก้ไข
fixed;Adjective;B1;แก้ไขแล้ว
flag;Noun;B1;ธง
flame;Noun;B2;เปลวไฟ
flash;Noun Verb;B2;แฟลช
flat;Noun Adjective;A1, A2;แบน
flexible;Adjective;B2;คล่องตัว
flight;Noun;A1;เที่ยวบิน
float;Verb;B2;ลอย
flood;Noun Verb;B1;น้ำท่วม
floor;Noun;A1;ชั้น
flour;Noun;B1;แป้ง
flow;Verb Noun;B1;ไหล
flower;Noun;A1;ดอกไม้
flu;Noun;A2;ไข้หวัดใหญ่
fly;Verb Noun;A1, A2;บิน
flying;Noun Adjective;A2;การบิน
focus;Verb Noun;A2;โฟกัส
fold;Verb Noun;B1, B2;พับ
folding;Adjective;B2;พับได้
folk;Noun Adjective;B1;พื้นบ้าน
follow;Verb;A1;ปฏิบัติตาม
following;Adjective, Noun prep;A2, B1, B2;ดังต่อไปนี้
food;Noun;A1;อาหาร
foot;Noun;A1;เท้า
football;Noun;A1;ฟุตบอล
for;prep.;A1;สำหรับ
force;NounVerb;B1;บังคับ
foreign;Adjective;A2;ต่างประเทศ
forest;Noun;A2;ป่า
forever;Adverb;B1;ตลอดไป
forget;Verb;A1;ลืม
forgive;Verb;B2;ยกโทษให้
fork;Noun;A2;ส้อม
form;NounVerb;A1;แบบฟอร์ม
formal;Adjective;A2;เป็นทางการ
former;Adjective;B2;อดีต
fortunately;Adverb;A2;โชคดี
fortune;Noun;B2;โชคลาภ
forty;number;A1;สี่สิบ
forward;AdVerb Adjective;A2, B2;ข้างหน้า
found;Verb;B2;พบ
four;number;A1;สี่
fourteen;number;A1;สิบสี่
fourth;number;A1;ที่สี่
frame;NounVerb;B1;กรอบ
free;Adjective, AdVerb Verb;A1,A2,B2;ฟรี
freedom;Noun;B2;เสรีภาพ
freeze;Verb;B1;แข็ง
frequency;Noun;B2;ความถี่
frequently;Adverb;B1;บ่อยๆ
fresh;Adjective;A2;สด
Friday;Noun;A1;วันศุกร์
fridge;Noun;A2;ตู้เย็น
friend;Noun;A1;เพื่อน
friendly;Adjective;A1;เป็นมิตร
friendship;Noun;B1;มิตรภาพ
frighten;Verb;B1;ขู่
frightened;Adjective;B1;กลัว
frightening;Adjective;B1;น่ากลัว
frog;Noun;A2;กบ
from;prep;A1;จาก
front;Noun Adjective;A1;ด้านหน้า
frozen;Adjective;B1;แช่แข็ง
fruit;Noun;A1;ผลไม้
fry;Verb;B1;ทอด
fuel;Noun Verb;B1, B2;เชื้อเพลิง
full;Adjective;A1;เต็ม
fully;Adverb;B2;อย่างเต็มที่
fun;Noun Adjective;A1, A2;สนุก
function;Noun Verb;B1, B2;ฟังก์ชัน
fund;Noun Verb;B2;กองทุน
fundamental;Adjective;B2;พื้นฐาน
funding;Noun;B2;การระดมทุน
funny;Adjective;A1;ตลก
fur;Noun;B1;ขน
furniture;Noun;A2;เฟอร์นิเจอร์
further;Adjective, Adverb;A2, B1;ต่อไป
furthermore;Adverb;B2;นอกจากนี้
future;Noun Adjective;A1, A2;อนาคต
gain;Verb Noun;B2;ได้รับ
gallery;Noun;A2;เฉลียง
game;Noun;A1;เกม
gang;Noun;B2;แก๊ง
gap;Noun;A2;ช่องว่าง
garage;Noun;B1;โรงรถ
garden;Noun;A1;สวน
gas;Noun;A2;แก๊ส
gate;Noun;A2;ประตู
gather;Verb;B1;รวบรวม
general;Adjective;A2;ทั่วไป
generally;Adverb;B1;โดยทั่วไป
generate;Verb;B2;สร้าง
generation;Noun;B1;รุ่น
generous;Adjective;B1;ใจกว้าง
genre;Noun;B2;ประเภท
gentle;Adjective;B1;อ่อนโยน
gentleman;Noun;B1;สุภาพบุรุษ
geography;Noun;A1;ภูมิศาสตร์
get;Verb;A1;ได้รับ
ghost;Noun;B1;ผี
giant;Adjective, Noun;B1;ยักษ์
gift;Noun;A2;ของขวัญ
girl;Noun;A1;สาว
girlfriend;Noun;A1;แฟน
give;Verb;A1;ให้
glad;Adjective;B1;ดีใจ
glass;Noun;A1;กระจก
global;Adjective;B1;ทั่วโลก
glove;Noun;B1;ถุงมือ
go;Verb Noun;A1, B1;ไป
goal;Noun;A2;เป้าหมาย
God;Noun;A2;พระเจ้า
gold;Noun Adjective;A2;ทอง
golf;Noun;A2;กอล์ฟ
good;Adjective, Noun;A1, A2;ดี
goodbye;exclam. Noun;A1;ลาก่อน
goods;Noun;B1;สินค้า
govern;Verb;B2;ปกครอง
government;Noun;A2;รัฐบาล
grab;Verb;B2;คว้า
grade;Noun Verb;B1, B2;เกรด
gradually;Adverb;B2;ค่อยๆ
graduate;Noun Verb;B1;จบการศึกษา
grain;Noun;B1;เมล็ดข้าว
grand;Adjective;B2;ยิ่งใหญ่
grandfather;Noun;A1;คุณปู่
grandmother;Noun;A1;ยาย
grandparent;Noun;A1;ปู่ย่าตายาย
grant;Verb Noun;B2;ทุน
grass;Noun;A2;หญ้า
grateful;Adjective;B1;กตัญญู
great;Adjective;A1;ยิ่งใหญ่
green;Adjective, Noun;A1;สีเขียว
greet;Verb;A2;ทักทาย
grey;Adjective, Noun;A1;สีเทา
ground;Noun;A2;พื้น
group;Noun;A1;กลุ่ม
grow;Verb;A1;เจริญ
growth;Noun;B1;การเจริญเติบโต
guarantee;Verb Noun;B2;รับประกัน
guard;Noun Verb;B1;ยาม
guess;Verb Noun;A1;เดา
guest;Noun;A2;แขก
guide;Noun Verb;A2;คู่มือ
guilty;Adjective;B1;รู้สึกผิด
guitar;Noun;A1;กีตาร์
gun;Noun;A2;ปืน
guy;Noun;A2;ผู้ชาย
gym;Noun;A1;ยิม
habit;Noun;A2;นิสัย
hair;Noun;A1;ผม
half;Noundet.proNoun, Adverb;A1, A2;ครึ่ง
hall;Noun;A2;ห้องโถง
hand;Noun Verb;A1, B1;มือ
handle;Verb Noun;B2;ด้ามจับ
hang;Verb;B1;แขวน
happen;Verb;A1;เกิดขึ้น
happily;Adverb;A2;เป็นสุข
happiness;Noun;B1;ความสุข
happy;Adjective;A1;มีความสุข
hard;Adjective, Adverb;A1;ยาก
hardly;Adverb;B1;แทบจะไม่
harm;Noun Verb;B2;อันตราย
harmful;Adjective;B2;เป็นอันตราย
hat;Noun;A1;หมวก
hate;Verb Noun;A1, B1;เกลียด
have;Verb auxiliary Verb;A1, A2;มี
have to modal;Verb;A1;มีการกิริยา
he;proNoun;A1;เขา
head;Noun Verb;A1, B1;ศีรษะ
headache;Noun;A2;อาการปวดหัว
headline;Noun;B1;พาดหัว
health;Noun;A1;สุขภาพ
healthy;Adjective;A1;แข็งแรง
hear;Verb;A1;ได้ยิน
hearing;Noun;B2;การได้ยิน
heart;Noun;A2;หัวใจ
heat;Noun Verb;A2;ความร้อน
heating;Noun;B1;เครื่องทำความร้อน
heaven;Noun;B2;สวรรค์
heavily;Adverb;B1;หนัก
heavy;Adjective;A2;หนัก
heel;Noun;B2;ส้น
height;Noun;A2;ความสูง
helicopter;Noun;B1;เฮลิคอปเตอร์
hell;Noun;B2;นรก
hello;exclam./Noun;A1;สวัสดี
help;Verb Noun;A1;ช่วยด้วย
helpful;Adjective;A2;เป็นประโยชน์
her;proNoundet;A1;เธอ
here;Adverb;A1;ที่นี่
hero;Noun;A2;พระเอก
hers;proNoun;A2;ของเธอ
herself;proNoun;A2;ตัวเธอเอง
hesitate;Verb;B2;ลังเล
hey;exclam;A1;เฮ้
hi;exclam;A1;สวัสดี
hide;Verb;A2;ซ่อน
high;Adjective, AdVerb Noun;A1, A2, B2;สูง
highlight;Verb Noun;B1;ไฮไลท์
highly;Adverb;B1;อย่างมาก
hill;Noun;A2;เนินเขา
him;proNoun;A1;เขา
himself;proNoun;A2;ตัวเขาเอง
hire;Verb Noun;B1, B2;จ้าง
his;det. proNoun;A1, A2;ของเขา
historic;Adjective;B1;ประวัติศาสตร์
historical;Adjective;B1;ประวัติศาสตร์
history;Noun;A1;ประวัติศาสตร์
hit;Verb Noun;A2;ตี
hobby;Noun;A1;งานอดิเรก
hockey;Noun;A2;ฮอกกี้
hold;Verb Noun;A2, B2;ถือ
hole;Noun;A2;รู
holiday;Noun;A1;วันหยุด
hollow;Adjective;B2;กลวง
holy;Adjective;B2;ศักดิ์สิทธิ์
home;Noun AdVerb Adjective;A1, A2;บ้าน
homework;Noun;A1;การบ้าน
honest;Adjective;B1;ซื่อสัตย์
honour;Noun Verb;B2;เกียรติ
hope;Verb Noun;A1, A2;ความหวัง
horrible;Adjective;B1;น่ากลัว
horror;Noun;B1;ความน่ากลัว
horse;Noun;A1;ม้า
hospital;Noun;A1;โรงพยาบาล
host;Noun Verb;B1, B2;เจ้าภาพ
hot;Adjective;A1;ร้อน
hotel;Noun;A1;โรงแรม
hour;Noun;A1;ชั่วโมง
house;Noun Verb;A1, B2;บ้าน
household;Noun;B2;ครัวเรือน
housing;Noun;B2;การเคหะ
how;Adverb;A1;อย่างไร
however;Adverb;A1;อย่างไรก็ตาม
huge;Adjective;A2;ใหญ่
human;Adjective, Noun;A2;เป็นมนุษย์
humorous;Adjective;B2;ตลก
humour;Noun;B2;อารมณ์ขัน
hundred;number;A1;ร้อย
hungry;Adjective;A1;หิว
hunt;Verb Noun;B1, B2;ล่า
hunting;Noun;B2;การล่าสัตว์
hurricane;Noun;B1;พายุเฮอริเคน
hurry;Noun Verb;B1;รีบเร่ง
hurt;Verb Adjective Noun;A2, B2;เจ็บ
husband;Noun;A1;สามี
I;proNoun;A1;ผม
ice;Noun;A1;น้ำแข็ง
ice cream;Noun;A1;ไอศครีม
idea;Noun;A1;ความคิด
ideal;Adjective , Noun;A2, B2;ในอุดมคติ
identify;Verb;A2;แยกแยะ
identity;Noun;B1;เอกลักษณ์
if;conj.;A1;ถ้า
ignore;Verb;B1;ไม่สนใจ
ill;Adjective;A2;ป่วย
illegal;Adjective;B1;ที่ผิดกฎหมาย
illness;Noun;A2;การเจ็บป่วย
illustrate;Verb;B2;แสดง
illustration;Noun;B2;ภาพประกอบ
image;Noun;A2;ภาพ
imaginary;Adjective;B1;สมมุติขึ้น
imagination;Noun;B2;จินตนาการ
imagine;Verb;A1;จินตนาการ
immediate;Adjective;B1;ทันทีทันใด
immediately;Adverb;A2;ทันที
immigrant;Noun;B1;ผู้อพยพ
impact;Noun Verb;B1;ส่งผลกระทบ
impatient;Adjective;B2;ใจร้อน
imply;Verb;B2;บ่งบอกถึง
import;Noun Verb;B1;นำเข้า
importance;Noun;B1;ความสำคัญ
important;Adjective;A1;สำคัญ
impose;Verb;B2;กำหนด
impossible;Adjective;A2;เป็นไปไม่ได้
impress;Verb;B2;ประทับใจ
impressed;Adjective;B2;ประทับใจ
impression;Noun;B1;ความประทับใจ
impressive;Adjective;B1;ประทับใจ
improve;Verb;A1;ทำให้ดีขึ้น
improvement;Noun;B1;การปรับปรุง
in;prep., Adverb;A1;ใน
inch;Noun;B2;นิ้ว
incident;Noun;B2;อุบัติการณ์
include;Verb;A1;ประกอบด้วย
included;Adjective;A2;ที่รวมอยู่
including;prep.;A2;รวมทั้ง
income;Noun;B2;เงินได้
increase;Verb Noun;A2;เพิ่มขึ้น
increasingly;Adverb;B2;ขึ้น
incredible;Adjective;A2;เหลือเชื่อ
incredibly;Adverb;B1;เหลือเชื่อ
indeed;Adverb;B1;จริง
independent;Adjective;A2;อิสระ
indicate;Verb;B1;แสดง
indirect;Adjective;B1;ทางอ้อม
individual;Noun, adj;A2;รายบุคคล
indoor;Adjective;B1;ในร่ม
indoors;Adverb;B1;ในบ้าน
industrial;Adjective;B2;ด้านอุตสาหกรรม
industry;Noun;A2;อุตสาหกรรม
infection;Noun;B2;การติดเชื้อ
influence;NounVerb;B1;มีอิทธิพล
inform;Verb;B2;แจ้ง
informal;Adjective;A2;ไม่เป็นทางการ
information;Noun;A1;ข้อมูล
ingredient;Noun;B1;ส่วนผสม
initial;Adjective;B2;แรกเริ่ม
initially;Adverb;B2;ในขั้นต้น
initiative;Noun;B2;ความคิดริเริ่ม
injure;Verb;B1;ได้รับบาดเจ็บ
injured;Adjective;B1;ที่ได้รับบาดเจ็บ
injury;Noun;A2;ความเสียหาย
inner;Adjective;B2;ภายใน
innocent;Adjective;B1;ผู้บริสุทธิ์
insect;Noun;A2;แมลง
inside;prep.Adverb Noun Adjective;A2;ภายใน
insight;Noun;B2;ข้อมูลเชิงลึก
insist;Verb;B2;ยืนยัน
inspire;Verb;B2;สร้างแรงบันดาลใจ
install;Verb;B2;ติดตั้ง
instance;Noun;B2;ตัวอย่าง
instead;Adverb;A2;แทน
institute;Noun;B2;สถาบัน
institution;Noun;B2;สถาบัน
instruction;Noun;A2;คำแนะนำ
instructor;Noun;A2;อาจารย์ผู้สอน
instrument;Noun;A2;เครื่องดนตรี
insurance;Noun;B2;ประกันภัย
intelligence;Noun;B1;สติปัญญา
intelligent;Adjective;A2;ฉลาด
intend;Verb;B1;ตั้งใจ
intended;Adjective;B2;ตั้งใจว่า
intense;Adjective;B2;เข้มข้น
intention;Noun;B1;ความตั้งใจ
interest;Noun Verb;A1;น่าสนใจ
interested;Adjective;A1;สนใจ
interesting;Adjective;A1;น่าสนใจ
internal;Adjective;B2;ภายใน
international;Adjective;A2;ระหว่างประเทศ
internet;Noun;A1;อินเทอร์เน็ต
interpret;Verb;B2;ตีความ
interrupt;Verb;B2;ขัดจังหวะ
interview;Noun Verb;A1;สัมภาษณ์
into;prep.;A1;เข้าไป
introduce;Verb;A1;แนะนำ
introduction;Noun;A2;บทนำ
invent;Verb;A2;คิดค้น
invention;Noun;A2;การประดิษฐ์
invest;Verb;B1;ลงทุน
investigate;Verb;B1;สอบสวน
investigation;Noun;B2;ตรวจสอบ
investment;Noun;B2;การลงทุน
invitation;Noun;A2;คำเชิญ
invite;Verb;A2;เชิญ
involve;Verb;A2;รวมถึง
involved;Adjective;B1;ที่เกี่ยวข้อง
iron;Noun Verb;B1;เหล็ก
island;Noun;A1;เกาะ
issue;Noun, Verb;B1, B2;ปัญหา
IT;Noun;B1;มัน
it;proNoun;A1;มัน
item;Noun;A2;สิ่งของ
its;det.;A1;ของมัน
itself;proNoun;A2;ตัวเอง
jacket;Noun;A1;แจ็คเก็ต
jam;Noun;A2;แยม
January;Noun;A1;มกราคม
jazz;Noun;A2;แจ๊ส
jeans;Noun;A1;กางเกงยีนส์
jewellery;Noun;A2;เครื่องเพชรพลอย
job;Noun;A1;งาน
join;Verb;A1;ร่วม
joke;Noun Verb;A2;เรื่องตลก
journal;Noun;B1;วารสาร
journalist;Noun;A2;นักข่าว
journey;Noun;A1;การเดินทาง
joy;Noun;B2;ความปิติยินดี
judge;Noun Verb;B1;ผู้พิพากษา
judgement;Noun;B2;การตัดสิน
juice;Noun;A1;น้ำผลไม้
July;Noun;A1;กรกฎาคม
jump;Verb Noun;A2;กระโดด
June;Noun;A1;มิถุนายน
junior;Adjective;B2;อนุ
just;Adverb;A1;แค่
justice;Noun;B2;ความยุติธรรม
justify;Verb;B2;แสดงให้เห็นถึง
keen;Adjective;B1;กระตือรือร้น
keep;Verb;A1;เก็บ
key;Noun, Adjective Verb;A1, B1;สำคัญ
keyboard;Noun;B1;แป้นพิมพ์
kick;Verb Noun;B1;เตะ
kid;Noun;A2;เด็ก
kill;Verb;A2;ฆ่า
killing;Noun;B1;ที่ฆ่า
kilometre;Noun;A1;กิโลเมตร
kind(type);Noun;A1;ชนิด (ชนิด)
kind(caring);Adjective;B1;ชนิด (ดูแล)
king;Noun;A2;กษัตริย์
kiss;Verb Noun;B1;จูบ
kitchen;Noun;A1;ครัว
knee;Noun;A2;เข่า
knife;Noun;A2;มีด
knock;Verb , Noun;A2, B1;เคาะ
know;Verb;A1;ทราบ
knowledge;Noun;A2;ความรู้
lab;Noun;A2;ห้องปฏิบัติการ
label;Noun Verb;B1;ฉลาก
laboratory;Noun;B1;ห้องปฏิบัติการ
labour;Noun;B2;แรงงาน
lack;Noun Verb;B1;ไม่มี
lady;Noun;A2;ผู้หญิง
lake;Noun;A2;ทะเลสาป
lamp;Noun;A2;โคมไฟ
land;Noun, Verb;A1, A2;ที่ดิน
landscape;Noun;B2;ภูมิประเทศ
language;Noun;A1;ภาษา
laptop;Noun;A2;แล็ปท็อป
large;Adjective;A1;ใหญ่
largely;Adverb;B2;ส่วนใหญ่
last1 (final);det., Adverb n;A1, A2;last1 (สุดท้าย)
last1 (taking time);Verb;A2;last1 (สละเวลา)
late;Adjective Adverb;A1;สาย
later;Adverb , Adjective;A1, A2;ต่อมา
latest;Adjective , Noun;B1, B2;ล่าสุด
laugh;Verb Noun;A1;หัวเราะ
laughter;Noun;A2;เสียงหัวเราะ
launch;Verb Noun;B2;เปิด
law;Noun;A2;กฎหมาย
lawyer;Noun;A2;ทนายความ
lay;Verb;B1;วาง
layer;Noun;B1;ชั้น
lazy;Adjective;A2;ขี้เกียจ
lead;Verb , Noun;A2, B1;ตะกั่ว
leader;Noun;A2;หัวหน้า
leadership;Noun;B2;ความเป็นผู้นำ
leading;Adjective;B1;ชั้นนำ
leaf;Noun;B1;ใบไม้
league;Noun;B2;พันธมิตร
lean;Verb;B2;ยัน
learn;Verb;A1;เรียน
learning;Noun;A2;การเรียนรู้
least;det./proNoun Adverb;A2;น้อยที่สุด
leather;Noun;B1;หนังสัตว์
leave;Verb , Noun;A1, B2;ออกจาก
lecture;Noun Verb;A2;คำบรรยาย
left;Adjective Adverb Verb;A1;ซ้าย
leg;Noun;A1;ขา
legal;Adjective;B1;ถูกกฎหมาย
leisure;Noun;B1;ที่เดินทางมาพักผ่อน
lemon;Noun;A2;มะนาว
lend;Verb;A2;ยืม
length;Noun;B1;ความยาว
less;det./pro Noun Adverb;A2;น้อยกว่า
lesson;Noun;A1;บทเรียน
let;Verb;A1;ปล่อย
letter;Noun;A1;จดหมาย
level;Noun, Adjective , Verb;A2, B1, B2;ชั้น
library;Noun;A1;ห้องสมุด
licence;Noun;B2;อนุญาต
lie;Verb;A1;โกหก
lie;Verb Noun;B2;โกหก
life;Noun;A1;ชีวิต
lifestyle;Noun;A2;วิถีการดำเนินชีวิต
lift;Verb;Noun;ยก
light (from the sun/a lamp);Noun Adverb , Verb;A1, A2;แสง (จากดวงอาทิตย์ / หลอดไฟ)
light (not heavy);Adjective;A2;แสง (ไม่หนัก)
like (similar);prep.;A1;เหมือน (คล้าย)
like (find sb/sth pleasant);Verb , n;A1, B1;เช่น (พบ SB / ฏรื่นรมย์)
Noun;B1; ;คำนาม
likely;Adjective;A2;เป็นไปได้
limit;Noun Verb;B1;จำกัด
limited;Adjective;B2;ถูก จำกัด
line;Noun, Verb;A1, B2;ไลน์
link;Noun Verb;A2;ลิงค์
lion;Noun;A1;สิงโต
lip;Noun;B1;ฝีปาก
liquid;Noun Adjective;B1;ของเหลว
list;Noun Verb;A1;รายการ
listen;Verb;A1;ฟัง
listener;Noun;A2;ผู้ฟัง
literature;Noun;B1;วรรณกรรม
little;Adjective det./proNoun, Adverb;A1, A2;น้อย
live1;Verb;A1;live1
live2;Adjective Adverb;B1;live2
lively;Adjective;B2;สดใส
living;Adjective Noun;B1;การดำรงชีวิต
load;Noun Verb;B2;ภาระ
loan;Noun;B2;เงินกู้
local;Adjective , Noun;A1, B1;ในประเทศ
locate;Verb;B1;ตั้งอยู่
located;Adjective;B1;ที่ตั้งอยู่
location;Noun;B1;ที่ตั้ง
lock;Verb Noun;A2;ล็อค
logical;Adjective;B2;ตรรกะ
lonely;Adjective;B1;โดดเดี่ยว
long;Adjective Adverb;A1;ยาว
long-term;Adjective Adverb;B2;ระยะยาว
look;Verb , Noun;A1, A2;ดู
loose;Adjective;B2;หลวม
lord;Noun;B2;เจ้า
lorry;Noun;A2;รถบรรทุก
lose;Verb;A1;แพ้
loss;Noun;B1;การสูญเสีย
lost;Adjective;A2;สูญหาย
lot;proNoun det. Adverb;A1;จำนวนมาก
loud;Adjective Adverb;A2;ดัง
loudly;Adverb;A2;ลั่น
love;Noun Verb;A1;รัก
lovely;Adjective;A2;น่ารัก
low;Adjective Adverb , n;A2, B2;ต่ำ
lower;Verb;B2;ลดลง
luck;Noun;A2;โชค
lucky;Adjective;A2;โชคดี
lunch;Noun;A1;อาหารกลางวัน
lung;Noun;B2;ปอด
luxury;Noun;B1;หรูหรา
machine;Noun;A1;เครื่อง
mad;Adjective;B1;บ้า
magazine;Noun;A1;นิตยสาร
magic;Noun Adjective;B1;มายากล
mail;Noun Verb;A2;อีเมล
main;Adjective;A1;หลัก
mainly;Adverb;B1;ส่วนใหญ่
maintain;Verb;B2;เก็บรักษา
major;Adjective;A2;สำคัญ
majority;Noun;B2;ส่วนใหญ่
make;Verb , Noun;A1, B2;แต่งหน้า
male;Adjective Noun;A2;ชาย
mall;Noun;B1;ห้างสรรพสินค้า
man;Noun;A1;ชาย
manage;Verb;A2;จัดการ
management;Noun;B1;การจัดการ
manager;Noun;A2;ผู้จัดการ
manner;Noun;A2;ลักษณะ
many;det./proNoun;A1;จำนวนมาก
map;Noun, Verb;A1, B2;แผนที่
March;Noun;A1;มีนาคม
mark;Verb Noun;A2;เครื่องหมาย
market;Noun, Verb;A1, B1;ตลาด
marketing;Noun;B1;การตลาด
marriage;Noun;B1;การแต่งงาน
married;Adjective;A1;แต่งงาน
marry;Verb;A2;แต่งงาน
mass;Noun Adjective;B2;มวล
massive;Adjective;B2;มาก
master;Noun Verb;B2;เจ้านาย
match (contest/correspond);Noun Verb;A1;การแข่งขัน (การประกวด / ตรง)
matching;Adjective;B2;การจับคู่
material;Noun, Adjective;A2, B2;วัสดุ
mathematics;Noun;A2;คณิตศาสตร์
maths;Noun;A2;เลข
matter;Noun Verb;A2;เรื่อง
maximum;Adjective Noun;B2;ขีดสุด
May;Noun;A1;อาจ
may modal;Verb;A2;อาจเป็นกิริยาช่วย
maybe;Adverb;A1;อาจจะ
me;proNoun;A1;ผม
meal;Noun;A1;อาหาร
mean;Verb;A1;ค่าเฉลี่ย
meaning;Noun;A1;ความหมาย
means;Noun;B2;วิธี
meanwhile;Adverb;B1;ในขณะเดียวกัน
measure;Verb Noun;B1;วัด
measurement;Noun;B2;การวัด
meat;Noun;A1;เนื้อ
media;Noun;A2;สื่อ
medical;Adjective;A2;ทางการแพทย์
medicine;Noun;A2;ยา
medium;Adjective , Noun;B1, B2;กลาง
meet;Verb;A1;พบกัน
meeting;Noun;A1;ประชุม
melt;Verb;B2;ละลาย
member;Noun;A1;สมาชิก
memory;Noun;A2;หน่วยความจำ
mental;Adjective;B1;ทางใจ
mention;Verb , Noun;A2, B1;กล่าวถึง
menu;Noun;A1;เมนู
mess;Noun Verb;B1;ความยุ่งเหยิง
message;Noun;A1;ข่าวสาร
metal;Noun;A2;โลหะ
method;Noun;A2;วิธี
metre;Noun;A1;เมตร
middle;Noun Adjective;A2;กลาง
midnight;Noun;A1;เที่ยงคืน
might modal;Verb;A2;อาจเป็นกิริยาช่วย
mild;Adjective;B1;อ่อน
mile;Noun;A1;ไมล์
military;Adjective Noun;B2;ทหาร
milk;Noun;A1;นม
million number; ;A1;ล้านหมายเลข
mind;Noun Verb;A2;ใจ
mine (belongs to me);proNoun;A2;การเหมืองแร่ (เป็นของฉัน)
mine (hole in the ground);Noun;B1;การเหมืองแร่ (หลุมในดิน)
mineral;Noun;B2;แร่
minimum;Adjective Noun;B2;ขั้นต่ำ
minister;Noun;B2;รัฐมนตรี
minor;Adjective;B2;ผู้เยาว์
minority;Noun;B2;ชนกลุ่มน้อย
minute;Noun;A1;นาที
mirror;Noun;A2;กระจกเงา
miss;Verb;A1;นางสาว
missing;Adjective;A2;หายไป
mission;Noun;B2;หน้าที่
mistake;Noun, Verb;A1, B2;ผิดพลาด
mix;Verb Noun;B1;ผสม
mixed;Adjective;B2;ผสม
mixture;Noun;B1;สารผสม
mobile;Adjective Noun;A2;โทรศัพท์มือถือ
model;Noun, Verb;A1, B2;แบบ
modern;Adjective;A1;ทันสมัย
modify;Verb;B2;ปรับเปลี่ยน
moment;Noun;A1;ขณะ
Monday;Noun;A1;วันจันทร์
money;Noun;A1;เงิน
monitor;Noun Verb;B2;หน้าจอ
monkey;Noun;A2;ลิง
month;Noun;A1;เดือน
mood;Noun;B1;อารมณ์
moon;Noun;A2;ดวงจันทร์
moral;Adjective Noun;B2;คุณธรรม
more;det./proNoun Adverb;A1;มากกว่า
morning;Noun;A1;ตอนเช้า
most;det./proNoun Adverb;A1;มากที่สุด
mostly;Adverb;A2;ส่วนใหญ่
mother;Noun;A1;แม่
motor;Noun Adjective;B2;เครื่องยนต์
motorcycle;Noun;A2;รถจักรยานยนต์
mount;Verb;B2;ภูเขา
mountain;Noun;A1;ภูเขา
mouse;Noun;A1;เม้าส์
mouth;Noun;A1;ปาก
move;Verb , Noun;A1, B1;ย้าย
movement;Noun;A2;การเคลื่อนไหว
movie;Noun;A1;หนัง
much;det./proNoun Adverb;A1;มาก
mud;Noun;B1;โคลน
multiple;Adjective;B2;หลายอย่าง
multiply;Verb;B2;คูณ
mum;Noun;A1;แม่
murder;NounVerb;B1;ฆาตกรรม
muscle;Noun;B1;กล้ามเนื้อ
museum;Noun;A1;พิพิธภัณฑ์
music;Noun;A1;เพลง
musical;Adjective , Noun;A2, B1;ดนตรี
musician;Noun;A2;นักดนตรี
must modal;Verb;A1;ต้องเป็นกิริยาช่วย
my;det.;A1;ของฉัน
myself;proNoun;A2;ตนเอง
mysterious;Adjective;B2;ลึกลับ
mystery;Noun;B1;ความลึกลับ
nail;Noun;B1;เล็บ
name;Noun Verb;A1;ชื่อ
narrative;Noun Adjective;B1;การเล่าเรื่อง
narrow;Adjective , Verb;A2, B2;แคบ
nation;Noun;B1;ประเทศชาติ
national;Adjective , Noun;A2, B2;แห่งชาติ
native;Adjective Noun;B1;พื้นเมือง
natural;Adjective;A1;โดยธรรมชาติ
naturally;Adverb;B1;เป็นธรรมชาติ
nature;Noun;A2;ธรรมชาติ
near;prep. Adjective Adverb;A1;ใกล้
nearly;Adverb;A2;เกือบ
neat;Adjective;B2;เรียบร้อย
necessarily;Adverb;B1;อย่างจำเป็น
necessary;Adjective;A2;จำเป็น
neck;Noun;A2;คอ
need;Verb , Noun, modal Verb;A1, A2, B1;ความต้องการ
needle;Noun;B1;เข็ม
negative;Adjective , Noun;A1, B2;เชิงลบ
neighbour;Noun;A1;เพื่อนบ้าน
neighbourhood;Noun;B1;ย่าน
neither;det./proNoun, Adverb;A2, B1;ค่า
nerve;Noun;B2;เส้นประสาท
nervous;Adjective;A2;หงุดหงิด
net;Noun;B1;สุทธิ
network;Noun;A2;เครือข่าย
never;Adverb;A1;ไม่เคย
nevertheless;Adverb;B2;แต่ถึงอย่างไร
new;Adjective;A1;ใหม่
news;Noun;A1;ข่าว
newspaper;Noun;A1;หนังสือพิมพ์
next;Adjective Adverb , Noun;A1, B1;ต่อไป
next to;prep.;A1;ต่อไป
nice;Adjective;A1;ดี
night;Noun;A1;กลางคืน
nightmare;Noun;B2;ฝันร้าย
nine;number;A1;เก้า
nineteen;number;A1;สิบเก้า
ninety;number;A1;เก้าสิบ
no;exclam. det.;A1;ไม่
no one;proNoun;A1;ไม่มีใคร
nobody;proNoun;A1;ไม่มีใคร
noise;Noun;A2;สัญญาณรบกวน
noisy;Adjective;A2;ดัง
none;pro Noun;A2;ไม่มี
nor;conj./Adverb;B1;ไม่
normal;Adjective , Noun;A2, B1;ปกติ
normally;Adverb;A2;ปกติ
north;Noun Adjective Adverb;A1;ทางทิศเหนือ
northern;Adjective;B1;ภาคเหนือ
nose;Noun;A1;จมูก
not;Adverb;A1;ไม่
note;Noun Verb;A1, B1;บันทึก
nothing;proNoun;A1;ไม่มีอะไร
notice;Verb Noun;A2;แจ้งให้ทราบ
notion;Noun;B2;ความคิด
novel;Noun;A2;นวนิยาย
November;Noun;A1;พฤศจิกายน
now;Adverb , conj.;A1, B1;ตอนนี้
nowhere;Adverb;A2;ไม่มีที่ไหนเลย
nuclear;Adjective;B1;นิวเคลียร์
number;Noun, Verb;A1, A2;จำนวน
numerous;Adjective;B2;มากมาย
nurse;Noun;A1;พยาบาล
nut;Noun;A2;ถั่ว
obey;Verb;B2;เชื่อฟัง
object;Noun Verb;A1, B2;วัตถุ
objective;Noun Adjective;B2;วัตถุประสงค์
obligation;Noun;B2;ภาระผูกพัน
observation;Noun;B2;การสังเกต
observe;Verb;B2;สังเกต
obtain;Verb;B2;ได้รับ
obvious;Adjective;B1;ชัดเจน
obviously;Adverb;B1;อย่างชัดเจน
occasion;Noun;B1;โอกาส
occasionally;Adverb;B2;เป็นครั้งคราว
occur;Verb;B1;เกิดขึ้น
ocean;Noun;A2;มหาสมุทร
o’clock;Adverb;A1;โมง
October;Noun;A1;ตุลาคม
odd;Adjective;B1;แปลก
of;prep.;A1;ของ
off;Adverb prep.;A1;ปิด
offence;Noun;B2;การกระทำผิดกฎหมาย
offend;Verb;B2;ขัดใจ
offensive;Adjective;B2;น่ารังเกียจ
offer;Verb Noun;A2;เสนอ
office;Noun;A1;สำนักงาน
officer;Noun;A2;เจ้าหน้าที่
official;Adjective , Noun;B1, B2;เป็นทางการ
often;Adverb;A1;บ่อยครั้ง
oh;exclam.;A1;โอ้
oil;Noun;A2;น้ำมัน
OK;exclam. Adjective /Adverb;A1;ตกลง
old;Adjective;A1;เก่า
old-fashioned;Adjective;B1;หัวโบราณ
on;prep. Adverb;A1;บน
once;Adverb , conj.;A1, B1;ครั้งหนึ่ง
one;number-det. proNoun;A1;หนึ่ง
onion;Noun;A1;หัวหอม
online;Adjective Adverb;A1;ออนไลน์
only;Adjective Adverb;A1;เท่านั้น
onto;prep.;A2;ไปยัง
open;Adjective Verb;A1;เปิด
opening;Noun;B2;การเปิด
operate;Verb;B2;ทำงาน
operation;Noun;B1;การทำงาน
opinion;Noun;A1;ความคิดเห็น
opponent;Noun;B2;คู่แข่ง
opportunity;Noun;A2;โอกาส
oppose;Verb;B2;ต่อต้าน
opposed;Adjective;B2;ไม่เห็นด้วย
opposite;Adjective Adverb prep. Noun;A1;ตรงข้าม
opposition;Noun;B2;ฝ่ายค้าน
option;Noun;A2;ตัวเลือก
or;conj.;A1;หรือ
orange;Noun Adjective;A1;ส้ม
order;Noun Verb;A1;ใบสั่ง
ordinary;Adjective;A2;สามัญ
organ;Noun;B2;อวัยวะ
organization;Noun;A2;องค์กร
organize;Verb;A2;จัดระเบียบ
organized;Adjective;B1;จัด
organizer;Noun;B1;การจัดงาน
origin;Noun;B2;ที่มา
original;Adjective , Noun;A2, B1;เป็นต้นฉบับ
originally;Adverb;B1;แต่เดิม
other;Adjective /proNoun;A1;อื่น ๆ
otherwise;Adverb;B2;มิฉะนั้น
ought;modal Verb;B1;ควร
our;det.;A1;ของเรา
ours;proNoun;B1;ของเราเอง
ourselves;proNoun;A2;ตัวเรา
out;Adverb /prep.;A1;ออก
outcome;Noun;B2;ผล
outdoor;Adjective;B1;กลางแจ้ง
outdoors;Adverb;B1;กลางแจ้ง
outer;Adjective;B2;ด้านนอก
outline;Noun Verb;B2;เค้าโครง
outside;Adverb , prep. nouNoun Adjective;A1, A2;ด้านนอก
oven;Noun;A2;เตาอบ
over;prep. Adverb;A1;เกิน
overall;Adjective Adverb;B2;ทั้งหมด
owe;Verb;B2;เป็นหนี้
own;Adjective /proNoun, Verb;A1, A2;ด้วยตัวเอง
owner;Noun;A2;เจ้าของ
pace;Noun, Verb;B2;ก้าว
pack;Verb , Noun;A2, B1;แพ็ค
package;Noun, Verb;B1, B2;บรรจุภัณฑ์
page;Noun;A1;หน้า
pain;Noun;A2;ความเจ็บปวด
painful;Adjective;B1;เจ็บปวด
paint;Verb Noun;A1;สี
painter;Noun;A2;จิตรกร
painting;Noun;A1;จิตรกรรม
pair;Noun;A1;คู่
palace;Noun;A2;พระราชวัง
pale;Adjective;B1;ซีด
pan;Noun;B1;กระทะ
panel;Noun;B2;แผงหน้าปัด
pants;Noun;A2;กางเกง
paper;Noun;A1;กระดาษ
paragraph;Noun;A1;ย่อหน้า
parent;Noun;A1;ผู้ปกครอง
park;Noun Verb;A1;สวน
parking;Noun;A2;ที่จอดรถ
parliament;Noun;B2;รัฐสภา
part;Noun;A1;ส่วนหนึ่ง
participant;Noun;B2;ผู้เข้าร่วม
participate;Verb;B1;มีส่วนร่วม
particular;Adjective;A2;โดยเฉพาะ
particularly;Adverb;B1;โดยเฉพาะ
partly;Adverb;B2;เป็นบางส่วน
partner;Noun;A1;หุ้นส่วน
party;Noun;A1;พรรค
pass;Verb , Noun;A2, B1;ผ่านไป
passage;Noun;B2;ทางเดิน
passenger;Noun;A2;ผู้โดยสาร
passion;Noun;B1;แรงผลักดัน
passport;Noun;A1;หนังสือเดินทาง
past;Adjective Noun prep., Adverb;A1, A2;อดีต
path;Noun;B1;เส้นทาง
patient;Noun, Adjective;A2, B2;อดทน
pattern;Noun;A2;แบบแผน
pay;Verb , Noun;A1, A2;การจ่ายเงิน
payment;Noun;B1;การชำระเงิน
peace;Noun;A2;ความสงบ
peaceful;Adjective;B1;เงียบสงบ
pen;Noun;A1;ปากกา
pencil;Noun;A1;ดินสอ
penny;Noun;A2;เงิน
pension;Noun;B2;เงินบำนาญ
people;Noun;A1;คน
pepper;Noun;A1;พริกไทย
per;prep.;A2;ต่อ
per cent;Noun Adjective /Adverb;A2;ร้อยละ
percentage;Noun;B1;ร้อยละ
perfect;Adjective;A1;สมบูรณ์
perfectly;Adverb;B1;อย่างสมบูรณ์
perform;Verb;A2;ปฏิบัติการ
performance;Noun;B1;ประสิทธิภาพ
perhaps;Adverb;A2;บางที
period;Noun;A1;ระยะเวลา
permanent;Adjective;B2;ถาวร
permission;Noun;A2;การอนุญาต
permit;Verb Noun;B2;ใบอนุญาต
person;Noun;A1;คน
personal;Adjective;A1;ส่วนบุคคล
personality;Noun;A2;บุคลิกภาพ
personally;Adverb;B1;ส่วนตัว
perspective;Noun;B2;มุมมอง
persuade;Verb;B1;ชักชวน
pet;Noun;A2;สัตว์เลี้ยง
petrol;Noun;A2;เบนซิน
phase;Noun;B2;ระยะ
phenomenon;Noun;B2;ปรากฏการณ์
philosophy;Noun;B2;ปรัชญา
phone;Noun Verb;A1;โทรศัพท์
photo;Noun;A1;ภาพถ่าย
photograph;Noun, Verb;A1, A2;ถ่ายภาพ
photographer;Noun;B1;ช่างภาพ
photography;Noun;B1;การถ่ายภาพ
phrase;Noun;A1;วลี
physical;Adjective;A2;กายภาพ
physics;Noun;A2;ฟิสิกส์
piano;Noun;A1;เปียโน
pick;Verb , Noun;A2, B2;เลือก
picture;Noun, Verb;A1, B2;ภาพ
piece;Noun;A1;ชิ้น
pig;Noun;A1;หมู
pile;Noun Verb;B2;กอง
pilot;Noun;A2;นักบิน
pin;Noun Verb;B1;หมุด
pink;Adjective Noun;A1;สีชมพู
pipe;Noun;B1;ท่อ
pitch;Noun;B2;ขว้าง
place;Noun Verb;A1, B1;สถานที่
plain;Adjective;B2;ที่ราบ
plan;Noun Verb;A1;วางแผน
plane;Noun;A1;เครื่องบิน
planet;Noun;A2;ดาวเคราะห์
planning;Noun;B1;การวางแผน
plant;Noun Verb;A1, A2;ปลูก
plastic;Noun Adjective;A2;พลาสติก
plate;Noun;A2;จาน
platform;Noun;A2;เวที
play;Verb Noun;A1;เล่น
player;Noun;A1;ผู้เล่น
pleasant;Adjective;B1;น่ารื่นรมย์
please;exclam., Verb;A1, A2;กรุณา
pleased;Adjective;A2;ยินดี
pleasure;Noun;B1;ความสุข
plenty;proNoun;B1;ความอุดมสมบูรณ์
plot;Noun, Verb;B1, B2;พล็อต
plus;prep., Adjective conj., Noun;B1, B2;บวก
pocket;Noun;A2;กระเป๋าเสื้อ
poem;Noun;B1;บทกวี
poet;Noun;B1;กวี
poetry;Noun;B1;บทกวี
point;Noun, Verb;A1, B1;จุด
pointed;Adjective;B2;แหลม
poison;Noun Verb;B1;ยาพิษ
poisonous;Adjective;B1;เป็นพิษ
police;Noun;A1;ตำรวจ
policeman;Noun;A1;ตร.
policy;Noun;B1;นโยบาย
polite;Adjective;A2;สุภาพ
political;Adjective;B1;ในทางการเมือง
politician;Noun;B1;นักการเมือง
politics;Noun;B1;การเมือง
pollution;Noun;A2;มลพิษ
pool;Noun;A1;สระ
poor;Adjective;A1;น่าสงสาร
pop;Noun Adjective;A2;ป๊อปอัพ
popular;Adjective;A1;เป็นที่นิยม
popularity;Noun;B2;ความนิยม
population;Noun;A2;ประชากร
port;Noun;B1;ท่าเรือ
portrait;Noun;B1;ภาพเหมือน
pose;Verb;B2;ก่อให้เกิด
position;Noun, Verb;A2, B2;ตำแหน่ง
positive;Adjective , Noun;A1, B2;บวก
possess;Verb;B2;มี
possession;Noun;A2;สมบัติ
possibility;Noun;A2;ความเป็นไปได้
possible;Adjective;A1;เป็นไปได้
possibly;Adverb;B1;อาจ
post;Noun Verb;A1;เสา
poster;Noun;A2;โปสเตอร์
pot;Noun;B1;หม้อ
potato;Noun;A1;มันฝรั่ง
potential;Adjective Noun;B2;ที่อาจเกิดขึ้น
pound;Noun;A1;ปอนด์
pour;Verb;B1;เท
poverty;Noun;B1;ความยากจน
powder;Noun;B1;ผง
power;Noun, Verb;A2, B2;อำนาจ
powerful;Adjective;B1;มีอำนาจ
practical;Adjective;B1;ประยุกต์
practice;Noun;A1;การปฏิบัติ
practise;Verb;A1;การปฏิบัติ
praise;Noun Verb;B2;สรรเสริญ
pray;Verb;B1;อธิษฐาน
prayer;Noun;B1;การอธิษฐาน
predict;Verb;A2;ทำนาย
prediction;Noun;B1;คาดการณ์
prefer;Verb;A1;ชอบ
pregnant;Adjective;B2;ตั้งครรภ์
preparation;Noun;B2;การจัดเตรียม
prepare;Verb;A1;เตรียมการ
prepared;Adjective;B1;ที่เตรียมไว้
presence;Noun;B2;การมี
present;Adjective Noun, Verb;A1, A2;นำเสนอ
presentation;Noun;B1;การเสนอ
preserve;Verb;B2;อนุรักษ์
president;Noun;A2;ประธาน
press;Verb Noun;B1;กด
pressure;Noun;B1;ความดัน
pretend;Verb;B1;แกล้งทำ
pretty;Adjective Adverb;A1;น่ารัก
prevent;Verb;A2;ป้องกัน
previous;Adjective;B1;ก่อน
previously;Adverb;B1;ก่อนหน้านี้
price;Noun, Verb;A1, B2;ราคา
priest;Noun;B1;พระสงฆ์
primary;Adjective;B1;ประถม
prime;Adjective;B2;สำคัญ
prince;Noun;B1;เจ้าชาย
princess;Noun;B1;เจ้าหญิง
principle;Noun;B2;หลัก
print;Verb , Noun;A2, B2;พิมพ์
printer;Noun;A2;เครื่องพิมพ์
printing;Noun;B1;การพิมพ์
priority;Noun;B2;จัดลำดับความสำคัญ
prison;Noun;A2;คุก
prisoner;Noun;B1;นักโทษ
privacy;Noun;B2;ความเป็นส่วนตัว
private;Adjective;B1;เอกชน
prize;Noun;A2;รางวัล
probably;Adverb;A1;อาจ
problem;Noun;A1;ปัญหา
procedure;Noun;B2;ขั้นตอน
process;Noun, Verb;A2, B2;กระบวนการ
produce;Verb , Verb;A2, B2;การผลิต
producer;Noun;B1;ผู้ผลิต
product;Noun;A1;สินค้า
production;Noun;B1;การผลิต
profession;Noun;B1;อาชีพ
professional;Adjective , Noun;A2, B2;มืออาชีพ
professor;Noun;A2;ศาสตราจารย์
profile;Noun;A2;ข้อมูลส่วนตัว
profit;Noun;B1;กำไร
program;Noun, Verb;A2, B1;โปรแกรม
programme;Noun;A1;โปรแกรม
progress;Noun, Verb;A2, B2;ความคืบหน้า
project;Noun, Verb;A1, B2;โครงการ
promise;Verb Noun;A2;คำมั่นสัญญา
promote;Verb;B1;ส่งเสริม
pronounce;Verb;A2;ออกเสียง
proof;Noun;B2;พิสูจน์
proper;Adjective;B1;เหมาะสม
properly;Adverb;B1;อย่างถูกต้อง
property;Noun;B1;คุณสมบัติ
proposal;Noun;B2;ข้อเสนอ
propose;Verb;B2;เสนอ
prospect;Noun;B2;โอกาส
protect;Verb;A2;ป้องกัน
protection;Noun;B2;การป้องกัน
protest;Noun Verb;B1;ประท้วง
proud;Adjective;B1;ภูมิใจ
prove;Verb;B1;พิสูจน์
provide;Verb;A2;ให้
psychologist;Noun;B2;นักจิตวิทยา
psychology;Noun;B2;จิตวิทยา
pub;Noun;A2;ผับ
public;Adjective Noun;A2;สาธารณะ
publication;Noun;B2;สิ่งพิมพ์
publish;Verb;A2;ประกาศ
pull;Verb , Noun;A2, B1;ดึง
punish;Verb;B1;ลงโทษ
punishment;Noun;B1;การลงโทษ
pupil;Noun;B2;นักเรียน
purchase;Noun Verb;B2;ซื้อ
pure;Adjective;B2;บริสุทธิ์
purple;Adjective Noun;A1;สีม่วง
purpose;Noun;A2;วัตถุประสงค์
pursue;Verb;B2;ไล่ตาม
push;Verb , Noun;A2, B1;ดัน
put;Verb;A1;ใส่
qualification;Noun;B1;คุณสมบัติ
qualified;Adjective;B1;มีคุณสมบัติ
qualify;Verb;B1;มีคุณสมบัติ
quality;Noun;A2;คุณภาพ
quantity;Noun;A2;ปริมาณ
quarter;Noun;A1;ย่าน
queen;Noun;A2;พระราชินี
question;Noun, Verb;A1, A2;คำถาม
queue;Noun Verb;B1;คิว
quick;Adjective;A1;รวดเร็ว
quickly;Adverb;A1;อย่างรวดเร็ว
quiet;Adjective;A1;เงียบ
quietly;Adverb;A2;เงียบ ๆ
quit;Verb;B1;เลิก
quite;Adverb;A1;ทีเดียว
quotation;Noun;B1;คำอ้างอิง
quote;Verb Noun;B1;อ้างอิง
race (competition);NounVerb;A2;การแข่งขัน (แข่งขัน)
race (people);Noun;B1;การแข่งขัน (คน)
racing;Noun;B1;การแข่งรถ
radio;Noun;A1;วิทยุ
railway;Noun;A2;ทางรถไฟ
rain;Noun Verb;A1;ฝน
raise;Verb;A2;ยก
range;Noun, Verb;B1, B2;พิสัย
rank;Noun Verb;B2;ยศ
rapid;Adjective;B2;รวดเร็ว
rapidly;Adverb;B2;อย่างรวดเร็ว
rare;Adjective;B1;หายาก
rarely;Adverb;B1;นาน ๆ ครั้ง
rate;Noun, Verb;A2, B2;ประเมินค่า
rather;Adverb;A2;ค่อนข้าง
raw;Adjective;B2;ดิบ
reach;Verb , Noun;A2, B2;การเข้าถึง
react;Verb;A2;เกิดปฏิกิริยา
reaction;Noun;B1;ปฏิกิริยา
read;Verb;A1;อ่าน
reader;Noun;A1;ผู้อ่าน
reading;Noun;A1;การอ่าน
ready;Adjective;A1;พร้อมแล้ว
real;Adjective;A1;จริง
realistic;Adjective;B2;เหมือนจริง
reality;Noun;B1;ความจริง
realize;Verb;A2;ตระหนัก
really;Adverb;A1;จริงๆ
reason;Noun;A1;เหตุผล
reasonable;Adjective;B2;มีเหตุผล
recall;Verb;B2;จำ
receipt;Noun;B1;ใบเสร็จรับเงิน
receive;Verb;A2;รับ
recent;Adjective;A2;เมื่อเร็ว ๆ นี้
recently;Adverb;A2;เมื่อเร็ว ๆ นี้
reception;Noun;A2;แผนกต้อนรับ
recipe;Noun;A2;สูตรอาหาร
recognize;Verb;A2;รับรู้
recommend;Verb;A2;แนะนำ
recommendation;Noun;B1;ข้อเสนอแนะ
record;Noun Verb;A2;บันทึก
recording;Noun;A2;การบันทึก
recover;Verb;B2;กู้
recycle;Verb;A2;รีไซเคิล
red;Adjective Noun;A1;สีแดง
reduce;Verb;A2;ลด
reduction;Noun;B2;การลดลง
refer;Verb;A2;อ้างถึง
reference;Noun;B1;การอ้างอิง
reflect;Verb;B1;สะท้อน
refuse;Verb;A2;ขยะ
regard;Verb Noun;B2;คำนึงถึง
region;Noun;A2;ภูมิภาค
regional;Adjective;B2;ของแคว้น
register;Verb Noun;B2;การลงทะเบียน
regret;Verb Noun;B2;เสียใจ
regular;Adjective;A2;ปกติ
regularly;Adverb;B1;สม่ำเสมอ
regulation;Noun;B2;ระเบียบข้อบังคับ
reject;Verb;B1;ปฏิเสธ
relate;Verb;B1;สัมพันธ์
related;Adjective;B1;ที่เกี่ยวข้อง
relation;Noun;B1;ความสัมพันธ์
relationship;Noun;A2;ความสัมพันธ์
relative;Adjective Noun;B1;ญาติ
relatively;Adverb;B2;สัมพัทธ์
relax;Verb;A1;ผ่อนคลาย
relaxed;Adjective;B1;ผ่อนคลาย
relaxing;Adjective;B1;ผ่อนคลาย
release;Verb Noun;B1;ปล่อย
relevant;Adjective;B2;ที่เกี่ยวข้อง
reliable;Adjective;B1;น่าเชื่อถือ
relief;Noun;B2;ความโล่งอก
religion;Noun;B1;ศาสนา
religious;Adjective;B1;เคร่งศาสนา
rely;Verb;B2;วางใจ
remain;Verb;B1;ยังคง
remark;Noun Verb;B2;สังเกต
remember;Verb;A1;จำ
remind;Verb;B1;เตือน
remote;Adjective;B1;ห่างไกล
remove;Verb;A2;ลบ
rent;Noun Verb;B1;เช่า
repair;Verb , Noun;A2, B1;ซ่อมแซม
repeat;Verb , Noun;A1, B1;ทำซ้ำ
repeated;Adjective;B1;ซ้ำแล้วซ้ำอีก
replace;Verb;A2;แทนที่
reply;Verb Noun;A2;ตอบ
report;Noun, Verb;A1, A2;รายงาน
reporter;Noun;A2;ผู้สื่อข่าว
represent;Verb;B1;แทน
representative;Noun Adjective;B2;ตัวแทน
reputation;Noun;B2;ชื่อเสียง
request;Noun, Verb;A2, B1;ขอร้อง
require;Verb;B1;จำเป็นต้อง
requirement;Noun;B2;ความต้องการ
rescue;Verb Noun;B2;กู้ภัย
research;Noun Verb;A2;วิจัย
researcher;Noun;A2;นักวิจัย
reservation;Noun;B1;การจองห้องพัก
reserve;Noun Verb;B2;สำรอง
resident;NounAdjective;B2;ผู้อยู่อาศัย
resist;Verb;B2;ต่อต้าน
resolve;Verb;B2;แก้ไข
resort;Noun;B2;รีสอร์ท
resource;Noun;B1;ทรัพยากร
respect;Noun Verb;B1;เคารพ
respond;Verb;A2;ตอบสนอง
response;Noun;A2;คำตอบ
responsibility;Noun;B1;ความรับผิดชอบ
responsible;Adjective;B1;รับผิดชอบ
rest (remaining part);Noun;A2;ส่วนที่เหลือ (ส่วนที่เหลือ)
rest (sleep/relax);Noun Verb;A2;ส่วนที่เหลือ (การนอนหลับ / ผ่อนคลาย)
restaurant;Noun;A1;ร้านอาหาร
result;Noun, Verb;A1, B1;ผลลัพธ์
retain;Verb;B2;รักษา
retire;Verb;B1;เกษียณอายุ
retired;Adjective;B1;ถอยออก
return;Verb Noun;A1;กลับ
reveal;Verb;B2;เปิดเผย
review;Noun Verb;A2;ทบทวน
revise;Verb;B1;แก้ไขใหม่
revolution;Noun;B2;การปฏิวัติ
reward;Noun Verb;B2;รางวัล
rhythm;Noun;B2;จังหวะ
rice;Noun;A1;ข้าว
rich;Adjective;A1;รวย
rid;Verb;B2;กำจัด
ride;Verb , Noun;A1, A2;นั่ง
right;Adjective Adverb Noun;A1;ขวา
ring;Noun;A2;แหวน
ring;Verb , Noun;A2, B1;แหวน
rise;Verb , Noun;A2, B1;ลุกขึ้น
risk;Noun Verb;B1;อันตราย
river;Noun;A1;แม่น้ำ
road;Noun;A1;ถนน
robot;Noun;B1;หุ่นยนต์
rock (stone);Noun;A2;ร็อค (หิน)
rock (music);Noun;A2;เพลงร็อค)
role;Noun;A2;บทบาท
roll;Verb Noun;B1;ม้วน
romantic;Adjective;B1;โรแมนติก
roof;Noun;A2;หลังคา
room;Noun;A1;ห้อง
root;Noun;B2;ราก
rope;Noun;B1;เชือก
rough;Adjective;B1;ขรุขระ
round;Adjective Adverb prep., Noun;A2, B2;รอบ
route;Noun;A2;เส้นทาง
routine;Noun, Adjective;A1, B2;กิจวัตรประจำวัน
row;Noun;B1;แถว
royal;Adjective;B1;หลวง
rub;Verb;B2;ถู
rubber;Noun Adjective;B2;ยาง
rubbish;Noun;A2;ขยะมูลฝอย
rude;Adjective;A2;หยาบ
rugby;Noun;B1;รักบี้
rule;Noun, Verb;A1, B1;กฎ
run;Verb , Noun;A1, A2;วิ่ง
runner;Noun;A2;ทางวิ่ง
running;Noun;A2;วิ่ง
rural;Adjective;B2;ชนบท
rush;Verb Noun;B2;วิ่ง
sad;Adjective;A1;เสียใจ
sadly;Adverb;A2;เศร้า
safe;Adjective;A2;ปลอดภัย
safety;Noun;B1;ความปลอดภัย
sail;Verb , Noun;A2, B1;แล่นเรือ
sailing;Noun;A2;การเดินเรือ
sailor;Noun;B1;กะลาสี
salad;Noun;A1;สลัด
salary;Noun;A2;เงินเดือน
sale;Noun;A2;การขาย
salt;Noun;A1;เกลือ
same;Adjective proNoun Adverb;A1;เหมือนกัน
sample;Noun, Verb;B1, B2;ตัวอย่าง
sand;Noun;B1;ทราย
sandwich;Noun;A1;แซนด์วิช
satellite;Noun;B2;ดาวเทียม
satisfied;Adjective;B2;ความพึงพอใจ
satisfy;Verb;B2;พอใจ
Saturday;Noun;A1;วันเสาร์
sauce;Noun;A2;ซอส
save;Verb;A2;บันทึก
saving;Noun;B2;ประหยัด
say;Verb;A1;พูด
scale;Noun;B2;ขนาด
scan;Verb;B1;การสแกน
scared;Adjective;A2;กลัว
scary;Adjective;A2;น่ากลัว
scene;Noun;A2;ฉาก
schedule;Noun, Verb;A2, B2;ตารางเวลา
scheme;Noun;B2;โครงการ
school;Noun;A1;โรงเรียน
science;Noun;A1;วิทยาศาสตร์
scientific;Adjective;B1;วิทยาศาสตร์
scientist;Noun;A1;นักวิทยาศาสตร์
score;Verb Noun;A2;คะแนน
scream;Verb Noun;B2;กรีดร้อง
screen;NounVerb;A2, B2;จอภาพ
script;Noun;B1;ต้นฉบับ
sculpture;Noun;B1;ประติมากรรม
sea;Noun;A1;ทะเล
search;Noun Verb;A2;ค้นหา
season;Noun;A2;ฤดู
seat;Noun Verb;A2, B2;ที่นั่ง
second1 (next after the first);et./ number, Adverb;A1, A2;second1 (ต่อไปหลังจากที่ครั้งแรก)
second1 (unit of time);Noun;A1;second1 (หน่วยเวลา)
secondary;Adjective;B1;รอง
secondly;Adverb;A2;ในประการที่สอง
secret;Adjective, Noun;A2;ความลับ
secretary;Noun;A2;เลขานุการ
section;Noun;A1;มาตรา
sector;Noun;B2;ภาค
secure;Verb Adjective;B2;ปลอดภัย
security;Noun;B1;ความปลอดภัย
see;Verb;A1;ดู
seed;Noun;B1;เมล็ดพันธุ์
seek;Verb;B2;แสวงหา
seem;Verb;A2;ดูเหมือน
select;Verb;B2;เลือก
selection;Noun;B2;การเลือก
self;Noun;B2;ตนเอง
sell;Verb;A1;ขาย
send;Verb;A1;ส่ง
senior;Adjective;B2;ระดับอาวุโส
sense;Noun Verb;A2, B2;ความรู้สึก
sensible;Adjective;B1;สมเหตุสมผล
sensitive;Adjective;B2;รู้สึกไว
sentence;Noun Verb;A1, B2;ประโยค
separate;Adjective, Verb;A2, B1;แยก
September;Noun;A1;กันยายน
sequence;Noun;B2;ลำดับ
series;Noun;A2;ชุด
serious;Adjective;A2;จริงจัง
seriously;Adverb;B1;อย่างจริงจัง
servant;Noun;B1;คนรับใช้
serve;Verb;A2;บริการ
service;Noun;A2;บริการ
session;Noun;B2;เซสชั่น
set (put);Verb;B1;ชุด (ใส่)
set (group);Noun;B1;ชุด (กลุ่ม)
setting;Noun;B1;การตั้งค่า
settle;Verb;B2;ชำระ
seven;number;A1;เจ็ด
seventeen;number;A1;สิบเจ็ด
seventy;number;A1;เจ็ดสิบ
several;det./proNoun;A2;หลาย
severe;Adjective;B2;รุนแรง
sex;Noun;B1;เพศ
sexual;Adjective;B1;ทางเพศ
shade;Noun;B2;ร่มเงา
shadow;Noun;B2;เงา
shake;Verb Noun;A2, B1;สั่น
shall;modal Verb;A2;จะต้อง
shallow;Adjective;B2;ตื้น
shame;Noun;B2;ความอัปยศ
shape;Noun Verb;A2, B2;รูปร่าง
share;Verb Noun;A1, B1;หุ้น
sharp;Adjective;B1;คม
she;proNoun;A1;เธอ
sheep;Noun;A1;แกะ
sheet;Noun;A2;แผ่น
shelf;Noun;B1;หิ้ง
shell;Noun;B1;เปลือก
shelter;Noun Verb;B2;ที่พักอาศัย
shift;Noun Verb;B1, B2;เปลี่ยน
shine;Verb;B1;เปล่งปลั่ง
shiny;Adjective;B1;มันเงา
ship;Noun Verb;A2, B2;เรือ
shirt;Noun;A1;เสื้อเชิ้ต
shock;Noun Verb;B2;ช็อก
shocked;Adjective;B2;ตกใจ
shoe;Noun;A1;รองเท้า
shoot;Verb;B1;ยิง
shooting;Noun;B2;การยิง
shop;Noun Verb;A1;ร้านขายของ
shopping;Noun;A1;ช้อปปิ้ง
short;Adjective;A1;สั้น
shot;Noun;B2;การถ่ายภาพ
should;modal Verb;A1;ควร
shoulder;Noun;A2;ไหล่
shout;Verb Noun;A2;เสียงร้อง
show;Verb Noun;A1;แสดง
shower;Noun;A1;ฝักบัว
shut;Verb Adjective;A2;ปิด
shy;Adjective;B1;อาย
sick;Adjective;A1;ป่วย
side;Noun;A2;ด้าน
sight;Noun;B1;สายตา
sign;Noun Verb;A2;สัญญาณ
signal;Noun Verb;B1;สัญญาณ
significant;Adjective;B2;สำคัญ
significantly;Adverb;B2;อย่างมีความหมาย
silence;Noun;B2;ความเงียบ
silent;Adjective;B1;เงียบ
silk;Noun;B2;ไหม
silly;Adjective;B1;โง่
silver;Noun Adjective;A2;เงิน
similar;Adjective;A1;คล้ายคลึงกัน
similarity;Noun;B1;ความคล้ายคลึงกัน
similarly;Adverb;B1;เหมือนกับ
simple;Adjective;A2;ง่าย
simply;Adverb;B1;ง่ายดาย
since;prep. conj., Adverb;A2, B1;ตั้งแต่
sincere;Adjective;B2;จริงใจ
sing;Verb;A1;ร้องเพลง
singer;Noun;A1;นักร้อง
singing;Noun;A2;การร้องเพลง
single;Adjective Noun;A2;เดียว
sink;Verb;B1;จม
sir;Noun;A2;ท่าน
sister;Noun;A1;น้องสาว
sit;Verb;A1;นั่ง
site;Noun;A2;เว็บไซต์
situation;Noun;A1;สถานการณ์
six;number;A1;หก
sixteen;number;A1;สิบหก
sixty;number;A1;หกสิบ
size;Noun;A2;ขนาด
ski;Verb Noun;A2;สกี
skiing;Noun;A2;การเล่นสกี
skill;Noun;A1;ความสามารถ
skin;Noun;A2;ผิว
skirt;Noun;A1;กระโปรง
sky;Noun;A2;ท้องฟ้า
slave;Noun;B2;ทาส
sleep;Verb , Noun;A1, A2;นอน
slice;Noun Verb;B1;ชิ้น
slide;Verb Noun;B2;สไลด์
slight;Adjective;B2;เล็กน้อย
slightly;Adverb;B1;เล็กน้อย
slip;Verb;B2;ลื่น
slope;Noun Verb;B2;ลาด
slow;Adjective , Verb;A1, B1;ช้า
slowly;Adverb;A2;ช้า
small;Adjective;A1;เล็ก
smart;Adjective;B1;ฉลาด
smartphone;Noun;A2;มาร์ทโฟน
smell;Verb Noun;A2;กลิ่น
smile;Verb Noun;A2;รอยยิ้ม
smoke;Noun Verb;A2;ควัน
smoking;Noun;A2;ที่สูบบุหรี่
smooth;Adjective;B1;เรียบ
snake;Noun;A1;งู
snow;Noun Verb;A1;หิมะ
so;Adverb conj.;A1;ดังนั้น
soap;Noun;A2;สบู่
soccer;Noun;A2;ฟุตบอล
social;Adjective;A2;สังคม
society;Noun;A2;สังคม
sock;Noun;A2;ถุงเท้า
soft;Adjective;A2;อ่อนนุ่ม
software;Noun;B1;ซอฟต์แวร์
soil;Noun;B1;ดิน
solar;Adjective;B2;แสงอาทิตย์
soldier;Noun;A2;ทหาร
solid;Adjective Noun;B1;ของแข็ง
solution;Noun;A2;สารละลาย
solve;Verb;A2;แก้
some;det. proNoun;A1;บาง
somebody;proNoun;A1;บางคน
someone;proNoun;A1;บางคน
something;proNoun;A1;บางสิ่งบางอย่าง
sometimes;Adverb;A1;บางครั้ง
somewhat;Adverb;B2;ค่อนข้าง
somewhere;Adverb proNoun;A2;บางแห่ง
son;Noun;A1;ลูกชาย
song;Noun;A1;เพลง
soon;Adverb;A1;ในไม่ช้า
sorry;Adjective exclam.;A1;ขอโทษ
sort;Noun, Verb;A2, B1;ประเภท
soul;Noun;B2;จิตวิญญาณ
sound;Noun Verb;A1;เสียง
soup;Noun;A1;ซุป
source;Noun;A2;แหล่ง
south;Noun Adjective Adverb;A1;ทางทิศใต้
southern;Adjective;B1;ทางใต้
space;Noun;A1;ช่องว่าง
speak;Verb;A1;พูด
speaker;Noun;A2;ผู้พูด
special;Adjective;A1;พิเศษ
specialist;Noun Adjective;B2;ผู้เชี่ยวชาญ
species;Noun;B2;สายพันธุ์
specific;Adjective;A2;โดยเฉพาะ
specifically;Adverb;B1;เฉพาะ
speech;Noun;A2;การพูด
speed;Noun, Verb;A2, B2;ความเร็ว
spell;Verb;A1;สะกด
spelling;Noun;A1;การสะกดคำ
spend;Verb;A1;ใช้จ่าย
spending;Noun;B1;การใช้จ่าย
spicy;Adjective;B1;รสจัด
spider;Noun;A2;แมงมุม
spirit;Noun;B1;วิญญาณ
spiritual;Adjective;B2;มโนมัย
split;Verb Noun;B2;แยก
spoken;Adjective;B1;พูด
sponsor;Verb Noun;B2;สปอนเซอร์
spoon;Noun;A2;ช้อน
sport;Noun;A1;กีฬา
spot;Noun, Verb;B1, B2;จุด
spread;Verb , Noun;B1, B2;การแพร่กระจาย
spring;Noun, Verb;A1, B1;ฤดูใบไม้ผลิ
square;Adjective Noun;A2;สี่เหลี่ยม
stable;Adjective;B2;มีเสถียรภาพ
stadium;Noun;B1;สนามกีฬา
staff;Noun;B1;บุคลากร
stage;Noun, Verb;A2, B2;เวที
stair;Noun;A2;บันได
stamp;Noun;A2;ประทับ
stand;Verb , Noun;A1, B2;ยืน
standard;Noun Adjective;B1;มาตรฐาน
star;Noun, Verb;A1, A2;ดาว
stare;Verb;B2;จ้อง
start;Verb , Noun;A1, A2;เริ่มต้น
state;Noun, Adjective , v;A2, B1;สถานะ
statement;Noun;A1;คำให้การ
station;Noun;A1;สถานี
statistic;Noun;B1;สถิติ
statue;Noun;B1;รูปปั้น
status;Noun;B2;สถานะ
stay;Verb , Noun;A1, A2;เข้าพัก
steady;Adjective;B2;มั่นคง
steal;Verb;A2;ขโมย
steel;Noun;B2;เหล็ก
steep;Adjective;B2;สูงชัน
step;Noun, Verb;A2, B2;ขั้นตอน
stick (push into/attach);Verb;B1;ติด (การผลักดันเข้า / แนบ)
stick (piece of wood);Noun;B1;ติด (ชิ้นส่วนของไม้)
sticky;Adjective;B2;เหนียว
stiff;Adjective;B2;แข็ง
still;Adverb , Adjective;A1, B1;ยังคง
stock;Noun;B2;คลังสินค้า
stomach;Noun;A2;กระเพาะอาหาร
stone;Noun;A2;หิน
stop;Verb Noun;A1;หยุด
store;Noun, Verb;A2, B1;เก็บ
storm;Noun;A2;พายุ
story;Noun;A1;เรื่องราว
straight;Adverb Adjective;A2;ตรง
strange;Adjective;A2;แปลก
stranger;Noun;B1;คนแปลกหน้า
strategy;Noun;A2;กลยุทธ์
stream;Noun;B2;กระแส
street;Noun;A1;ถนน
strength;Noun;B1;ความแข็งแรง
stress;Noun Verb;A2;ความตึงเครียด
stretch;Verb Noun;B2;ยืด
strict;Adjective;B2;เข้มงวด
strike;Verb Noun;B2;โจมตี
string;Noun;B1;เชือก
strong;Adjective;A1;แข็งแรง
strongly;Adverb;B1;เสถียร
structure;Noun, Verb;A2, B2;โครงสร้าง
struggle;Verb Noun;B2;การต่อสู้
student;Noun;A1;นักเรียน
studio;Noun;B1;สตูดิโอ
study;Noun Verb;A1;ศึกษา
stuff;Noun, Verb;B1, B2;สิ่ง
stupid;Adjective;A2;โง่
style;Noun;A1;สไตล์
subject;Noun, Adjective;A1, B2;เรื่อง
submit;Verb;B2;เสนอ
substance;Noun;B1;สสาร
succeed;Verb;A2;ประสบความสำเร็จ
success;Noun;A1;ความสำเร็จ
successful;Adjective;A2;ที่ประสบความสำเร็จ
successfully;Adverb;B1;ประสบความสำเร็จ
such;det./proNoun;A2;อย่างเช่น
sudden;Adjective;B1;ฉับพลัน
suddenly;Adverb;A2;ทันใดนั้น
suffer;Verb;B1;ประสบ
sugar;Noun;A1;น้ำตาล
suggest;Verb;A2;แนะนำ
suggestion;Noun;A2;ข้อเสนอแนะ
suit;Noun, Verb;A2, B1;สูท
suitable;Adjective;B1;เหมาะสม
sum;Noun Verb;B2;รวม
summarize;Verb;B1;สรุป
summary;Noun;B1;สรุป
summer;Noun;A1;ฤดูร้อน
sun;Noun;A1;ดวงอาทิตย์
Sunday;Noun;A1;วันอาทิตย์
supermarket;Noun;A1;ซุปเปอร์มาร์เก็ต
supply;Noun Verb;B1;จัดหา
support;Verb Noun;A2;สนับสนุน
supporter;Noun;B1;ผู้สนับสนุน
suppose;Verb;A2;สมมติ
sure;Adjective , Adverb;A1, A2;แน่ใจ
surely;Adverb;B1;อย่างแน่นอน
surface;Noun;B1;พื้นผิว
surgery;Noun;B2;ศัลยกรรม
surprise;Noun Verb;A2;แปลกใจ
surprised;Adjective;A2;ประหลาดใจ
surprising;Adjective;A2;น่าแปลกใจ
surround;Verb;B2;รอบทิศทาง
surrounding;Adjective;B2;ที่ล้อมรอบ
survey;Noun, Verb;A2, B2;สำรวจ
survive;Verb;B1;อยู่รอด
suspect;Verb Noun;B2;สงสัย
swear;Verb;B2;สาบาน
sweater;Noun;A1;เสื้อกันหนาว
sweep;Verb;B2;กวาด
sweet;Adjective Noun;A2;หวาน
swim;Verb , Noun;A1, B1;การว่ายน้ำ
swimming;Noun;A1;ว่ายน้ำ
switch;Verb , Noun;B1, B2;สวิตซ์
symbol;Noun;A2;สัญลักษณ์
sympathy;Noun;B2;ความเห็นอกเห็นใจ
symptom;Noun;B1;อาการ
system;Noun;A2;ระบบ
table;Noun;A1;ตาราง
tablet;Noun;A2;แท็บเล็ต
tail;Noun;B1;หาง
take;Verb;A1;เอา
tale;Noun;B2;นิทาน
talent;Noun;B1;ความสามารถพิเศษ
talented;Adjective;B1;มีความสามารถ
talk;Verb , Noun;A1, A2;การพูดคุย
tall;Adjective;A1;สูง
tank;Noun;B2;ถัง
tape;Noun;B1;เทป
target;Noun, Verb;A2, B2;เป้า
task;Noun;A2;งาน
taste;Noun Verb;A2;ลิ้มรส
tax;Noun Verb;B1;ภาษี
taxi;Noun;A1;รถแท็กซี่
tea;Noun;A1;ชา
teach;Verb;A1;สอน
teacher;Noun;A1;ครู
teaching;Noun;A2;การสอน
team;Noun;A1;ทีม
tear1;Verb Noun;B2;tear1
tear2;Noun;B2;tear2
technical;Adjective;B1;วิชาการ
technique;Noun;B1;เทคนิค
technology;Noun;A2;เทคโนโลยี
teenage;Adjective;A2;วัยรุ่น
teenager;Noun;A1;วัยโจ๋
telephone;Noun Verb;A1;โทรศัพท์
television;Noun;A1;โทรทัศน์
tell;Verb;A1;บอก
temperature;Noun;A2;อุณหภูมิ
temporary;Adjective;B2;ชั่วคราว
ten;number;A1;สิบ
tend;Verb;B1;มีแนวโน้ม
tennis;Noun;A1;เทนนิส
tent;Noun;B1;เต็นท์
term;Noun, Verb;A2, B2;วาระ
terrible;Adjective;A1;น่ากลัว
test;Noun Verb;A1;ทดสอบ
text;Noun, Verb;A1, A2;ข้อความ
than;conj.;A1;กว่า
thank;Verb;A1;ขอบคุณ
thanks;exclam. Noun;A1;ขอบคุณ
that;det. proNoun conj., Adverb;A1, B1;ที่
the;definite article;A1; 
theatre;Noun;A1;โรงละคร
their;det.;A1;ของพวกเขา
theirs;proNoun;B1;ของพวกเขา
them;proNoun;A1;พวกเขา
theme;Noun;B1;กระทู้
themselves;proNoun;A2;ตัวเอง
then;Adverb;A1;แล้วก็
theory;Noun;B1;ทฤษฎี
therapy;Noun;B2;การรักษาด้วย
there;Adverb;A1;ที่นั่น
therefore;Adverb;B1;ดังนั้น
they;proNoun;A1;พวกเขา
thick;Adjective;A2;หนา
thief;Noun;A2;ขโมย
thin;Adjective;A2;ผอม
thing;Noun;A1;สิ่ง
think;Verb;A1;คิด
thinking;Noun;A2;ความคิด
third;number, Noun;A1, A2;ที่สาม
thirsty;Adjective;A1;กระหายน้ำ
thirteen;number;A1;สิบสาม
thirty;number;A1;สามสิบ
this;det./proNoun, Adverb;A1, B1;นี้
though;conj. Adverb;B1;แม้
thought;Noun;A2;ความคิด
thousand;number;A1;พัน
threat;Noun;B2;การคุกคาม
threaten;Verb;B2;ขู่
three;number;A1;สาม
throat;Noun;B1;ลำคอ
through;prep. Adverb;A1;ตลอด
throughout;prep./Adverb;B1;ตลอด
throw;Verb;A2;โยน
Thursday;Noun;A1;วันพฤหัสบดี
thus;Adverb;B2;ดังนั้น
ticket;Noun;A1;ตั๋ว
tidy;Adjective v;A2;เรียบร้อย
tie;Verb Noun;A2;ผูก
tight;Adjective;B1;แน่น
till;conj./prep.;B1;จนถึง
time;Noun, Verb;A1, B2;เวลา
tin;Noun;B1;ดีบุก
tiny;Adjective;B1;ขนาดเล็ก
tip;Noun, Verb;A2, B1;ปลาย
tired;Adjective;A1;เหนื่อย
title;Noun;A1, B2;หัวข้อ
to;prep., infinitive marker;A1;ถึง
today;Adverb Noun;A1;ในวันนี้
toe;Noun;B1;นิ้วเท้า
together;Adverb;A1;ด้วยกัน
toilet;Noun;A1;ห้องน้ำ
tomato;Noun;A1;มะเขือเทศ
tomorrow;Adverb Noun;A1;วันพรุ่งนี้
tone;Noun;B2;โทน
tongue;Noun;B1;ลิ้น
tonight;Adverb n;A1;คืนนี้
too;Adverb;A1;เกินไป
tool;Noun;A2;เครื่องมือ
tooth;Noun;A1;ฟัน
top;Noun, Adjective;A2;ด้านบน
topic;Noun;A1;หัวข้อเรื่อง
total;Adjective Noun;B1;รวม
totally;Adverb;B1;โดยสิ้นเชิง
touch;Verb , Noun;A2, B1;สัมผัส
tough;Adjective;B2;ยาก
tour;Noun, Verb;A2, B1;การท่องเที่ยว
tourism;Noun;A2;การท่องเที่ยว
tourist;Noun;A1;นักท่องเที่ยว
towards;prep.;A2;ไปทาง
towel;Noun;A2;ผ้าขนหนู
tower;Noun;A2;หอคอย
town;Noun;A1;ตัวเมือง
toy;Noun, Adjective;A2;ของเล่น
track;Noun, Verb;A2, B2;ติดตาม
trade;Noun, Verb;B1;ค้า
tradition;Noun;A2;ประเพณี
traditional;Adjective;A2;แบบดั้งเดิม
traffic;Noun;A1;การจราจร
train;Noun, Verb;A1, A2;รถไฟ
trainer;Noun;A2;ผู้ฝึกสอน
training;Noun;A2;การอบรม
transfer;Verb Noun;B2;โอน
transform;Verb;B2;แปลง
transition;Noun;B2;การเปลี่ยนแปลง
translate;Verb;B1;แปลภาษา
translation;Noun;B1;การแปล
transport;Noun, Verb;A2, B1;ขนส่ง
travel;Verb Noun;A1;การท่องเที่ยว
traveller;Noun;A2;นักท่องเที่ยว
treat;Verb;B1;รักษา
treatment;Noun;B1;การรักษา
tree;Noun;A1;ต้นไม้
trend;Noun;B1;แนวโน้ม
trial;Noun;B2;การทดลอง
trick;Noun Verb;B1;เคล็ดลับ
trip;Noun, Verb;A1, B2;การเดินทาง
tropical;Adjective;B2;เขตร้อน
trouble;Noun, Verb;A2, B2;ปัญหา
trousers;Noun;A1;กางเกง
truck;Noun;A2;รถบรรทุก
TRUE;Adjective;A1;TRUE
truly;Adverb;B2;อย่างแท้จริง
trust;Noun Verb;B2;วางใจ
truth;Noun;B1;ความจริง
try;Verb , Noun;A1, B2;ลอง
T-shirt;Noun;A1;เสื้อยืดคอกลม
tube;Noun;B1;หลอด
Tuesday;Noun;A1;วันอังคาร
tune;Noun;B2;ทำนองเพลง
tunnel;Noun;B2;อุโมงค์
turn;Verb Noun;A1;กลับ
TV;Noun;A1;โทรทัศน์
twelve;number;A1;สิบสอง
twenty;number;A1;ยี่สิบ
twice;Adverb;A1;สองครั้ง
twin;Noun Adjective;A2;คู่
two;number;A1;สอง
type;Noun, Verb;A1, B1;ชนิด
typical;Adjective;A2;ตามแบบฉบับ
typically;Adverb;B1;เป็นปกติ
tyre;Noun;B1;ยาง
ugly;Adjective;B1;น่าเกลียด
ultimately;Adverb;B2;ในที่สุด
umbrella;Noun;A1;ร่ม
unable;Adjective;B1;ไม่สามารถ
uncle;Noun;A1;ลุง
uncomfortable;Adjective;B1;อึดอัด
unconscious;Adjective;B2;ไม่ได้สติ
under;prep. Adj;A1;ภายใต้
underground;Adjective Adverb;A2;ใต้ดิน
understand;Verb;A1;เข้าใจ
understanding;Noun;A2;ความเข้าใจ
underwear;Noun;B1;ชุดชั้นใน
unemployed;Adjective;B1;ว่างงาน
unemployment;Noun;B1;การว่างงาน
unexpected;Adjective;B2;ไม่คาดฝัน
unfair;Adjective;B1;ไม่ยุติธรรม
unfortunately;Adverb;A2;น่าเสียดาย
unhappy;Adjective;A2;ไม่มีความสุข
uniform;Noun;A2;เหมือนกัน
union;Noun;B1;สหภาพ
unique;Adjective;B2;เป็นเอกลักษณ์
unit;Noun;A2;หน่วย
united;Adjective;A2;ปึกแผ่น
universe;Noun;B2;จักรวาล
university;Noun;A1;มหาวิทยาลัย
unknown;Adjective;B2;ไม่ทราบ
unless;conj.;B1;เว้นแต่
unlike;prep.;B1;แตกต่าง
unlikely;Adjective;B1;ไม่แน่
unnecessary;Adjective;B1;ไม่จำเป็น
unpleasant;Adjective;B1;ไม่เป็นที่พอใจ
until;conj./prep.;A1;จนกระทั่ง
unusual;Adjective;A2;ผิดปกติ
up;Adverb proNoun;A1;ขึ้น
update;Verb Noun;B1;ปรับปรุง
upon;prep.;B1;เมื่อ
upper;Adjective;B2;บน
upset;Adjective v;B1;อารมณ์เสีย
upstairs;Adverb , Adjective;A1, A2;ชั้นบน
upwards;Adverb;B2;สูงกว่า
urban;Adjective;B2;ในเมือง
urge;Verb;B2;กระตุ้น
us;proNoun;A1;เรา
use;Verb , Noun;A1, A2;ใช้
used;Adjective;B1;ใช้
used to;modal Verb;A2;เคย
useful;Adjective;A1;มีประโยชน์
user;Noun;A2;ผู้ใช้งาน
usual;Adjective;A2;ตามปกติ
usually;Adverb;A1;มักจะ
vacation;Noun;A1;วันหยุด
valley;Noun;A2;หุบเขา
valuable;Adjective;B1;มีคุณค่า
value;Noun, Verb;B1, B2;ความคุ้มค่า
van;Noun;A2;รถตู้
variety;Noun;A2;ความหลากหลาย
various;Adjective;B1;ต่างๆ
vary;Verb;B2;แตกต่าง
vast;Adjective;B2;กว้างใหญ่
vegetable;Noun;A1;ผัก
vehicle;Noun;A2;พาหนะ
venue;Noun;B2;แห่ง
version;Noun;B1;รุ่น
very;Adverb , Adjective;A1, B1;มาก
via;prep.;B2;ผ่านทาง
victim;Noun;B1;เหยื่อ
victory;Noun;B2;ชัยชนะ
video;Noun;A1;วีดีโอ
view;Noun, Verb;A2,;ดู
viewer;Noun;B1;ผู้ชม
village;Noun;A1;หมู่บ้าน
violence;Noun;B2;ความรุนแรง
violent;Adjective;B1;รุนแรง
virtual;Adjective;B2;เสมือน
virus;Noun;A2;ไวรัส
vision;Noun;B2;วิสัยทัศน์
visit;Verb Noun;A1;เยือน
visitor;Noun;A1;ผู้มาเยือน
visual;Adjective;B2;ภาพ
vital;Adjective;B2;จำเป็น
vitamin;Noun;B2;วิตามิน
voice;Noun;A2;เสียงพูด
volume;Noun;B2;ปริมาณ
volunteer;Noun Verb;B1;อาสาสมัคร
vote;Noun Verb;B1;โหวต
wage;Noun;B2;ค่าจ้าง
wait;Verb , Noun;A1, A2;รอ
waiter;Noun;A1;บริกร
wake;Verb;A1;ปลุก
walk;Verb Noun;A1;เดิน
wall;Noun;A1;ผนัง
want;Verb;A1;ต้องการ
war;Noun;A2;สงคราม
warm;Adjective , v;A1, B1;อบอุ่น
warn;Verb;B1;เตือน
warning;Noun;B1;คำเตือน
wash;Verb , Noun;A1, A2;ล้าง
washing;Noun;A2;การซัก
waste;Noun v, Adjective;B1;ของเสีย
watch;Verb Noun;A1;ดู
water;Noun, Verb;A1, B1;น้ำ
wave;Noun;A2, B1;คลื่น
way;Noun;A1, B2;ทาง
we;proNoun;A1;เรา
weak;Adjective;A2;อ่อนแอ
weakness;Noun;B2;ความอ่อนแอ
wealth;Noun;B2;ความมั่งคั่ง
wealthy;Adjective;B2;ร่ำรวย
weapon;Noun;B1;อาวุธ
wear;Verb;A1;สวมใส่
weather;Noun;A1;สภาพอากาศ
web;Noun;A2;เว็บ
website;Noun;A1;เว็บไซต์
wedding;Noun;A2;งานแต่งงาน
Wednesday;Noun;A1;วันพุธ
week;Noun;A1;สัปดาห์
weekend;Noun;A1;สุดสัปดาห์
weigh;Verb;B1;ชั่งน้ำหนัก
weight;Noun;A2;น้ำหนัก
welcome;exclam. Verb Adjective , n;A1, A2;ยินดีต้อนรับ
well;Adverb , Adjective , exclam.;A1;ดี
west;Noun Adjective Adverb;A1;ทิศตะวันตก
western;Adjective;B1;ตะวันตก
wet;Adjective;A2;เปียก
what;proNoun/det.;A1;อะไร
whatever;det./proNoun;B1;อะไรก็ตาม
wheel;Noun;A2;ล้อ
when;Adverb proNounconj.;A1;เมื่อไหร่
whenever;conj.;B1;เมื่อไรก็ตาม
where;Adverb conj.;A1;ที่ไหน
whereas;conj.;B2;แต่ทว่า
wherever;conj.;B2;ที่ไหนก็ตาม
whether;conj.;B1;ว่า
which;proNoun/det.;A1;ที่
while;conj., Noun;A2, B1;ในขณะที่
whisper;Verb Noun;B2;กระซิบ
white;Adjective Noun;A1;ขาว
who;proNoun;A1;Who
whole;Adjective , n;A2, B1;ทั้งหมด
whom;proNoun;B2;ใคร
whose;det./proNoun;A2;ใคร
why;Adverb;A1;ทำไม
wide;Adjective;A2;กว้าง
widely;Adverb;B2;อย่างกว้างขวาง
wife;Noun;A1;ภรรยา
wild;Adjective;A2;ป่า
wildlife;Noun;B2;ธรรมชาติ
will;modal, Noun Verb;A1,;จะ
willing;Adjective;B2;เต็มใจ
win;Verb , Noun;A1, B1;ชนะ
wind1;Noun;A2;wind1
wind2;Verb;B2;wind2
window;Noun;A1;หน้าต่าง
wine;Noun;A1;ไวน์
wing;Noun;B1;ปีก
winner;Noun;A2;ผู้ชนะ
winter;Noun;A1;ฤดูหนาว
wire;Noun;B2;ลวด
wise;Adjective;B2;ฉลาด
wish;Verb Noun;A2;ประสงค์
with;prep.;A1;กับ
within;prep.;B1;ภายใน
without;prep.;A1;ไม่มี
witness;Noun Verb;B2;พยาน
woman;Noun;A1;หญิง
wonder;Verb Noun;B1;น่าแปลกใจ
wonderful;Adjective;A1;ยอดเยี่ยม
wood;Noun;A2;ไม้
wooden;Adjective;A2;ทำด้วยไม้
wool;Noun;B1;ขนสัตว์
word;Noun;A1;คำ
work;Verb Noun;A1;งาน
worker;Noun;A1;ผู้ปฏิบัติงาน
working;Adjective;A2;การทำงาน
world;Noun;A1;โลก
worldwide;Adjective Adverb;B1;ทั่วโลก
worried;Adjective;A2;กังวล
worry;Verb Noun;A2, B1;กังวล
worse;Adjective, AdVerb Noun;A2,B1, B2;แย่ลง
worst;Adjective, AdVerb;A2,B1, B2;แย่ที่สุด
worth;Adjective, Noun;B1, B2;คุ้มค่า
would;modal, Verb;A1;หากว่า
wound;Noun Verb;B2;บาดแผล
wow;exclam.;A2;ว้าว
wrap;Verv;B2;ห่อ
write;Verb;A1;เขียน
writer;Noun;A1;นักเขียน
writing;Noun;A1;การเขียน
written;Adjective;B1;เขียน
wrong;Adjective, AdVerb Noun;A1, B1, B2;ไม่ถูกต้อง
yard;Noun;B1;ลาน
yeah;exclam.;A1;ใช่
year;Noun;A1;ปี
yellow;Adjective, Noun;A1;สีเหลือง
yes;exclam.;A1;ใช่
yesterday;AdVerb Noun;A1;เมื่อวาน
yet;AdVerb conj.;A2, B2;ยัง
you;proNoun;A1;คุณ
young;Adjective, Noun;A1, B1;หนุ่มสาว
your;det.;A1;ของคุณ
yours;proNoun;A2;ของคุณ
yourself;proNoun;A1;ด้วยตัวคุณเอง
youth;Noun;B1;หนุ่ม
zero;number;A2;ศูนย์
zone;Noun;B2;โซน
